ISO-10303-21;
HEADER;
FILE_DESCRIPTION (( 'STEP AP214' ),
    '1' );
FILE_NAME ('Сборка1.STEP',
    '2024-09-19T07:58:25',
    ( 'User' ),
    ( '' ),
    'SwSTEP 2.0',
    'SolidWorks 2023',
    '' );
FILE_SCHEMA (( 'AUTOMOTIVE_DESIGN' ));
ENDSEC;

DATA;
#1 = DIRECTION ( 'NONE',  ( 1.000000000000000000, 0.000000000000000000, -0.000000000000000000 ) ) ;
#2 = EDGE_LOOP ( 'NONE', ( #187, #413, #816, #715 ) ) ;
#3 = FACE_OUTER_BOUND ( 'NONE', #2, .T. ) ;
#4 = DIRECTION ( 'NONE',  ( 0.000000000000000000, 0.000000000000000000, 1.000000000000000000 ) ) ;
#5 = CLOSED_SHELL ( 'NONE', ( #1109, #941, #550, #797, #1104, #339, #478, #503, #294, #459, #1036 ) ) ;
#6 = DIRECTION ( 'NONE',  ( 0.000000000000000000, 0.000000000000000000, 1.000000000000000000 ) ) ;
#7 = VECTOR ( 'NONE', #908, 1000.000000000000000 ) ;
#8 = VERTEX_POINT ( 'NONE', #1027 ) ;
#9 = AXIS2_PLACEMENT_3D ( 'NONE', #275, #1067, #293 ) ;
#10 = CARTESIAN_POINT ( 'NONE',  ( -0.5530920651181676639, 0.7197001410176052660, 2.500000000000000000 ) ) ;
#11 = ORIENTED_EDGE ( 'NONE', *, *, #257, .F. ) ;
#12 = ORIENTED_EDGE ( 'NONE', *, *, #983, .F. ) ;
#13 = DIRECTION ( 'NONE',  ( 0.000000000000000000, 0.000000000000000000, 1.000000000000000000 ) ) ;
#14 = EDGE_CURVE ( 'NONE', #76, #1130, #544, .T. ) ;
#15 = CARTESIAN_POINT ( 'NONE',  ( -0.7197001410176190328, 0.5530920651181794323, 2.500000000000000000 ) ) ;
#16 = ORIENTED_EDGE ( 'NONE', *, *, #664, .F. ) ;
#17 = FACE_OUTER_BOUND ( 'NONE', #423, .T. ) ;
#18 = LINE ( 'NONE', #638, #675 ) ;
#19 = EDGE_LOOP ( 'NONE', ( #394, #122, #1038, #896 ) ) ;
#20 = DIRECTION ( 'NONE',  ( -1.000000000000000000, 1.224646799147353207E-16, 0.000000000000000000 ) ) ;
#21 = CARTESIAN_POINT ( 'NONE',  ( -0.8737863986614948786, -0.5036189554870431628, 2.500000000000000000 ) ) ;
#22 = EDGE_CURVE ( 'NONE', #632, #987, #585, .T. ) ;
#23 = FACE_OUTER_BOUND ( 'NONE', #133, .T. ) ;
#24 = CIRCLE ( 'NONE', #858, 0.4500000000000000111 ) ;
#25 = EDGE_LOOP ( 'NONE', ( #457, #398 ) ) ;
#26 = CYLINDRICAL_SURFACE ( 'NONE', #160, 0.6250000000000000000 ) ;
#27 = AXIS2_PLACEMENT_3D ( 'NONE', #463, #808, #931 ) ;
#28 = CARTESIAN_POINT ( 'NONE',  ( -0.2355731183188235212, 0.8765753997249762230, 2.500000000000000000 ) ) ;
#29 = AXIS2_PLACEMENT_3D ( 'NONE', #244, #1044, #512 ) ;
#30 = EDGE_CURVE ( 'NONE', #802, #464, #139, .T. ) ;
#31 = EDGE_LOOP ( 'NONE', ( #1006, #576, #407, #91 ) ) ;
#32 = CARTESIAN_POINT ( 'NONE',  ( -0.6500000000000001332, 7.960204194457795477E-17, 0.6615223689149752895 ) ) ;
#33 = CARTESIAN_POINT ( 'NONE',  ( 0.9000000000000000222, 0.1178097002689568740, 2.500000000000000000 ) ) ;
#34 = CARTESIAN_POINT ( 'NONE',  ( -0.4532570599383386467, 0.7864077587953396398, 2.500000000000000000 ) ) ;
#35 = SURFACE_STYLE_USAGE ( .BOTH. , #577 ) ;
#36 = CARTESIAN_POINT ( 'NONE',  ( 0.7197001410176095959, 0.5530920651181759906, 2.500000000000000000 ) ) ;
#37 = CARTESIAN_POINT ( 'NONE',  ( 0.5036189554870366125, -0.8737863986614886613, 2.500000000000000000 ) ) ;
#38 = ORIENTED_EDGE ( 'NONE', *, *, #835, .T. ) ;
#39 = CARTESIAN_POINT ( 'NONE',  ( 0.000000000000000000, 0.000000000000000000, 2.500000000000000000 ) ) ;
#40 = CARTESIAN_POINT ( 'NONE',  ( 0.6145467390201955205, 0.7996668233528996250, 2.500000000000000000 ) ) ;
#41 = EDGE_CURVE ( 'NONE', #648, #930, #124, .T. ) ;
#42 = CARTESIAN_POINT ( 'NONE',  ( -0.1308996669654814982, -1.000000000000000222, 2.400000000000000355 ) ) ;
#43 = CIRCLE ( 'NONE', #401, 0.5500000000000001554 ) ;
#44 = AXIS2_PLACEMENT_3D ( 'NONE', #963, #178, #884 ) ;
#45 = EDGE_LOOP ( 'NONE', ( #312, #368 ) ) ;
#46 = CARTESIAN_POINT ( 'NONE',  ( -0.4500000000000000111, 5.510910596163088939E-17, 6.899999999999998579 ) ) ;
#47 = PRODUCT_DEFINITION_SHAPE ( 'NONE', 'NONE',  #195 ) ;
#48 = DIRECTION ( 'NONE',  ( -0.000000000000000000, -0.000000000000000000, -1.000000000000000000 ) ) ;
#49 = CARTESIAN_POINT ( 'NONE',  ( 0.8737863986614869960, 0.5036189554870371676, 2.500000000000000000 ) ) ;
#50 = DIRECTION ( 'NONE',  ( 1.000000000000000000, 0.000000000000000000, -0.000000000000000000 ) ) ;
#51 = EDGE_CURVE ( 'NONE', #383, #624, #295, .T. ) ;
#52 = ORIENTED_EDGE ( 'NONE', *, *, #205, .T. ) ;
#53 = CARTESIAN_POINT ( 'NONE',  ( -0.5523134356744739959, -0.7205809334633539454, 2.499999999999999556 ) ) ;
#54 = CARTESIAN_POINT ( 'NONE',  ( 0.000000000000000000, 0.000000000000000000, 2.000000000000000000 ) ) ;
#55 = CARTESIAN_POINT ( 'NONE',  ( -0.6145467390201880820, -0.7996668233529131697, 2.499999999999999112 ) ) ;
#56 = CARTESIAN_POINT ( 'NONE',  ( -0.2617479092431401200, 0.9739726663610832613, 2.400000000000000355 ) ) ;
#57 = ORIENTED_EDGE ( 'NONE', *, *, #22, .F. ) ;
#58 = APPLICATION_PROTOCOL_DEFINITION ( 'draft international standard', 'automotive_design', 1998, #678 ) ;
#59 = CARTESIAN_POINT ( 'NONE',  ( 0.5036189554870443841, 0.8737863986614882172, 2.400000000000000355 ) ) ;
#60 = CARTESIAN_POINT ( 'NONE',  ( -0.9739726663610837054, -0.2617479092431384546, 2.400000000000000355 ) ) ;
#61 = CIRCLE ( 'NONE', #453, 0.6250000000000000000 ) ;
#62 = ORIENTED_EDGE ( 'NONE', *, *, #559, .F. ) ;
#63 = EDGE_CURVE ( 'NONE', #930, #648, #43, .T. ) ;
#64 = CARTESIAN_POINT ( 'NONE',  ( -0.2617479092431390097, -0.9739726663610840385, 2.400000000000000355 ) ) ;
#65 = CARTESIAN_POINT ( 'NONE',  ( -1.000000000000000000, -0.2617993877991496854, 2.400000000000000355 ) ) ;
#66 = APPLICATION_PROTOCOL_DEFINITION ( 'draft international standard', 'automotive_design', 1998, #724 ) ;
#67 = PLANE ( 'NONE',  #434 ) ;
#68 = CARTESIAN_POINT ( 'NONE',  ( -0.1308996669654814982, -1.000000000000000222, 2.400000000000000355 ) ) ;
#69 = DIRECTION ( 'NONE',  ( 1.000000000000000000, 0.000000000000000000, 0.000000000000000000 ) ) ;
#70 = FACE_OUTER_BOUND ( 'NONE', #355, .T. ) ;
#71 = SHAPE_DEFINITION_REPRESENTATION ( #580, #1020 ) ;
#72 = FACE_OUTER_BOUND ( 'NONE', #1018, .T. ) ;
#73 = FACE_OUTER_BOUND ( 'NONE', #551, .T. ) ;
#74 = DIRECTION ( 'NONE',  ( 0.000000000000000000, 0.000000000000000000, 1.000000000000000000 ) ) ;
#75 = EDGE_CURVE ( 'NONE', #464, #1057, #780, .T. ) ;
#76 = VERTEX_POINT ( 'NONE', #519 ) ;
#77 = DIRECTION ( 'NONE',  ( 0.000000000000000000, 0.000000000000000000, 1.000000000000000000 ) ) ;
#78 = SHAPE_DEFINITION_REPRESENTATION ( #431, #782 ) ;
#79 = AXIS2_PLACEMENT_3D ( 'NONE', #264, #77, #150 ) ;
#80 = CARTESIAN_POINT ( 'NONE',  ( 0.9739726663610861479, -0.2617479092431340137, 2.400000000000000355 ) ) ;
#81 = AXIS2_PLACEMENT_3D ( 'NONE', #980, #182, #465 ) ;
#82 = DIRECTION ( 'NONE',  ( -0.000000000000000000, -0.000000000000000000, -1.000000000000000000 ) ) ;
#83 = DIRECTION ( 'NONE',  ( 0.000000000000000000, 0.000000000000000000, 1.000000000000000000 ) ) ;
#84 = ADVANCED_FACE ( 'NONE', ( #860, #72 ), #67, .F. ) ;
#85 = PRODUCT_DEFINITION_SHAPE ( 'NONE', 'NONE',  #1135 ) ;
#86 = DIRECTION ( 'NONE',  ( 1.000000000000000000, 0.000000000000000000, 0.000000000000000000 ) ) ;
#87 = FACE_BOUND ( 'NONE', #894, .T. ) ;
#88 = ORIENTED_EDGE ( 'NONE', *, *, #103, .T. ) ;
#89 = DIRECTION ( 'NONE',  ( 1.000000000000000000, 0.000000000000000000, 0.000000000000000000 ) ) ;
#90 = CARTESIAN_POINT ( 'NONE',  ( -0.4543134844211003109, -0.7858919812703768493, 2.499999999999999112 ) ) ;
#91 = ORIENTED_EDGE ( 'NONE', *, *, #184, .F. ) ;
#92 = ADVANCED_FACE ( 'NONE', ( #628 ), #985, .T. ) ;
#93 = CARTESIAN_POINT ( 'NONE',  ( -0.4000000000000000222, 0.000000000000000000, 0.000000000000000000 ) ) ;
#94 = DIRECTION ( 'NONE',  ( 1.000000000000000000, 0.000000000000000000, 0.000000000000000000 ) ) ;
#95 = EDGE_LOOP ( 'NONE', ( #611, #137 ) ) ;
#96 = CARTESIAN_POINT ( 'NONE',  ( 0.000000000000000000, 0.000000000000000000, 1.285714285714285809 ) ) ;
#97 = CARTESIAN_POINT ( 'NONE',  ( -0.7996668233529058423, -0.6145467390201826419, 2.499999999999999112 ) ) ;
#98 = UNCERTAINTY_MEASURE_WITH_UNIT (LENGTH_MEASURE( 1.000000000000000082E-05 ), #296, 'distance_accuracy_value', 'NONE');
#99 = B_SPLINE_CURVE_WITH_KNOTS ( 'NONE', 3,
 ( #435, #528, #1048, #272, #1065, #53, #90, #441, #357, #1058, #621, #880, #256, #614, #525, #697, #145, #498 ),
 .UNSPECIFIED., .F., .F.,
 ( 4, 2, 2, 2, 2, 2, 2, 2, 4 ),
 ( 0.5000000000000000000, 0.5625000000000000000, 0.6250000000000000000, 0.6875000000000000000, 0.7500000000000000000, 0.8125000000000000000, 0.8750000000000000000, 0.9375000000000000000, 1.000000000000000000 ),
 .UNSPECIFIED. ) ;
#100 = CARTESIAN_POINT ( 'NONE',  ( 0.000000000000000000, 0.000000000000000000, 6.799999999999999822 ) ) ;
#101 = CIRCLE ( 'NONE', #703, 0.4500000000000000111 ) ;
#102 = DIRECTION ( 'NONE',  ( 0.000000000000000000, 0.000000000000000000, 1.000000000000000000 ) ) ;
#103 = EDGE_CURVE ( 'NONE', #762, #987, #916, .T. ) ;
#104 = CIRCLE ( 'NONE', #251, 0.7500000000000001110 ) ;
#105 = ORIENTED_EDGE ( 'NONE', *, *, #579, .T. ) ;
#106 = PRESENTATION_STYLE_ASSIGNMENT (( #1085 ) ) ;
#107 = AXIS2_PLACEMENT_3D ( 'NONE', #313, #661, #499 ) ;
#108 = ORIENTED_EDGE ( 'NONE', *, *, #600, .T. ) ;
#109 = CARTESIAN_POINT ( 'NONE',  ( 0.8765753997249796647, -0.2355731183188238542, 2.500000000000000000 ) ) ;
#110 = CARTESIAN_POINT ( 'NONE',  ( 0.000000000000000000, 0.000000000000000000, 2.000000000000000000 ) ) ;
#111 = CYLINDRICAL_SURFACE ( 'NONE', #27, 0.6250000000000000000 ) ;
#112 = VERTEX_POINT ( 'NONE', #93 ) ;
#113 = CARTESIAN_POINT ( 'NONE',  ( 0.4000000000000000222, 4.898587196589413075E-17, 0.000000000000000000 ) ) ;
#114 = CARTESIAN_POINT ( 'NONE',  ( 0.4532570599383342613, -0.7864077587953429704, 2.500000000000000000 ) ) ;
#115 = ORIENTED_EDGE ( 'NONE', *, *, #41, .F. ) ;
#116 = CARTESIAN_POINT ( 'NONE',  ( 0.000000000000000000, 0.000000000000000000, 6.899999999999998579 ) ) ;
#117 = CARTESIAN_POINT ( 'NONE',  ( 0.2345166938360600528, 0.8770911772499383474, 2.500000000000000000 ) ) ;
#118 = ORIENTED_EDGE ( 'NONE', *, *, #579, .F. ) ;
#119 = LINE ( 'NONE', #384, #1064 ) ;
#120 = CARTESIAN_POINT ( 'NONE',  ( -0.7996668233529136138, 0.6145467390201941882, 2.499999999999999112 ) ) ;
#121 = ADVANCED_FACE ( 'NONE', ( #17 ), #989, .T. ) ;
#122 = ORIENTED_EDGE ( 'NONE', *, *, #680, .T. ) ;
#123 = SHAPE_REPRESENTATION_RELATIONSHIP ( 'NONE' , 'NONE' ,  #1020, #330 ) ;
#124 = CIRCLE ( 'NONE', #763, 0.5500000000000001554 ) ;
#125 =( NAMED_UNIT ( * ) PLANE_ANGLE_UNIT ( ) SI_UNIT ( $, .RADIAN. ) );
#126 = AXIS2_PLACEMENT_3D ( 'NONE', #971, #1032, #260 ) ;
#127 = CARTESIAN_POINT ( 'NONE',  ( 0.7197001410176095959, 0.5530920651181759906, 2.500000000000000000 ) ) ;
#128 = PRODUCT_DEFINITION ( 'UNKNOWN', '', #616, #148 ) ;
#129 = FILL_AREA_STYLE_COLOUR ( '', #234 ) ;
#130 = CARTESIAN_POINT ( 'NONE',  ( 6.018531076210112041E-33, 0.000000000000000000, 4.614285714285713880 ) ) ;
#131 = CARTESIAN_POINT ( 'NONE',  ( 0.9000000000000000222, 0.000000000000000000, 2.500000000000000000 ) ) ;
#132 = CARTESIAN_POINT ( 'NONE',  ( 0.2617479092431386767, -0.9739726663610835944, 2.400000000000000355 ) ) ;
#133 = EDGE_LOOP ( 'NONE', ( #298, #276, #738, #891 ) ) ;
#134 = DIRECTION ( 'NONE',  ( 0.000000000000000000, 0.000000000000000000, 1.000000000000000000 ) ) ;
#135 = CARTESIAN_POINT ( 'NONE',  ( -0.9739726663610848156, 0.2617479092431362342, 2.499999999999999112 ) ) ;
#136 = CARTESIAN_POINT ( 'NONE',  ( 1.000000000000000000, 0.000000000000000000, 2.400000000000000355 ) ) ;
#137 = ORIENTED_EDGE ( 'NONE', *, *, #442, .T. ) ;
#138 =( NAMED_UNIT ( * ) PLANE_ANGLE_UNIT ( ) SI_UNIT ( $, .RADIAN. ) );
#139 = LINE ( 'NONE', #842, #336 ) ;
#140 = CARTESIAN_POINT ( 'NONE',  ( 0.9000000000000000222, -0.1178097002689569989, 2.500000000000000000 ) ) ;
#141 = EDGE_CURVE ( 'NONE', #713, #583, #466, .T. ) ;
#142 = CARTESIAN_POINT ( 'NONE',  ( 0.000000000000000000, 0.000000000000000000, 2.500000000000000000 ) ) ;
#143 = CIRCLE ( 'NONE', #1115, 0.09999999999999999167 ) ;
#144 = EDGE_LOOP ( 'NONE', ( #331, #925 ) ) ;
#145 = CARTESIAN_POINT ( 'NONE',  ( 0.8999999999999999112, -0.1195364939310328001, 2.500000000000000000 ) ) ;
#146 = CARTESIAN_POINT ( 'NONE',  ( -0.1178097002689333789, -0.9000000000000000222, 2.500000000000000000 ) ) ;
#147 = CARTESIAN_POINT ( 'NONE',  ( -1.000000000000000000, 0.2617993877991492968, 2.400000000000000355 ) ) ;
#148 = PRODUCT_DEFINITION_CONTEXT ( 'detailed design', #678, 'design' ) ;
#149 = ORIENTED_EDGE ( 'NONE', *, *, #909, .F. ) ;
#150 = DIRECTION ( 'NONE',  ( 1.000000000000000000, 0.000000000000000000, 0.000000000000000000 ) ) ;
#151 = APPLICATION_PROTOCOL_DEFINITION ( 'draft international standard', 'automotive_design', 1998, #186 ) ;
#152 = CARTESIAN_POINT ( 'NONE',  ( 0.8765753997249804419, 0.2355731183188223277, 2.500000000000000000 ) ) ;
#153 = CARTESIAN_POINT ( 'NONE',  ( 1.000000000000000000, -0.1308996669655078382, 2.400000000000000355 ) ) ;
#154 = EDGE_CURVE ( 'NONE', #852, #911, #377, .T. ) ;
#155 = VERTEX_POINT ( 'NONE', #617 ) ;
#156 = CARTESIAN_POINT ( 'NONE',  ( -1.000000000000000000, 0.1308996669654831080, 2.400000000000000355 ) ) ;
#157 = FACE_OUTER_BOUND ( 'NONE', #1062, .T. ) ;
#158 = VECTOR ( 'NONE', #752, 1000.000000000000000 ) ;
#159 = AXIS2_PLACEMENT_3D ( 'NONE', #96, #645, #902 ) ;
#160 = AXIS2_PLACEMENT_3D ( 'NONE', #356, #188, #799 ) ;
#161 = CARTESIAN_POINT ( 'NONE',  ( -0.5036189554870401652, 0.8737863986614897716, 2.400000000000000355 ) ) ;
#162 = CYLINDRICAL_SURFACE ( 'NONE', #990, 0.7500000000000001110 ) ;
#163 = CARTESIAN_POINT ( 'NONE',  ( 0.4500000000000000111, 0.000000000000000000, 6.899999999999998579 ) ) ;
#164 = EDGE_CURVE ( 'NONE', #383, #1084, #1059, .T. ) ;
#165 = DIRECTION ( 'NONE',  ( -1.000000000000000000, 1.224646799147353454E-16, 0.000000000000000000 ) ) ;
#166 = DIRECTION ( 'NONE',  ( 0.000000000000000000, 0.000000000000000000, 1.000000000000000000 ) ) ;
#167 = APPLICATION_PROTOCOL_DEFINITION ( 'draft international standard', 'automotive_design', 1998, #698 ) ;
#168 = CARTESIAN_POINT ( 'NONE',  ( 0.8737863986614864409, -0.5036189554870481588, 2.400000000000000355 ) ) ;
#169 = EDGE_CURVE ( 'NONE', #719, #770, #101, .T. ) ;
#170 = CARTESIAN_POINT ( 'NONE',  ( 1.000000000000000000, 6.123233995736766036E-17, 2.400000000000000355 ) ) ;
#171 = CARTESIAN_POINT ( 'NONE',  ( 0.9000000000000000222, 0.000000000000000000, 2.500000000000000000 ) ) ;
#172 = AXIS2_PLACEMENT_3D ( 'NONE', #110, #807, #443 ) ;
#173 = VECTOR ( 'NONE', #74, 1000.000000000000000 ) ;
#174 = TOROIDAL_SURFACE ( 'NONE', #475, 0.09999999999999999167, 0.3499999999999999778 ) ;
#175 = DIRECTION ( 'NONE',  ( 0.000000000000000000, 0.000000000000000000, 1.000000000000000000 ) ) ;
#176 = EDGE_LOOP ( 'NONE', ( #427, #907, #11, #1110 ) ) ;
#177 = CARTESIAN_POINT ( 'NONE',  ( 1.000000000000000000, -0.2617993877991491858, 2.400000000000000355 ) ) ;
#178 = DIRECTION ( 'NONE',  ( 0.000000000000000000, 0.000000000000000000, 1.000000000000000000 ) ) ;
#179 = CARTESIAN_POINT ( 'NONE',  ( 0.000000000000000000, 0.000000000000000000, 1.285714285714285809 ) ) ;
#180 = DIRECTION ( 'NONE',  ( 0.000000000000000000, 0.000000000000000000, 1.000000000000000000 ) ) ;
#181 = VERTEX_POINT ( 'NONE', #1076 ) ;
#182 = DIRECTION ( 'NONE',  ( -0.000000000000000000, -0.000000000000000000, 1.000000000000000000 ) ) ;
#183 = CARTESIAN_POINT ( 'NONE',  ( -0.2355731183188237987, -0.8765753997249732254, 2.500000000000000000 ) ) ;
#184 = EDGE_CURVE ( 'NONE', #630, #984, #895, .T. ) ;
#185 = CARTESIAN_POINT ( 'NONE',  ( 0.000000000000000000, 0.000000000000000000, 6.999999999999999112 ) ) ;
#186 = APPLICATION_CONTEXT ( 'automotive_design' ) ;
#187 = ORIENTED_EDGE ( 'NONE', *, *, #303, .F. ) ;
#188 = DIRECTION ( 'NONE',  ( -0.000000000000000000, -0.000000000000000000, -1.000000000000000000 ) ) ;
#189 = CARTESIAN_POINT ( 'NONE',  ( -0.5036189554870404983, 0.8737863986614904377, 2.500000000000000444 ) ) ;
#190 = ORIENTED_EDGE ( 'NONE', *, *, #396, .T. ) ;
#191 = DIRECTION ( 'NONE',  ( 0.000000000000000000, 0.000000000000000000, -1.000000000000000000 ) ) ;
#192 = VECTOR ( 'NONE', #694, 1000.000000000000000 ) ;
#193 = CARTESIAN_POINT ( 'NONE',  ( -0.9000000000000000222, 1.084202172485504434E-16, 2.500000000000000000 ) ) ;
#194 = B_SPLINE_CURVE_WITH_KNOTS ( 'NONE', 3,
 ( #700, #449, #1060, #618, #367, #796, #906, #117, #286, #540, #803, #973, #893, #978, #279, #629, #986, #193 ),
 .UNSPECIFIED., .F., .F.,
 ( 4, 2, 2, 2, 2, 2, 2, 2, 4 ),
 ( 0.000000000000000000, 0.06250000000000000000, 0.1250000000000000000, 0.1875000000000000000, 0.2500000000000000000, 0.3125000000000000000, 0.3750000000000000000, 0.4375000000000000000, 0.5000000000000000000 ),
 .UNSPECIFIED. ) ;
#195 = PRODUCT_DEFINITION ( 'UNKNOWN', '', #676, #216 ) ;
#196 = CIRCLE ( 'NONE', #876, 0.7500000000000001110 ) ;
#197 = ORIENTED_EDGE ( 'NONE', *, *, #962, .F. ) ;
#198 = CARTESIAN_POINT ( 'NONE',  ( -0.4500000000000000111, 5.510910596163088939E-17, 6.899999999999998579 ) ) ;
#199 = CARTESIAN_POINT ( 'NONE',  ( -0.9739726663610848156, 0.2617479092431362342, 2.499999999999999112 ) ) ;
#200 = EDGE_LOOP ( 'NONE', ( #671, #337, #932, #755 ) ) ;
#201 = LINE ( 'NONE', #972, #192 ) ;
#202 = LINE ( 'NONE', #791, #687 ) ;
#203 = EDGE_LOOP ( 'NONE', ( #593, #732 ) ) ;
#204 = DIRECTION ( 'NONE',  ( -0.000000000000000000, -0.000000000000000000, -1.000000000000000000 ) ) ;
#205 = EDGE_CURVE ( 'NONE', #76, #112, #795, .T. ) ;
#206 = CARTESIAN_POINT ( 'NONE',  ( 0.1178097002689347250, 0.9000000000000000222, 2.500000000000000000 ) ) ;
#207 = VERTEX_POINT ( 'NONE', #347 ) ;
#208 = DIRECTION ( 'NONE',  ( -0.000000000000000000, -0.000000000000000000, -1.000000000000000000 ) ) ;
#209 =( NAMED_UNIT ( * ) PLANE_ANGLE_UNIT ( ) SI_UNIT ( $, .RADIAN. ) );
#210 = DIRECTION ( 'NONE',  ( 1.000000000000000000, 0.000000000000000000, 0.000000000000000000 ) ) ;
#211 = CARTESIAN_POINT ( 'NONE',  ( 0.2617479092431357901, 0.9739726663610895896, 2.499999999999999112 ) ) ;
#212 = VECTOR ( 'NONE', #609, 1000.000000000000000 ) ;
#213 = CARTESIAN_POINT ( 'NONE',  ( 0.1178097002689362655, -0.9000000000000000222, 2.500000000000000000 ) ) ;
#214 = CIRCLE ( 'NONE', #603, 0.09999999999999999167 ) ;
#215 = CARTESIAN_POINT ( 'NONE',  ( 0.1308996669654830247, 1.000000000000000000, 2.400000000000000355 ) ) ;
#216 = PRODUCT_DEFINITION_CONTEXT ( 'detailed design', #739, 'design' ) ;
#217 = ORIENTED_EDGE ( 'NONE', *, *, #494, .T. ) ;
#218 = FACE_OUTER_BOUND ( 'NONE', #710, .T. ) ;
#219 = DIRECTION ( 'NONE',  ( 0.000000000000000000, 0.000000000000000000, 1.000000000000000000 ) ) ;
#220 = CARTESIAN_POINT ( 'NONE',  ( -0.6145467390201826419, 0.7996668233528997360, 2.499999999999999112 ) ) ;
#221 = CARTESIAN_POINT ( 'NONE',  ( 0.1308996669654847178, -1.000000000000000000, 2.500000000000000444 ) ) ;
#222 = EDGE_CURVE ( 'NONE', #630, #500, #24, .T. ) ;
#223 = ORIENTED_EDGE ( 'NONE', *, *, #376, .T. ) ;
#224 = DIRECTION ( 'NONE',  ( 0.000000000000000000, 0.000000000000000000, 1.000000000000000000 ) ) ;
#225 = CARTESIAN_POINT ( 'NONE',  ( -0.5530920651181731040, -0.7197001410176188108, 2.500000000000000000 ) ) ;
#226 = CARTESIAN_POINT ( 'NONE',  ( 0.6145467390201927449, -0.7996668233529018455, 2.400000000000000355 ) ) ;
#227 = EDGE_LOOP ( 'NONE', ( #826, #497, #882, #280 ) ) ;
#228 = FACE_BOUND ( 'NONE', #45, .T. ) ;
#229 =( NAMED_UNIT ( * ) SI_UNIT ( $, .STERADIAN. ) SOLID_ANGLE_UNIT ( ) );
#230 = CARTESIAN_POINT ( 'NONE',  ( -0.8765753997249742246, -0.2355731183188246314, 2.500000000000000000 ) ) ;
#231 = ADVANCED_FACE ( 'NONE', ( #529 ), #892, .T. ) ;
#232 = CLOSED_SHELL ( 'NONE', ( #511, #1043, #425, #689, #592, #693, #231, #924, #702, #92, #282, #84, #588, #1011, #785, #271, #429, #518, #121, #870 ) ) ;
#233 = DIRECTION ( 'NONE',  ( -1.000000000000000000, 0.000000000000000000, 0.000000000000000000 ) ) ;
#234 = COLOUR_RGB ( '',1.000000000000000000, 0.8117647058823529438, 0.5019607843137254832 ) ;
#235 = CIRCLE ( 'NONE', #9, 0.1999999999999996503 ) ;
#236 = SHAPE_REPRESENTATION ( '\X2\0414043504420430043b044c\X0\1', ( #309 ), #968 ) ;
#237 = AXIS2_PLACEMENT_3D ( 'NONE', #1119, #469, #444 ) ;
#238 = ORIENTED_EDGE ( 'NONE', *, *, #828, .T. ) ;
#239 = CARTESIAN_POINT ( 'NONE',  ( 0.000000000000000000, 0.000000000000000000, 2.000000000000000000 ) ) ;
#240 = CARTESIAN_POINT ( 'NONE',  ( -1.000000000000000000, 0.1308996669654831080, 2.500000000000000444 ) ) ;
#241 = EDGE_CURVE ( 'NONE', #911, #155, #201, .T. ) ;
#242 = CARTESIAN_POINT ( 'NONE',  ( 0.8737863986614812228, -0.5036189554870461604, 2.499999999999974243 ) ) ;
#243 = ORIENTED_EDGE ( 'NONE', *, *, #22, .T. ) ;
#244 = CARTESIAN_POINT ( 'NONE',  ( 0.000000000000000000, 0.000000000000000000, 0.000000000000000000 ) ) ;
#245 = CARTESIAN_POINT ( 'NONE',  ( 0.000000000000000000, 0.000000000000000000, 0.000000000000000000 ) ) ;
#246 = CARTESIAN_POINT ( 'NONE',  ( -0.9739726663610837054, -0.2617479092431384546, 2.400000000000000355 ) ) ;
#247 = CARTESIAN_POINT ( 'NONE',  ( 0.000000000000000000, 0.000000000000000000, 0.000000000000000000 ) ) ;
#248 = CARTESIAN_POINT ( 'NONE',  ( 0.9739726663610851487, 0.2617479092431353460, 2.400000000000000355 ) ) ;
#249 = CARTESIAN_POINT ( 'NONE',  ( 0.000000000000000000, 0.000000000000000000, 6.999999999999999112 ) ) ;
#250 = AXIS2_PLACEMENT_3D ( 'NONE', #245, #438, #864 ) ;
#251 = AXIS2_PLACEMENT_3D ( 'NONE', #433, #1051, #69 ) ;
#252 = CIRCLE ( 'NONE', #382, 1.000000000000000000 ) ;
#253 = APPLICATION_PROTOCOL_DEFINITION ( 'draft international standard', 'automotive_design', 1998, #776 ) ;
#254 = DIRECTION ( 'NONE',  ( 1.000000000000000000, 0.000000000000000000, 0.000000000000000000 ) ) ;
#255 = FACE_OUTER_BOUND ( 'NONE', #391, .T. ) ;
#256 = CARTESIAN_POINT ( 'NONE',  ( 0.5522112726724281995, -0.7204787704613143662, 2.499999999999999556 ) ) ;
#257 = EDGE_CURVE ( 'NONE', #987, #632, #652, .T. ) ;
#258 = DIRECTION ( 'NONE',  ( -1.000000000000000000, 0.000000000000000000, 0.000000000000000000 ) ) ;
#259 = CARTESIAN_POINT ( 'NONE',  ( 1.000000000000000000, 0.2617993877991497964, 2.400000000000000355 ) ) ;
#260 = DIRECTION ( 'NONE',  ( -1.000000000000000000, 0.000000000000000000, 0.000000000000000000 ) ) ;
#261 = DIRECTION ( 'NONE',  ( 1.000000000000000000, 0.000000000000000000, 0.000000000000000000 ) ) ;
#262 = CARTESIAN_POINT ( 'NONE',  ( 1.000000000000000000, 0.1308996669655076717, 2.400000000000000355 ) ) ;
#263 = CARTESIAN_POINT ( 'NONE',  ( -1.000000000000000000, -5.470204413439128743E-17, 2.400000000000000355 ) ) ;
#264 = CARTESIAN_POINT ( 'NONE',  ( 0.000000000000000000, 0.000000000000000000, 1.185714285714285721 ) ) ;
#265 = AXIS2_PLACEMENT_3D ( 'NONE', #100, #361, #284 ) ;
#266 = AXIS2_PLACEMENT_3D ( 'NONE', #532, #863, #165 ) ;
#267 = AXIS2_PLACEMENT_3D ( 'NONE', #1004, #289, #210 ) ;
#268 = CARTESIAN_POINT ( 'NONE',  ( 0.000000000000000000, 0.000000000000000000, 1.285714285714285809 ) ) ;
#269 = CARTESIAN_POINT ( 'NONE',  ( 0.09999999999999999167, 0.000000000000000000, 3.285714285714286031 ) ) ;
#270 = ORIENTED_EDGE ( 'NONE', *, *, #1055, .T. ) ;
#271 = ADVANCED_FACE ( 'NONE', ( #23 ), #1095, .F. ) ;
#272 = CARTESIAN_POINT ( 'NONE',  ( -0.7860254636652217464, -0.4543687746394375337, 2.499999999999999556 ) ) ;
#273 = UNCERTAINTY_MEASURE_WITH_UNIT (LENGTH_MEASURE( 1.000000000000000082E-05 ), #1003, 'distance_accuracy_value', 'NONE');
#274 = CARTESIAN_POINT ( 'NONE',  ( 0.000000000000000000, 0.000000000000000000, 2.500000000000000000 ) ) ;
#275 = CARTESIAN_POINT ( 'NONE',  ( 0.5500000000000001554, 0.000000000000000000, 6.799999999999999822 ) ) ;
#276 = ORIENTED_EDGE ( 'NONE', *, *, #164, .T. ) ;
#277 = CARTESIAN_POINT ( 'NONE',  ( -0.7864077587953419712, 0.4532570599383433096, 2.500000000000000000 ) ) ;
#278 = DIRECTION ( 'NONE',  ( 0.000000000000000000, -1.000000000000000000, 0.000000000000000000 ) ) ;
#279 = CARTESIAN_POINT ( 'NONE',  ( -0.7858919812703770713, 0.4543134844211005330, 2.500000000000000000 ) ) ;
#280 = ORIENTED_EDGE ( 'NONE', *, *, #241, .F. ) ;
#281 = DIRECTION ( 'NONE',  ( -0.000000000000000000, -0.000000000000000000, -1.000000000000000000 ) ) ;
#282 = ADVANCED_FACE ( 'NONE', ( #936, #1019 ), #814, .T. ) ;
#283 = ORIENTED_EDGE ( 'NONE', *, *, #749, .T. ) ;
#284 = DIRECTION ( 'NONE',  ( 1.000000000000000000, 0.000000000000000000, 0.000000000000000000 ) ) ;
#285 = AXIS2_PLACEMENT_3D ( 'NONE', #39, #480, #387 ) ;
#286 = CARTESIAN_POINT ( 'NONE',  ( 0.1189830887397957809, 0.8999277598484606289, 2.500000000000000000 ) ) ;
#287 = TOROIDAL_SURFACE ( 'NONE', #79, 0.5250000000000000222, 0.1000000000000000056 ) ;
#288 = EDGE_LOOP ( 'NONE', ( #639, #243 ) ) ;
#289 = DIRECTION ( 'NONE',  ( -0.000000000000000000, -0.000000000000000000, -1.000000000000000000 ) ) ;
#290 = AXIS2_PLACEMENT_3D ( 'NONE', #526, #695, #604 ) ;
#291 = CARTESIAN_POINT ( 'NONE',  ( 0.7996668233528996250, 0.6145467390201955205, 2.500000000000000000 ) ) ;
#292 = PLANE ( 'NONE',  #745 ) ;
#293 = DIRECTION ( 'NONE',  ( 0.000000000000000000, 0.000000000000000000, -1.000000000000000000 ) ) ;
#294 = ADVANCED_FACE ( 'NONE', ( #218 ), #660, .T. ) ;
#295 = LINE ( 'NONE', #32, #158 ) ;
#296 =( LENGTH_UNIT ( ) NAMED_UNIT ( * ) SI_UNIT ( .MILLI., .METRE. ) );
#297 = CARTESIAN_POINT ( 'NONE',  ( 0.5530920651181717718, -0.7197001410176138148, 2.500000000000000000 ) ) ;
#298 = ORIENTED_EDGE ( 'NONE', *, *, #51, .F. ) ;
#299 = CARTESIAN_POINT ( 'NONE',  ( 0.000000000000000000, 0.000000000000000000, 6.899999999999998579 ) ) ;
#300 = CARTESIAN_POINT ( 'NONE',  ( 0.000000000000000000, 0.000000000000000000, 0.000000000000000000 ) ) ;
#301 = DIRECTION ( 'NONE',  ( 0.000000000000000000, 0.000000000000000000, 1.000000000000000000 ) ) ;
#302 = CARTESIAN_POINT ( 'NONE',  ( 0.7864077587953356430, 0.4532570599383392573, 2.500000000000000000 ) ) ;
#303 = EDGE_CURVE ( 'NONE', #852, #536, #848, .T. ) ;
#304 = CARTESIAN_POINT ( 'NONE',  ( -0.2617479092431360121, -0.9739726663610850377, 2.499999999999999112 ) ) ;
#305 = ORIENTED_EDGE ( 'NONE', *, *, #1123, .T. ) ;
#306 = DIRECTION ( 'NONE',  ( 1.000000000000000000, 0.000000000000000000, 0.000000000000000000 ) ) ;
#307 = CARTESIAN_POINT ( 'NONE',  ( -0.4532570599383400900, -0.7864077587953419712, 2.500000000000000000 ) ) ;
#308 = CIRCLE ( 'NONE', #159, 0.4500000000000000111 ) ;
#309 = AXIS2_PLACEMENT_3D ( 'NONE', #847, #833, #573 ) ;
#310 = CARTESIAN_POINT ( 'NONE',  ( 0.8922269036098131600, 0.5219866587632819854, 2.400000000000000799 ) ) ;
#311 = EDGE_CURVE ( 'NONE', #488, #597, #939, .T. ) ;
#312 = ORIENTED_EDGE ( 'NONE', *, *, #169, .F. ) ;
#313 = CARTESIAN_POINT ( 'NONE',  ( 0.000000000000000000, 0.000000000000000000, 0.000000000000000000 ) ) ;
#314 = CARTESIAN_POINT ( 'NONE',  ( 0.4532570599383379806, 0.7864077587953335335, 2.500000000000000000 ) ) ;
#315 = CARTESIAN_POINT ( 'NONE',  ( 0.1308996669654847178, -0.9999999999999997780, 2.400000000000000355 ) ) ;
#316 =( BOUNDED_SURFACE ( )  B_SPLINE_SURFACE ( 2, 3, ( 
 ( #171, #447, #818, #386, #127, #733, #903, #626, #206, #1000, #28, #34, #10, #15, #277, #633, #1086, #897, #560, #375, #910, #370, #365, #183, #1092, #543, #477, #114, #297, #468, #1073, #109, #647, #389 ),
 ( #737, #472, #1005, #890, #291, #981, #811, #211, #712, #538, #991, #189, #452, #120, #825, #199, #641, #1069, #553, #21, #97, #562, #915, #304, #1120, #221, #856, #37, #495, #575, #242, #1037, #850, #663 ),
 ( #136, #1114, #748, #502, #421, #1009, #416, #754, #215, #928, #56, #769, #487, #570, #596, #942, #923, #651, #60, #1108, #836, #405, #1023, #1017, #42, #315, #132, #591, #226, #582, #397, #658, #153, #934 ) ),
 .UNSPECIFIED., .F., .T., .F. ) 
 B_SPLINE_SURFACE_WITH_KNOTS ( ( 3, 3 ),
 ( 4, 2, 2, 2, 2, 2, 2, 2, 2, 2, 2, 2, 2, 2, 2, 2, 4 ),
 ( 0.000000000000000000, 1.000000000000000000 ),
 ( 0.000000000000000000, 0.3926990816987241395, 0.7853981633974482790, 1.178097245096172418, 1.570796326794896558, 1.963495408493620697, 2.356194490192344837, 2.748893571891068976, 3.141592653589793116, 3.534291735288517255, 3.926990816987241395, 4.319689898685965090, 4.712388980384689674, 5.105088062083414258, 5.497787143782137953, 5.890486225480861648, 6.283185307179586232 ),
 .UNSPECIFIED. ) 
 GEOMETRIC_REPRESENTATION_ITEM ( )  RATIONAL_B_SPLINE_SURFACE ( (
 ( 1.000000000000000000, 1.000000000000000000, 1.000000000000000000, 1.000000000000000000, 1.000000000000000000, 1.000000000000000000, 1.000000000000000000, 1.000000000000000000, 1.000000000000000000, 1.000000000000000000, 1.000000000000000000, 1.000000000000000000, 1.000000000000000000, 1.000000000000000000, 1.000000000000000000, 1.000000000000000000, 1.000000000000000000, 1.000000000000000000, 1.000000000000000000, 1.000000000000000000, 1.000000000000000000, 1.000000000000000000, 1.000000000000000000, 1.000000000000000000, 1.000000000000000000, 1.000000000000000000, 1.000000000000000000, 1.000000000000000000, 1.000000000000000000, 1.000000000000000000, 1.000000000000000000, 1.000000000000000000, 1.000000000000000000, 1.000000000000000000),
 ( 0.07071067811865462682, 0.07071067811865462682, 0.07071067811865473784, 0.07071067811865473784, 0.07071067811865469621, 0.07071067811865469621, 0.07071067811865471009, 0.07071067811865471009, 0.07071067811865462682, 0.07071067811865462682, 0.07071067811865468233, 0.07071067811865468233, 0.07071067811865471009, 0.07071067811865471009, 0.07071067811865461294, 0.07071067811865461294, 0.07071067811865462682, 0.07071067811865462682, 0.07071067811865469621, 0.07071067811865469621, 0.07071067811865471009, 0.07071067811865471009, 0.07071067811865461294, 0.07071067811865461294, 0.07071067811865462682, 0.07071067811865462682, 0.07071067811865469621, 0.07071067811865469621, 0.07071067811865469621, 0.07071067811865469621, 0.07071067811865462682, 0.07071067811865462682, 0.07071067811865462682, 0.07071067811865462682),
 ( 1.000000000000000000, 1.000000000000000000, 1.000000000000000000, 1.000000000000000000, 1.000000000000000000, 1.000000000000000000, 1.000000000000000000, 1.000000000000000000, 1.000000000000000000, 1.000000000000000000, 1.000000000000000000, 1.000000000000000000, 1.000000000000000000, 1.000000000000000000, 1.000000000000000000, 1.000000000000000000, 1.000000000000000000, 1.000000000000000000, 1.000000000000000000, 1.000000000000000000, 1.000000000000000000, 1.000000000000000000, 1.000000000000000000, 1.000000000000000000, 1.000000000000000000, 1.000000000000000000, 1.000000000000000000, 1.000000000000000000, 1.000000000000000000, 1.000000000000000000, 1.000000000000000000, 1.000000000000000000, 1.000000000000000000, 1.000000000000000000) ) ) 
 REPRESENTATION_ITEM ( '' )  SURFACE ( )  );
#317 = ORIENTED_EDGE ( 'NONE', *, *, #563, .T. ) ;
#318 = PRESENTATION_STYLE_ASSIGNMENT (( #35 ) ) ;
#319 = CARTESIAN_POINT ( 'NONE',  ( 0.1308996669654847178, -1.000000000000000000, 2.500000000000000444 ) ) ;
#320 = PLANE ( 'NONE',  #1079 ) ;
#321 = ORIENTED_EDGE ( 'NONE', *, *, #777, .F. ) ;
#322 = CARTESIAN_POINT ( 'NONE',  ( 0.000000000000000000, 0.000000000000000000, 0.000000000000000000 ) ) ;
#323 =( LENGTH_UNIT ( ) NAMED_UNIT ( * ) SI_UNIT ( .MILLI., .METRE. ) );
#324 = EDGE_CURVE ( 'NONE', #181, #624, #1010, .T. ) ;
#325 = CARTESIAN_POINT ( 'NONE',  ( 0.2617479092431396204, -0.9739726663610862589, 2.500000000000000000 ) ) ;
#326 = AXIS2_PLACEMENT_3D ( 'NONE', #977, #790, #191 ) ;
#327 = CARTESIAN_POINT ( 'NONE',  ( -1.000000000000000000, -5.470204413439128743E-17, 2.400000000000000355 ) ) ;
#328 = AXIS2_PLACEMENT_3D ( 'NONE', #961, #605, #89 ) ;
#329 = CARTESIAN_POINT ( 'NONE',  ( -0.8922269036098127160, -0.5219866587632826516, 2.400000000000000799 ) ) ;
#330 = ADVANCED_BREP_SHAPE_REPRESENTATION ( '', ( #709, #309 ), #746 ) ;
#331 = ORIENTED_EDGE ( 'NONE', *, *, #494, .F. ) ;
#332 = CARTESIAN_POINT ( 'NONE',  ( 1.000000000000000000, 0.000000000000000000, 2.400000000000000355 ) ) ;
#333 = CARTESIAN_POINT ( 'NONE',  ( -1.000000000000000000, -5.470204413439128743E-17, 2.400000000000000355 ) ) ;
#334 = CARTESIAN_POINT ( 'NONE',  ( 0.7996668233528981817, -0.6145467390201974078, 2.400000000000000355 ) ) ;
#335 = CYLINDRICAL_SURFACE ( 'NONE', #328, 0.4500000000000000111 ) ;
#336 = VECTOR ( 'NONE', #48, 1000.000000000000000 ) ;
#337 = ORIENTED_EDGE ( 'NONE', *, *, #222, .F. ) ;
#338 = DIRECTION ( 'NONE',  ( -0.000000000000000000, -0.000000000000000000, -1.000000000000000000 ) ) ;
#339 = ADVANCED_FACE ( 'NONE', ( #1082, #228 ), #292, .T. ) ;
#340 = STYLED_ITEM ( 'NONE', ( #318 ), #351 ) ;
#341 = AXIS2_PLACEMENT_3D ( 'NONE', #185, #102, #1 ) ;
#342 = CARTESIAN_POINT ( 'NONE',  ( 1.000000000000000000, 0.000000000000000000, 2.400000000000000355 ) ) ;
#343 = DIRECTION ( 'NONE',  ( -0.000000000000000000, -0.000000000000000000, -1.000000000000000000 ) ) ;
#344 = ORIENTED_EDGE ( 'NONE', *, *, #141, .F. ) ;
#345 = DIRECTION ( 'NONE',  ( 0.000000000000000000, 0.000000000000000000, 1.000000000000000000 ) ) ;
#346 = EDGE_CURVE ( 'NONE', #1130, #854, #751, .T. ) ;
#347 = CARTESIAN_POINT ( 'NONE',  ( 1.000000000000000000, 1.224646799147353207E-16, 2.000000000000000000 ) ) ;
#348 = CARTESIAN_POINT ( 'NONE',  ( -0.5036189554870431628, -0.8737863986614884393, 2.400000000000000355 ) ) ;
#349 = DIRECTION ( 'NONE',  ( -0.000000000000000000, -0.000000000000000000, -1.000000000000000000 ) ) ;
#350 = LINE ( 'NONE', #1134, #613 ) ;
#351 = MANIFOLD_SOLID_BREP ( 'Скругление2', #232 ) ;
#352 = DIRECTION ( 'NONE',  ( 1.000000000000000000, 0.000000000000000000, -0.000000000000000000 ) ) ;
#353 = CARTESIAN_POINT ( 'NONE',  ( 0.7500000000000001110, 9.184850993605150903E-17, 2.500000000000000000 ) ) ;
#354 = EDGE_CURVE ( 'NONE', #500, #630, #634, .T. ) ;
#355 = EDGE_LOOP ( 'NONE', ( #1068, #901, #547, #344 ) ) ;
#356 = CARTESIAN_POINT ( 'NONE',  ( 0.000000000000000000, 0.000000000000000000, 1.285714285714285809 ) ) ;
#357 = CARTESIAN_POINT ( 'NONE',  ( -0.1189830887398238973, -0.8999277598484604068, 2.500000000000000000 ) ) ;
#358 = VECTOR ( 'NONE', #666, 1000.000000000000000 ) ;
#359 = AXIS2_PLACEMENT_3D ( 'NONE', #249, #343, #871 ) ;
#360 = CIRCLE ( 'NONE', #783, 0.6500000000000001332 ) ;
#361 = DIRECTION ( 'NONE',  ( 0.000000000000000000, 0.000000000000000000, 1.000000000000000000 ) ) ;
#362 = CARTESIAN_POINT ( 'NONE',  ( 0.000000000000000000, 0.000000000000000000, 3.285714285714286031 ) ) ;
#363 = ORIENTED_EDGE ( 'NONE', *, *, #1074, .F. ) ;
#364 =( NAMED_UNIT ( * ) SI_UNIT ( $, .STERADIAN. ) SOLID_ANGLE_UNIT ( ) );
#365 = CARTESIAN_POINT ( 'NONE',  ( -0.4532570599383400900, -0.7864077587953419712, 2.500000000000000000 ) ) ;
#366 =( REPRESENTATION_RELATIONSHIP ('NONE','NONE', #782, #1020 ) REPRESENTATION_RELATIONSHIP_WITH_TRANSFORMATION ( #1132 )SHAPE_REPRESENTATION_RELATIONSHIP( ) );
#367 = CARTESIAN_POINT ( 'NONE',  ( 0.7204787704613339061, 0.5522112726724209830, 2.500000000000000000 ) ) ;
#368 = ORIENTED_EDGE ( 'NONE', *, *, #718, .F. ) ;
#369 = CARTESIAN_POINT ( 'NONE',  ( 0.000000000000000000, 0.000000000000000000, 6.899999999999998579 ) ) ;
#370 = CARTESIAN_POINT ( 'NONE',  ( -0.5530920651181731040, -0.7197001410176188108, 2.500000000000000000 ) ) ;
#371 = EDGE_LOOP ( 'NONE', ( #966, #571, #1094, #1075 ) ) ;
#372 = PLANE ( 'NONE',  #341 ) ;
#373 = EDGE_LOOP ( 'NONE', ( #653, #363 ) ) ;
#374 = FILL_AREA_STYLE ('',( #949 ) ) ;
#375 = CARTESIAN_POINT ( 'NONE',  ( -0.7864077587953428594, -0.4532570599383344279, 2.500000000000000000 ) ) ;
#376 = EDGE_CURVE ( 'NONE', #984, #8, #143, .T. ) ;
#377 = CIRCLE ( 'NONE', #1030, 0.4500000000000000111 ) ;
#378 = VERTEX_POINT ( 'NONE', #1102 ) ;
#379 = CARTESIAN_POINT ( 'NONE',  ( 0.000000000000000000, 0.000000000000000000, 0.6615223689149752895 ) ) ;
#380 = AXIS2_PLACEMENT_3D ( 'NONE', #877, #446, #683 ) ;
#381 = CARTESIAN_POINT ( 'NONE',  ( 0.000000000000000000, 0.000000000000000000, 6.799999999999999822 ) ) ;
#382 = AXIS2_PLACEMENT_3D ( 'NONE', #1070, #175, #530 ) ;
#383 = VERTEX_POINT ( 'NONE', #1127 ) ;
#384 = CARTESIAN_POINT ( 'NONE',  ( 0.6250000000000000000, 7.654042494670957853E-17, 1.285714285714285809 ) ) ;
#385 = CARTESIAN_POINT ( 'NONE',  ( 0.000000000000000000, 0.000000000000000000, 6.799999999999999822 ) ) ;
#386 = CARTESIAN_POINT ( 'NONE',  ( 0.7864077587953356430, 0.4532570599383392573, 2.500000000000000000 ) ) ;
#387 = DIRECTION ( 'NONE',  ( 1.000000000000000000, 0.000000000000000000, -0.000000000000000000 ) ) ;
#388 = CARTESIAN_POINT ( 'NONE',  ( -0.9000000000000000222, 0.1178097002689347805, 2.500000000000000000 ) ) ;
#389 = CARTESIAN_POINT ( 'NONE',  ( 0.9000000000000000222, 0.000000000000000000, 2.500000000000000000 ) ) ;
#390 =( BOUNDED_SURFACE ( )  B_SPLINE_SURFACE ( 2, 3, ( 
 ( #595, #33, #152, #302, #36, #1022, #314, #650, #843, #1028, #662, #674, #581, #669, #501, #922, #388, #1008, #230, #395, #849, #225, #307, #415, #146, #213, #657, #587, #933, #736, #569, #753, #140, #131 ),
 ( #834, #481, #829, #49, #1035, #40, #492, #740, #1097, #574, #824, #1016, #220, #940, #1090, #135, #240, #486, #411, #402, #759, #55, #1113, #1103, #1107, #319, #325, #945, #682, #601, #508, #960, #952, #1041 ),
 ( #332, #262, #248, #787, #439, #779, #59, #964, #1054, #957, #424, #161, #520, #861, #772, #1122, #156, #865, #246, #970, #598, #513, #348, #64, #68, #428, #1128, #774, #610, #334, #168, #80, #432, #342 ) ),
 .UNSPECIFIED., .F., .T., .F. ) 
 B_SPLINE_SURFACE_WITH_KNOTS ( ( 3, 3 ),
 ( 4, 2, 2, 2, 2, 2, 2, 2, 2, 2, 2, 2, 2, 2, 2, 2, 4 ),
 ( 0.000000000000000000, 1.000000000000000000 ),
 ( 0.000000000000000000, 0.3926990816987241395, 0.7853981633974482790, 1.178097245096172418, 1.570796326794896558, 1.963495408493620697, 2.356194490192344837, 2.748893571891068976, 3.141592653589793116, 3.534291735288517255, 3.926990816987241395, 4.319689898685965090, 4.712388980384689674, 5.105088062083414258, 5.497787143782137953, 5.890486225480861648, 6.283185307179586232 ),
 .UNSPECIFIED. ) 
 GEOMETRIC_REPRESENTATION_ITEM ( )  RATIONAL_B_SPLINE_SURFACE ( (
 ( 1.000000000000000000, 1.000000000000000000, 1.000000000000000000, 1.000000000000000000, 1.000000000000000000, 1.000000000000000000, 1.000000000000000000, 1.000000000000000000, 1.000000000000000000, 1.000000000000000000, 1.000000000000000000, 1.000000000000000000, 1.000000000000000000, 1.000000000000000000, 1.000000000000000000, 1.000000000000000000, 1.000000000000000000, 1.000000000000000000, 1.000000000000000000, 1.000000000000000000, 1.000000000000000000, 1.000000000000000000, 1.000000000000000000, 1.000000000000000000, 1.000000000000000000, 1.000000000000000000, 1.000000000000000000, 1.000000000000000000, 1.000000000000000000, 1.000000000000000000, 1.000000000000000000, 1.000000000000000000, 1.000000000000000000, 1.000000000000000000),
 ( 0.07071067811865462682, 0.07071067811865462682, 0.07071067811865473784, 0.07071067811865473784, 0.07071067811865469621, 0.07071067811865469621, 0.07071067811865471009, 0.07071067811865471009, 0.07071067811865462682, 0.07071067811865462682, 0.07071067811865468233, 0.07071067811865468233, 0.07071067811865471009, 0.07071067811865471009, 0.07071067811865461294, 0.07071067811865461294, 0.07071067811865462682, 0.07071067811865462682, 0.07071067811865469621, 0.07071067811865469621, 0.07071067811865471009, 0.07071067811865471009, 0.07071067811865461294, 0.07071067811865461294, 0.07071067811865462682, 0.07071067811865462682, 0.07071067811865469621, 0.07071067811865469621, 0.07071067811865469621, 0.07071067811865469621, 0.07071067811865462682, 0.07071067811865462682, 0.07071067811865462682, 0.07071067811865462682),
 ( 1.000000000000000000, 1.000000000000000000, 1.000000000000000000, 1.000000000000000000, 1.000000000000000000, 1.000000000000000000, 1.000000000000000000, 1.000000000000000000, 1.000000000000000000, 1.000000000000000000, 1.000000000000000000, 1.000000000000000000, 1.000000000000000000, 1.000000000000000000, 1.000000000000000000, 1.000000000000000000, 1.000000000000000000, 1.000000000000000000, 1.000000000000000000, 1.000000000000000000, 1.000000000000000000, 1.000000000000000000, 1.000000000000000000, 1.000000000000000000, 1.000000000000000000, 1.000000000000000000, 1.000000000000000000, 1.000000000000000000, 1.000000000000000000, 1.000000000000000000, 1.000000000000000000, 1.000000000000000000, 1.000000000000000000, 1.000000000000000000) ) ) 
 REPRESENTATION_ITEM ( '' )  SURFACE ( )  );
#391 = EDGE_LOOP ( 'NONE', ( #105, #734, #857, #321 ) ) ;
#392 =( NAMED_UNIT ( * ) PLANE_ANGLE_UNIT ( ) SI_UNIT ( $, .RADIAN. ) );
#393 = SHAPE_REPRESENTATION_RELATIONSHIP ( 'NONE' , 'NONE' ,  #236, #868 ) ;
#394 = ORIENTED_EDGE ( 'NONE', *, *, #711, .F. ) ;
#395 = CARTESIAN_POINT ( 'NONE',  ( -0.7864077587953428594, -0.4532570599383344279, 2.500000000000000000 ) ) ;
#396 = EDGE_CURVE ( 'NONE', #630, #770, #350, .T. ) ;
#397 = CARTESIAN_POINT ( 'NONE',  ( 0.8737863986614864409, -0.5036189554870481588, 2.400000000000000355 ) ) ;
#398 = ORIENTED_EDGE ( 'NONE', *, *, #63, .T. ) ;
#399 =( NAMED_UNIT ( * ) SI_UNIT ( $, .STERADIAN. ) SOLID_ANGLE_UNIT ( ) );
#400 =( LENGTH_UNIT ( ) NAMED_UNIT ( * ) SI_UNIT ( .MILLI., .METRE. ) );
#401 = AXIS2_PLACEMENT_3D ( 'NONE', #586, #301, #766 ) ;
#402 = CARTESIAN_POINT ( 'NONE',  ( -0.8737863986614948786, -0.5036189554870431628, 2.500000000000000000 ) ) ;
#403 = AXIS2_PLACEMENT_3D ( 'NONE', #247, #681, #1040 ) ;
#404 = CIRCLE ( 'NONE', #801, 0.7500000000000001110 ) ;
#405 = CARTESIAN_POINT ( 'NONE',  ( -0.6145467390201848623, -0.7996668233529100611, 2.400000000000000355 ) ) ;
#406 = PRODUCT_RELATED_PRODUCT_CATEGORY ( 'part', '', ( #993 ) ) ;
#407 = ORIENTED_EDGE ( 'NONE', *, *, #376, .F. ) ;
#408 = CARTESIAN_POINT ( 'NONE',  ( -0.9000000000000000222, 1.084202172485504434E-16, 2.500000000000000000 ) ) ;
#409 =( NAMED_UNIT ( * ) SI_UNIT ( $, .STERADIAN. ) SOLID_ANGLE_UNIT ( ) );
#410 = DIRECTION ( 'NONE',  ( 0.000000000000000000, 0.000000000000000000, 1.000000000000000000 ) ) ;
#411 = CARTESIAN_POINT ( 'NONE',  ( -0.9739726663610797086, -0.2617479092431335697, 2.500000000000000000 ) ) ;
#412 = CARTESIAN_POINT ( 'NONE',  ( -0.4500000000000000111, 5.510910596163088939E-17, 6.999999999999999112 ) ) ;
#413 = ORIENTED_EDGE ( 'NONE', *, *, #885, .F. ) ;
#414 = CARTESIAN_POINT ( 'NONE',  ( 0.000000000000000000, 0.000000000000000000, 0.000000000000000000 ) ) ;
#415 = CARTESIAN_POINT ( 'NONE',  ( -0.2355731183188237987, -0.8765753997249732254, 2.500000000000000000 ) ) ;
#416 = CARTESIAN_POINT ( 'NONE',  ( 0.5036189554870443841, 0.8737863986614882172, 2.400000000000000355 ) ) ;
#417 = PRODUCT_DEFINITION_CONTEXT ( 'detailed design', #186, 'design' ) ;
#418 = ORIENTED_EDGE ( 'NONE', *, *, #885, .T. ) ;
#419 = CARTESIAN_POINT ( 'NONE',  ( 0.000000000000000000, 0.000000000000000000, 2.000000000000000000 ) ) ;
#420 = AXIS2_PLACEMENT_3D ( 'NONE', #1133, #462, #86 ) ;
#421 = CARTESIAN_POINT ( 'NONE',  ( 0.7996668233528995140, 0.6145467390201955205, 2.400000000000000355 ) ) ;
#422 = AXIS2_PLACEMENT_3D ( 'NONE', #1072, #281, #988 ) ;
#423 = EDGE_LOOP ( 'NONE', ( #822, #994, #898, #701 ) ) ;
#424 = CARTESIAN_POINT ( 'NONE',  ( -0.2617479092431401200, 0.9739726663610832613, 2.400000000000000355 ) ) ;
#425 = ADVANCED_FACE ( 'NONE', ( #794 ), #778, .F. ) ;
#426 = CARTESIAN_POINT ( 'NONE',  ( 0.2617993877991494078, -0.9999999999999997780, 2.399999999999999911 ) ) ;
#427 = ORIENTED_EDGE ( 'NONE', *, *, #749, .F. ) ;
#428 = CARTESIAN_POINT ( 'NONE',  ( 0.1308996669654847178, -0.9999999999999997780, 2.400000000000000355 ) ) ;
#429 = ADVANCED_FACE ( 'NONE', ( #606, #688 ), #533, .F. ) ;
#430 = CARTESIAN_POINT ( 'NONE',  ( 1.000000000000000000, 6.123233995736766036E-17, 2.400000000000000355 ) ) ;
#431 = PRODUCT_DEFINITION_SHAPE ( 'NONE', 'NONE',  #128 ) ;
#432 = CARTESIAN_POINT ( 'NONE',  ( 1.000000000000000000, -0.1308996669655078382, 2.400000000000000355 ) ) ;
#433 = CARTESIAN_POINT ( 'NONE',  ( 0.000000000000000000, 0.000000000000000000, 6.799999999999999822 ) ) ;
#434 = AXIS2_PLACEMENT_3D ( 'NONE', #956, #1053, #352 ) ;
#435 = CARTESIAN_POINT ( 'NONE',  ( -0.9000000000000000222, 1.084202172485504434E-16, 2.500000000000000000 ) ) ;
#436 = CIRCLE ( 'NONE', #725, 0.4000000000000000222 ) ;
#437 = CIRCLE ( 'NONE', #237, 0.3499999999999999778 ) ;
#438 = DIRECTION ( 'NONE',  ( 0.000000000000000000, 0.000000000000000000, 1.000000000000000000 ) ) ;
#439 = CARTESIAN_POINT ( 'NONE',  ( 0.7996668233528995140, 0.6145467390201955205, 2.400000000000000355 ) ) ;
#440 = CYLINDRICAL_SURFACE ( 'NONE', #359, 0.7500000000000001110 ) ;
#441 = CARTESIAN_POINT ( 'NONE',  ( -0.2345166938360636333, -0.8770911772499381254, 2.500000000000000000 ) ) ;
#442 = EDGE_CURVE ( 'NONE', #488, #713, #99, .T. ) ;
#443 = DIRECTION ( 'NONE',  ( -1.000000000000000000, 0.000000000000000000, 0.000000000000000000 ) ) ;
#444 = DIRECTION ( 'NONE',  ( -1.000000000000000000, 1.224646799147352961E-16, 0.000000000000000000 ) ) ;
#445 = ORIENTED_EDGE ( 'NONE', *, *, #467, .T. ) ;
#446 = DIRECTION ( 'NONE',  ( -0.000000000000000000, -0.000000000000000000, -1.000000000000000000 ) ) ;
#447 = CARTESIAN_POINT ( 'NONE',  ( 0.9000000000000000222, 0.1178097002689568740, 2.500000000000000000 ) ) ;
#448 = CARTESIAN_POINT ( 'NONE',  ( 1.000000000000000000, 0.000000000000000000, 2.500000000000000000 ) ) ;
#449 = CARTESIAN_POINT ( 'NONE',  ( 0.9000000000000000222, 0.1191577918302713229, 2.499999999999999556 ) ) ;
#450 = EDGE_LOOP ( 'NONE', ( #944, #190, #792, #12 ) ) ;
#451 = CARTESIAN_POINT ( 'NONE',  ( 0.4500000000000000111, 5.510910596163088939E-17, 1.285714285714285809 ) ) ;
#452 = CARTESIAN_POINT ( 'NONE',  ( -0.6145467390201826419, 0.7996668233528997360, 2.499999999999999112 ) ) ;
#453 = AXIS2_PLACEMENT_3D ( 'NONE', #521, #788, #1042 ) ;
#454 = TOROIDAL_SURFACE ( 'NONE', #728, 0.09999999999999999167, 0.3499999999999999778 ) ;
#455 = EDGE_LOOP ( 'NONE', ( #998, #1081, #88, #57 ) ) ;
#456 = DIRECTION ( 'NONE',  ( 1.000000000000000000, 0.000000000000000000, 0.000000000000000000 ) ) ;
#457 = ORIENTED_EDGE ( 'NONE', *, *, #41, .T. ) ;
#458 = CARTESIAN_POINT ( 'NONE',  ( -0.5250000000000000222, 6.429395695523603660E-17, 1.185714285714285721 ) ) ;
#459 = ADVANCED_FACE ( 'NONE', ( #1052 ), #287, .T. ) ;
#460 = UNCERTAINTY_MEASURE_WITH_UNIT (LENGTH_MEASURE( 1.000000000000000082E-05 ), #474, 'distance_accuracy_value', 'NONE');
#461 = ORIENTED_EDGE ( 'NONE', *, *, #777, .T. ) ;
#462 = DIRECTION ( 'NONE',  ( -0.000000000000000000, -0.000000000000000000, -1.000000000000000000 ) ) ;
#463 = CARTESIAN_POINT ( 'NONE',  ( 0.000000000000000000, 0.000000000000000000, 1.285714285714285809 ) ) ;
#464 = VERTEX_POINT ( 'NONE', #784 ) ;
#465 = DIRECTION ( 'NONE',  ( 1.000000000000000000, 0.000000000000000000, 0.000000000000000000 ) ) ;
#466 =( BOUNDED_CURVE ( )  B_SPLINE_CURVE ( 2, ( #786, #448, #534 ),
 .UNSPECIFIED., .F., .F. ) 
 B_SPLINE_CURVE_WITH_KNOTS ( ( 3, 3 ),
 ( 0.000000000000000000, 1.000000000000000000 ),
 .UNSPECIFIED. ) 
 CURVE ( )  GEOMETRIC_REPRESENTATION_ITEM ( )  RATIONAL_B_SPLINE_CURVE ( ( 1.000000000000000000, 0.07071067811865462682, 1.000000000000000000 ) ) 
 REPRESENTATION_ITEM ( '' )  );
#467 = EDGE_CURVE ( 'NONE', #1130, #76, #951, .T. ) ;
#468 = CARTESIAN_POINT ( 'NONE',  ( 0.7197001410176101510, -0.5530920651181754355, 2.500000000000000000 ) ) ;
#469 = DIRECTION ( 'NONE',  ( 1.224646799147353207E-16, 1.000000000000000000, -0.000000000000000000 ) ) ;
#470 = ORIENTED_EDGE ( 'NONE', *, *, #559, .T. ) ;
#471 = CARTESIAN_POINT ( 'NONE',  ( 0.000000000000000000, 0.000000000000000000, 2.500000000000000000 ) ) ;
#472 = CARTESIAN_POINT ( 'NONE',  ( 1.000000000000000000, 0.1308996669655076717, 2.500000000000000444 ) ) ;
#473 = ORIENTED_EDGE ( 'NONE', *, *, #346, .F. ) ;
#474 =( LENGTH_UNIT ( ) NAMED_UNIT ( * ) SI_UNIT ( .MILLI., .METRE. ) );
#475 = AXIS2_PLACEMENT_3D ( 'NONE', #1096, #578, #1089 ) ;
#476 = LINE ( 'NONE', #640, #590 ) ;
#477 = CARTESIAN_POINT ( 'NONE',  ( 0.2355731183188244648, -0.8765753997249742246, 2.500000000000000000 ) ) ;
#478 = ADVANCED_FACE ( 'NONE', ( #846 ), #789, .F. ) ;
#479 = ORIENTED_EDGE ( 'NONE', *, *, #346, .T. ) ;
#480 = DIRECTION ( 'NONE',  ( 0.000000000000000000, 0.000000000000000000, 1.000000000000000000 ) ) ;
#481 = CARTESIAN_POINT ( 'NONE',  ( 1.000000000000000000, 0.1308996669655076717, 2.500000000000000444 ) ) ;
#482 = FACE_OUTER_BOUND ( 'NONE', #203, .T. ) ;
#483 = ORIENTED_EDGE ( 'NONE', *, *, #324, .F. ) ;
#484 = DIRECTION ( 'NONE',  ( 1.000000000000000000, 0.000000000000000000, 0.000000000000000000 ) ) ;
#485 = DIRECTION ( 'NONE',  ( 0.9995363069339953110, 0.03044948473701648145, 0.000000000000000000 ) ) ;
#486 = CARTESIAN_POINT ( 'NONE',  ( -1.000000000000000000, -0.1308996669654828304, 2.500000000000000444 ) ) ;
#487 = CARTESIAN_POINT ( 'NONE',  ( -0.6145467390201891922, 0.7996668233529061753, 2.400000000000000355 ) ) ;
#488 = VERTEX_POINT ( 'NONE', #608 ) ;
#489 = CARTESIAN_POINT ( 'NONE',  ( 0.000000000000000000, 0.000000000000000000, 2.935714285714285943 ) ) ;
#490 =( NAMED_UNIT ( * ) PLANE_ANGLE_UNIT ( ) SI_UNIT ( $, .RADIAN. ) );
#491 = AXIS2_PLACEMENT_3D ( 'NONE', #179, #707, #1066 ) ;
#492 = CARTESIAN_POINT ( 'NONE',  ( 0.5036189554870429408, 0.8737863986614845535, 2.499999999999999112 ) ) ;
#493 = MECHANICAL_DESIGN_GEOMETRIC_PRESENTATION_REPRESENTATION (  '', ( #1045 ), #515 ) ;
#494 = EDGE_CURVE ( 'NONE', #112, #854, #436, .T. ) ;
#495 = CARTESIAN_POINT ( 'NONE',  ( 0.6145467390201929669, -0.7996668233529020675, 2.500000000000000000 ) ) ;
#496 = UNCERTAINTY_MEASURE_WITH_UNIT (LENGTH_MEASURE( 1.000000000000000082E-05 ), #323, 'distance_accuracy_value', 'NONE');
#497 = ORIENTED_EDGE ( 'NONE', *, *, #303, .T. ) ;
#498 = CARTESIAN_POINT ( 'NONE',  ( 0.9000000000000000222, 0.000000000000000000, 2.500000000000000000 ) ) ;
#499 = DIRECTION ( 'NONE',  ( 1.000000000000000000, 0.000000000000000000, 0.000000000000000000 ) ) ;
#500 = VERTEX_POINT ( 'NONE', #692 ) ;
#501 = CARTESIAN_POINT ( 'NONE',  ( -0.7864077587953419712, 0.4532570599383433096, 2.500000000000000000 ) ) ;
#502 = CARTESIAN_POINT ( 'NONE',  ( 0.8737863986614881062, 0.5036189554870442731, 2.400000000000000355 ) ) ;
#503 = ADVANCED_FACE ( 'NONE', ( #756 ), #672, .T. ) ;
#504 = EDGE_CURVE ( 'NONE', #665, #207, #726, .T. ) ;
#505 = EDGE_LOOP ( 'NONE', ( #642, #445 ) ) ;
#506 = DIRECTION ( 'NONE',  ( 1.000000000000000000, 0.000000000000000000, 0.000000000000000000 ) ) ;
#507 = PRODUCT_CONTEXT ( 'NONE', #698, 'mechanical' ) ;
#508 = CARTESIAN_POINT ( 'NONE',  ( 0.8737863986614812228, -0.5036189554870461604, 2.499999999999974243 ) ) ;
#509 = CARTESIAN_POINT ( 'NONE',  ( -0.2617993877991497409, 1.000000000000000000, 2.400000000000000355 ) ) ;
#510 = ORIENTED_EDGE ( 'NONE', *, *, #504, .F. ) ;
#511 = ADVANCED_FACE ( 'NONE', ( #70 ), #316, .T. ) ;
#512 = DIRECTION ( 'NONE',  ( 1.000000000000000000, 0.000000000000000000, 0.000000000000000000 ) ) ;
#513 = CARTESIAN_POINT ( 'NONE',  ( -0.6145467390201848623, -0.7996668233529100611, 2.400000000000000355 ) ) ;
#514 = CARTESIAN_POINT ( 'NONE',  ( 0.4500000000000000111, 5.510910596163088939E-17, 2.935714285714285943 ) ) ;
#515 =( GEOMETRIC_REPRESENTATION_CONTEXT ( 3 ) GLOBAL_UNCERTAINTY_ASSIGNED_CONTEXT ( ( #98 ) ) GLOBAL_UNIT_ASSIGNED_CONTEXT ( ( #296, #125, #364 ) ) REPRESENTATION_CONTEXT ( 'NONE', 'WORKASPACE' ) );
#516 = CIRCLE ( 'NONE', #290, 0.4500000000000000111 ) ;
#517 = CONTEXT_DEPENDENT_SHAPE_REPRESENTATION ( #366, #943 ) ;
#518 = ADVANCED_FACE ( 'NONE', ( #482 ), #320, .T. ) ;
#519 = CARTESIAN_POINT ( 'NONE',  ( -0.4000000000000000222, 0.000000000000000000, 2.000000000000000000 ) ) ;
#520 = CARTESIAN_POINT ( 'NONE',  ( -0.6145467390201891922, 0.7996668233529061753, 2.400000000000000355 ) ) ;
#521 = CARTESIAN_POINT ( 'NONE',  ( 0.000000000000000000, 0.000000000000000000, 0.000000000000000000 ) ) ;
#522 = CARTESIAN_POINT ( 'NONE',  ( 0.000000000000000000, 0.000000000000000000, 2.500000000000000000 ) ) ;
#523 = CARTESIAN_POINT ( 'NONE',  ( 0.5500000000000001554, 0.000000000000000000, 6.999999999999999112 ) ) ;
#524 = PRODUCT_RELATED_PRODUCT_CATEGORY ( 'part', '', ( #667 ) ) ;
#525 = CARTESIAN_POINT ( 'NONE',  ( 0.7858192987669292418, -0.4544886546166040930, 2.499999999999999556 ) ) ;
#526 = CARTESIAN_POINT ( 'NONE',  ( 0.000000000000000000, 0.000000000000000000, 6.999999999999999112 ) ) ;
#527 = CYLINDRICAL_SURFACE ( 'NONE', #380, 1.000000000000000000 ) ;
#528 = CARTESIAN_POINT ( 'NONE',  ( -0.9000722401515397486, -0.1189830887398203307, 2.500000000000000000 ) ) ;
#529 = FACE_OUTER_BOUND ( 'NONE', #904, .T. ) ;
#530 = DIRECTION ( 'NONE',  ( 1.000000000000000000, 0.000000000000000000, 0.000000000000000000 ) ) ;
#531 = EDGE_LOOP ( 'NONE', ( #1071, #722 ) ) ;
#532 = CARTESIAN_POINT ( 'NONE',  ( -0.5500000000000001554, 6.735557395310443749E-17, 6.799999999999999822 ) ) ;
#533 = PLANE ( 'NONE',  #704 ) ;
#534 = CARTESIAN_POINT ( 'NONE',  ( 1.000000000000000000, 6.123233995736766036E-17, 2.400000000000000355 ) ) ;
#535 = CARTESIAN_POINT ( 'NONE',  ( 0.000000000000000000, 0.000000000000000000, 2.935714285714285943 ) ) ;
#536 = VERTEX_POINT ( 'NONE', #412 ) ;
#537 = FACE_OUTER_BOUND ( 'NONE', #636, .T. ) ;
#538 = CARTESIAN_POINT ( 'NONE',  ( -0.1308996669654829137, 1.000000000000000000, 2.500000000000000444 ) ) ;
#539 = DIRECTION ( 'NONE',  ( -1.000000000000000000, 0.000000000000000000, 0.000000000000000000 ) ) ;
#540 = CARTESIAN_POINT ( 'NONE',  ( -0.1189830887397957532, 0.9000722401515396376, 2.500000000000000000 ) ) ;
#541 = ORIENTED_EDGE ( 'NONE', *, *, #969, .F. ) ;
#542 = CARTESIAN_POINT ( 'NONE',  ( -0.6250000000000000000, 0.000000000000000000, 1.185714285714285721 ) ) ;
#543 = CARTESIAN_POINT ( 'NONE',  ( 0.1178097002689362655, -0.9000000000000000222, 2.500000000000000000 ) ) ;
#544 = CIRCLE ( 'NONE', #564, 0.4000000000000000222 ) ;
#545 = AXIS2_PLACEMENT_3D ( 'NONE', #489, #1088, #484 ) ;
#546 = AXIS2_PLACEMENT_3D ( 'NONE', #130, #134, #485 ) ;
#547 = ORIENTED_EDGE ( 'NONE', *, *, #680, .F. ) ;
#548 = DIRECTION ( 'NONE',  ( -0.000000000000000000, -0.000000000000000000, -1.000000000000000000 ) ) ;
#549 = FACE_OUTER_BOUND ( 'NONE', #200, .T. ) ;
#550 = ADVANCED_FACE ( 'NONE', ( #946 ), #760, .T. ) ;
#551 = EDGE_LOOP ( 'NONE', ( #473, #1121, #52, #217 ) ) ;
#552 = DIRECTION ( 'NONE',  ( 1.000000000000000000, 0.000000000000000000, 0.000000000000000000 ) ) ;
#553 = CARTESIAN_POINT ( 'NONE',  ( -0.9739726663610797086, -0.2617479092431335697, 2.500000000000000000 ) ) ;
#554 = UNCERTAINTY_MEASURE_WITH_UNIT (LENGTH_MEASURE( 1.000000000000000082E-05 ), #400, 'distance_accuracy_value', 'NONE');
#555 = ORIENTED_EDGE ( 'NONE', *, *, #1091, .F. ) ;
#556 = DIRECTION ( 'NONE',  ( 1.000000000000000000, 0.000000000000000000, 0.000000000000000000 ) ) ;
#557 = CARTESIAN_POINT ( 'NONE',  ( 0.000000000000000000, 0.000000000000000000, 2.500000000000000000 ) ) ;
#558 = LINE ( 'NONE', #810, #7 ) ;
#559 = EDGE_CURVE ( 'NONE', #597, #583, #982, .T. ) ;
#560 = CARTESIAN_POINT ( 'NONE',  ( -0.8765753997249742246, -0.2355731183188246314, 2.500000000000000000 ) ) ;
#561 = CARTESIAN_POINT ( 'NONE',  ( 0.6250000000000000000, 7.654042494670957853E-17, 1.185714285714285721 ) ) ;
#562 = CARTESIAN_POINT ( 'NONE',  ( -0.6145467390201880820, -0.7996668233529131697, 2.499999999999999112 ) ) ;
#563 = EDGE_CURVE ( 'NONE', #1057, #464, #61, .T. ) ;
#564 = AXIS2_PLACEMENT_3D ( 'NONE', #54, #747, #656 ) ;
#565 = ORIENTED_EDGE ( 'NONE', *, *, #918, .T. ) ;
#566 = COLOUR_RGB ( '',1.000000000000000000, 0.8117647058823529438, 0.5019607843137254832 ) ;
#567 = FACE_OUTER_BOUND ( 'NONE', #31, .T. ) ;
#568 = TOROIDAL_SURFACE ( 'NONE', #1100, 0.5500000000000001554, 0.2000000000000000111 ) ;
#569 = CARTESIAN_POINT ( 'NONE',  ( 0.7864077587953356430, -0.4532570599383401455, 2.500000000000000000 ) ) ;
#570 = CARTESIAN_POINT ( 'NONE',  ( -0.7996668233529070635, 0.6145467390201880820, 2.400000000000000355 ) ) ;
#571 = ORIENTED_EDGE ( 'NONE', *, *, #222, .T. ) ;
#572 = DIRECTION ( 'NONE',  ( 1.000000000000000000, 0.000000000000000000, 0.000000000000000000 ) ) ;
#573 = DIRECTION ( 'NONE',  ( 1.000000000000000000, 0.000000000000000000, 0.000000000000000000 ) ) ;
#574 = CARTESIAN_POINT ( 'NONE',  ( -0.1308996669654829137, 1.000000000000000000, 2.500000000000000444 ) ) ;
#575 = CARTESIAN_POINT ( 'NONE',  ( 0.7996668233528979597, -0.6145467390201970748, 2.500000000000000000 ) ) ;
#576 = ORIENTED_EDGE ( 'NONE', *, *, #955, .T. ) ;
#577 = SURFACE_SIDE_STYLE ('',( #584 ) ) ;
#578 = DIRECTION ( 'NONE',  ( 0.000000000000000000, 0.000000000000000000, 1.000000000000000000 ) ) ;
#579 = EDGE_CURVE ( 'NONE', #831, #378, #196, .T. ) ;
#580 = PRODUCT_DEFINITION_SHAPE ( 'NONE', 'NONE',  #976 ) ;
#581 = CARTESIAN_POINT ( 'NONE',  ( -0.5530920651181676639, 0.7197001410176052660, 2.500000000000000000 ) ) ;
#582 = CARTESIAN_POINT ( 'NONE',  ( 0.7996668233528981817, -0.6145467390201974078, 2.400000000000000355 ) ) ;
#583 = VERTEX_POINT ( 'NONE', #170 ) ;
#584 = SURFACE_STYLE_FILL_AREA ( #827 ) ;
#585 = CIRCLE ( 'NONE', #837, 0.5250000000000000222 ) ;
#586 = CARTESIAN_POINT ( 'NONE',  ( 0.000000000000000000, 0.000000000000000000, 6.999999999999999112 ) ) ;
#587 = CARTESIAN_POINT ( 'NONE',  ( 0.4532570599383342613, -0.7864077587953429704, 2.500000000000000000 ) ) ;
#588 = ADVANCED_FACE ( 'NONE', ( #1056 ), #440, .T. ) ;
#589 = AXIS2_PLACEMENT_3D ( 'NONE', #299, #224, #572 ) ;
#590 = VECTOR ( 'NONE', #204, 1000.000000000000000 ) ;
#591 = CARTESIAN_POINT ( 'NONE',  ( 0.5036189554870376117, -0.8737863986614911038, 2.400000000000000355 ) ) ;
#592 = ADVANCED_FACE ( 'NONE', ( #255 ), #162, .T. ) ;
#593 = ORIENTED_EDGE ( 'NONE', *, *, #764, .F. ) ;
#594 = DIRECTION ( 'NONE',  ( 0.000000000000000000, 0.000000000000000000, 1.000000000000000000 ) ) ;
#595 = CARTESIAN_POINT ( 'NONE',  ( 0.9000000000000000222, 0.000000000000000000, 2.500000000000000000 ) ) ;
#596 = CARTESIAN_POINT ( 'NONE',  ( -0.8737863986614872180, 0.5036189554870458274, 2.400000000000000355 ) ) ;
#597 = VERTEX_POINT ( 'NONE', #263 ) ;
#598 = CARTESIAN_POINT ( 'NONE',  ( -0.7996668233529093950, -0.6145467390201858615, 2.400000000000000355 ) ) ;
#599 = CARTESIAN_POINT ( 'NONE',  ( 0.9000000000000000222, 0.000000000000000000, 2.500000000000000000 ) ) ;
#600 = EDGE_CURVE ( 'NONE', #831, #930, #765, .T. ) ;
#601 = CARTESIAN_POINT ( 'NONE',  ( 0.7996668233528979597, -0.6145467390201970748, 2.500000000000000000 ) ) ;
#602 = CARTESIAN_POINT ( 'NONE',  ( 0.000000000000000000, 0.000000000000000000, 6.999999999999999112 ) ) ;
#603 = AXIS2_PLACEMENT_3D ( 'NONE', #362, #996, #94 ) ;
#604 = DIRECTION ( 'NONE',  ( 1.000000000000000000, 0.000000000000000000, 0.000000000000000000 ) ) ;
#605 = DIRECTION ( 'NONE',  ( -0.000000000000000000, -0.000000000000000000, 1.000000000000000000 ) ) ;
#606 = FACE_BOUND ( 'NONE', #804, .T. ) ;
#607 = CARTESIAN_POINT ( 'NONE',  ( 0.5219866587632824295, -0.8922269036098129380, 2.400000000000000355 ) ) ;
#608 = CARTESIAN_POINT ( 'NONE',  ( -0.9000000000000000222, 1.084202172485504434E-16, 2.500000000000000000 ) ) ;
#609 = DIRECTION ( 'NONE',  ( -0.000000000000000000, -0.000000000000000000, -1.000000000000000000 ) ) ;
#610 = CARTESIAN_POINT ( 'NONE',  ( 0.6145467390201927449, -0.7996668233529018455, 2.400000000000000355 ) ) ;
#611 = ORIENTED_EDGE ( 'NONE', *, *, #1091, .T. ) ;
#612 = CARTESIAN_POINT ( 'NONE',  ( -0.6500000000000001332, 7.960204194457795477E-17, 6.899999999999998579 ) ) ;
#613 = VECTOR ( 'NONE', #338, 1000.000000000000000 ) ;
#614 = CARTESIAN_POINT ( 'NONE',  ( 0.7205809334633533902, -0.5523134356744745510, 2.500000000000000000 ) ) ;
#615 = TOROIDAL_SURFACE ( 'NONE', #953, 0.5250000000000000222, 0.1000000000000000056 ) ;
#616 = PRODUCT_DEFINITION_FORMATION_WITH_SPECIFIED_SOURCE ( 'ANY', '', #993, .NOT_KNOWN. ) ;
#617 = CARTESIAN_POINT ( 'NONE',  ( 0.4500000000000000111, 0.000000000000000000, 6.999999999999999112 ) ) ;
#618 = CARTESIAN_POINT ( 'NONE',  ( 0.7860254636651878846, 0.4543687746394833304, 2.500000000000000000 ) ) ;
#619 = EDGE_LOOP ( 'NONE', ( #1101, #979, #238, #1013 ) ) ;
#620 = CARTESIAN_POINT ( 'NONE',  ( -0.4500000000000000111, 0.000000000000000000, 1.285714285714285809 ) ) ;
#621 = CARTESIAN_POINT ( 'NONE',  ( 0.2344614036177171124, -0.8769576948550995565, 2.499999999999999556 ) ) ;
#622 = CARTESIAN_POINT ( 'NONE',  ( 0.000000000000000000, 0.000000000000000000, 2.935714285714285943 ) ) ;
#623 = DIRECTION ( 'NONE',  ( 1.000000000000000000, 0.000000000000000000, 0.000000000000000000 ) ) ;
#624 = VERTEX_POINT ( 'NONE', #612 ) ;
#625 = DIRECTION ( 'NONE',  ( -0.000000000000000000, -0.000000000000000000, -1.000000000000000000 ) ) ;
#626 = CARTESIAN_POINT ( 'NONE',  ( 0.2355731183188228828, 0.8765753997249828844, 2.500000000000000000 ) ) ;
#627 = EDGE_CURVE ( 'NONE', #1084, #181, #954, .T. ) ;
#628 = FACE_OUTER_BOUND ( 'NONE', #19, .T. ) ;
#629 = CARTESIAN_POINT ( 'NONE',  ( -0.8770911772499382364, 0.2345166938360635500, 2.500000000000000000 ) ) ;
#630 = VERTEX_POINT ( 'NONE', #514 ) ;
#631 = DIRECTION ( 'NONE',  ( 1.224646799147353207E-16, 1.000000000000000000, -0.000000000000000000 ) ) ;
#632 = VERTEX_POINT ( 'NONE', #781 ) ;
#633 = CARTESIAN_POINT ( 'NONE',  ( -0.8765753997249732254, 0.2355731183188207178, 2.500000000000000000 ) ) ;
#634 = CIRCLE ( 'NONE', #545, 0.4500000000000000111 ) ;
#635 = CIRCLE ( 'NONE', #422, 0.6250000000000000000 ) ;
#636 = EDGE_LOOP ( 'NONE', ( #283, #38, #317, #743 ) ) ;
#637 = DIRECTION ( 'NONE',  ( -0.000000000000000000, -0.000000000000000000, -1.000000000000000000 ) ) ;
#638 = CARTESIAN_POINT ( 'NONE',  ( -0.4500000000000000111, 0.000000000000000000, 3.285714285714286031 ) ) ;
#639 = ORIENTED_EDGE ( 'NONE', *, *, #257, .T. ) ;
#640 = CARTESIAN_POINT ( 'NONE',  ( -0.7500000000000001110, 0.000000000000000000, 6.999999999999999112 ) ) ;
#641 = CARTESIAN_POINT ( 'NONE',  ( -1.000000000000000000, 0.1308996669654831080, 2.500000000000000444 ) ) ;
#642 = ORIENTED_EDGE ( 'NONE', *, *, #14, .T. ) ;
#643 = DIRECTION ( 'NONE',  ( 0.000000000000000000, 0.000000000000000000, 1.000000000000000000 ) ) ;
#644 = DIRECTION ( 'NONE',  ( -0.000000000000000000, -0.000000000000000000, -1.000000000000000000 ) ) ;
#645 = DIRECTION ( 'NONE',  ( 0.000000000000000000, 0.000000000000000000, 1.000000000000000000 ) ) ;
#646 = EDGE_CURVE ( 'NONE', #378, #831, #104, .T. ) ;
#647 = CARTESIAN_POINT ( 'NONE',  ( 0.9000000000000000222, -0.1178097002689569989, 2.500000000000000000 ) ) ;
#648 = VERTEX_POINT ( 'NONE', #523 ) ;
#649 = DIRECTION ( 'NONE',  ( 0.000000000000000000, 0.000000000000000000, 1.000000000000000000 ) ) ;
#650 = CARTESIAN_POINT ( 'NONE',  ( 0.2355731183188228828, 0.8765753997249828844, 2.500000000000000000 ) ) ;
#651 = CARTESIAN_POINT ( 'NONE',  ( -1.000000000000000000, -0.1308996669654828304, 2.400000000000000355 ) ) ;
#652 = CIRCLE ( 'NONE', #491, 0.5250000000000000222 ) ;
#653 = ORIENTED_EDGE ( 'NONE', *, *, #918, .F. ) ;
#654 = CARTESIAN_POINT ( 'NONE',  ( -1.000000000000000000, 1.317674029962276953E-16, 2.500000000000000000 ) ) ;
#655 = AXIS2_PLACEMENT_3D ( 'NONE', #705, #83, #506 ) ;
#656 = DIRECTION ( 'NONE',  ( 1.000000000000000000, 0.000000000000000000, 0.000000000000000000 ) ) ;
#657 = CARTESIAN_POINT ( 'NONE',  ( 0.2355731183188244648, -0.8765753997249742246, 2.500000000000000000 ) ) ;
#658 = CARTESIAN_POINT ( 'NONE',  ( 0.9739726663610861479, -0.2617479092431340137, 2.400000000000000355 ) ) ;
#659 = EDGE_LOOP ( 'NONE', ( #118, #108, #115, #197 ) ) ;
#660 = PLANE ( 'NONE',  #819 ) ;
#661 = DIRECTION ( 'NONE',  ( 0.000000000000000000, 0.000000000000000000, 1.000000000000000000 ) ) ;
#662 = CARTESIAN_POINT ( 'NONE',  ( -0.2355731183188235212, 0.8765753997249762230, 2.500000000000000000 ) ) ;
#663 = CARTESIAN_POINT ( 'NONE',  ( 1.000000000000000000, 0.000000000000000000, 2.500000000000000444 ) ) ;
#664 = EDGE_CURVE ( 'NONE', #597, #665, #685, .T. ) ;
#665 = VERTEX_POINT ( 'NONE', #967 ) ;
#666 = DIRECTION ( 'NONE',  ( -0.000000000000000000, -0.000000000000000000, 1.000000000000000000 ) ) ;
#667 = PRODUCT ( '\X2\0414043504420430043b044c\X0\1', '\X2\0414043504420430043b044c\X0\1', '', ( #771 ) ) ;
#668 = ORIENTED_EDGE ( 'NONE', *, *, #997, .T. ) ;
#669 = CARTESIAN_POINT ( 'NONE',  ( -0.7197001410176190328, 0.5530920651181794323, 2.500000000000000000 ) ) ;
#670 = CARTESIAN_POINT ( 'NONE',  ( 0.000000000000000000, 0.000000000000000000, 3.285714285714286031 ) ) ;
#671 = ORIENTED_EDGE ( 'NONE', *, *, #955, .F. ) ;
#672 = CYLINDRICAL_SURFACE ( 'NONE', #126, 0.4500000000000000111 ) ;
#673 = AXIS2_PLACEMENT_3D ( 'NONE', #379, #643, #306 ) ;
#674 = CARTESIAN_POINT ( 'NONE',  ( -0.4532570599383386467, 0.7864077587953396398, 2.500000000000000000 ) ) ;
#675 = VECTOR ( 'NONE', #644, 1000.000000000000000 ) ;
#676 = PRODUCT_DEFINITION_FORMATION_WITH_SPECIFIED_SOURCE ( 'ANY', '', #667, .NOT_KNOWN. ) ;
#677 = CARTESIAN_POINT ( 'NONE',  ( -0.5219866587632833177, 0.8922269036098119388, 2.399999999999999911 ) ) ;
#678 = APPLICATION_CONTEXT ( 'automotive_design' ) ;
#679 = CARTESIAN_POINT ( 'NONE',  ( 0.000000000000000000, 0.000000000000000000, 1.185714285714285721 ) ) ;
#680 = EDGE_CURVE ( 'NONE', #583, #597, #1093, .T. ) ;
#681 = DIRECTION ( 'NONE',  ( 0.000000000000000000, 0.000000000000000000, 1.000000000000000000 ) ) ;
#682 = CARTESIAN_POINT ( 'NONE',  ( 0.6145467390201929669, -0.7996668233529020675, 2.500000000000000000 ) ) ;
#683 = DIRECTION ( 'NONE',  ( -1.000000000000000000, 0.000000000000000000, 0.000000000000000000 ) ) ;
#684 = CARTESIAN_POINT ( 'NONE',  ( 0.000000000000000000, 0.000000000000000000, 6.899999999999998579 ) ) ;
#685 = LINE ( 'NONE', #1124, #820 ) ;
#686 = VECTOR ( 'NONE', #208, 1000.000000000000000 ) ;
#687 = VECTOR ( 'NONE', #1083, 1000.000000000000000 ) ;
#688 = FACE_OUTER_BOUND ( 'NONE', #1024, .T. ) ;
#689 = ADVANCED_FACE ( 'NONE', ( #1126 ), #335, .F. ) ;
#690 = CYLINDRICAL_SURFACE ( 'NONE', #938, 0.4000000000000000222 ) ;
#691 = CARTESIAN_POINT ( 'NONE',  ( 1.000000000000000000, 6.123233995736766036E-17, 2.400000000000000355 ) ) ;
#692 = CARTESIAN_POINT ( 'NONE',  ( -0.4500000000000000111, 0.000000000000000000, 2.935714285714285943 ) ) ;
#693 = ADVANCED_FACE ( 'NONE', ( #157 ), #527, .T. ) ;
#694 = DIRECTION ( 'NONE',  ( -0.000000000000000000, -0.000000000000000000, 1.000000000000000000 ) ) ;
#695 = DIRECTION ( 'NONE',  ( 0.000000000000000000, 0.000000000000000000, 1.000000000000000000 ) ) ;
#696 = DIRECTION ( 'NONE',  ( 1.000000000000000000, 0.000000000000000000, 0.000000000000000000 ) ) ;
#697 = CARTESIAN_POINT ( 'NONE',  ( 0.8771638597533859549, -0.2343415236405601842, 2.500000000000000000 ) ) ;
#698 = APPLICATION_CONTEXT ( 'automotive_design' ) ;
#699 = CARTESIAN_POINT ( 'NONE',  ( 0.5250000000000000222, 0.000000000000000000, 1.185714285714285721 ) ) ;
#700 = CARTESIAN_POINT ( 'NONE',  ( 0.9000000000000000222, 0.000000000000000000, 2.500000000000000000 ) ) ;
#701 = ORIENTED_EDGE ( 'NONE', *, *, #63, .F. ) ;
#702 = ADVANCED_FACE ( 'NONE', ( #958 ), #793, .F. ) ;
#703 = AXIS2_PLACEMENT_3D ( 'NONE', #268, #905, #556 ) ;
#704 = AXIS2_PLACEMENT_3D ( 'NONE', #959, #166, #1111 ) ;
#705 = CARTESIAN_POINT ( 'NONE',  ( 0.000000000000000000, 0.000000000000000000, 0.6615223689149752895 ) ) ;
#706 = CIRCLE ( 'NONE', #919, 0.1000000000000000472 ) ;
#707 = DIRECTION ( 'NONE',  ( 0.000000000000000000, 0.000000000000000000, 1.000000000000000000 ) ) ;
#708 = DIRECTION ( 'NONE',  ( 1.000000000000000000, 0.000000000000000000, 0.000000000000000000 ) ) ;
#709 = MANIFOLD_SOLID_BREP ( 'Скругление2', #5 ) ;
#710 = EDGE_LOOP ( 'NONE', ( #223, #270 ) ) ;
#711 = EDGE_CURVE ( 'NONE', #583, #207, #558, .T. ) ;
#712 = CARTESIAN_POINT ( 'NONE',  ( 0.1308996669654830525, 1.000000000000000000, 2.500000000000000444 ) ) ;
#713 = VERTEX_POINT ( 'NONE', #599 ) ;
#714 = DIRECTION ( 'NONE',  ( 1.000000000000000000, 0.000000000000000000, 0.000000000000000000 ) ) ;
#715 = ORIENTED_EDGE ( 'NONE', *, *, #909, .T. ) ;
#716 = DIRECTION ( 'NONE',  ( -0.000000000000000000, -0.000000000000000000, -1.000000000000000000 ) ) ;
#717 = ORIENTED_EDGE ( 'NONE', *, *, #727, .F. ) ;
#718 = EDGE_CURVE ( 'NONE', #770, #719, #308, .T. ) ;
#719 = VERTEX_POINT ( 'NONE', #620 ) ;
#720 = DIRECTION ( 'NONE',  ( 1.000000000000000000, 0.000000000000000000, 0.000000000000000000 ) ) ;
#721 = DIRECTION ( 'NONE',  ( 0.000000000000000000, 0.000000000000000000, 1.000000000000000000 ) ) ;
#722 = ORIENTED_EDGE ( 'NONE', *, *, #563, .F. ) ;
#723 = DIRECTION ( 'NONE',  ( 0.000000000000000000, 0.000000000000000000, 1.000000000000000000 ) ) ;
#724 = APPLICATION_CONTEXT ( 'automotive_design' ) ;
#725 = AXIS2_PLACEMENT_3D ( 'NONE', #322, #345, #867 ) ;
#726 = CIRCLE ( 'NONE', #44, 1.000000000000000000 ) ;
#727 = EDGE_CURVE ( 'NONE', #536, #155, #1099, .T. ) ;
#728 = AXIS2_PLACEMENT_3D ( 'NONE', #535, #6, #456 ) ;
#729 = ORIENTED_EDGE ( 'NONE', *, *, #141, .T. ) ;
#730 = CARTESIAN_POINT ( 'NONE',  ( 0.000000000000000000, 0.000000000000000000, 3.285714285714286031 ) ) ;
#731 = CARTESIAN_POINT ( 'NONE',  ( 0.6250000000000000000, 7.654042494670957853E-17, 0.000000000000000000 ) ) ;
#732 = ORIENTED_EDGE ( 'NONE', *, *, #164, .F. ) ;
#733 = CARTESIAN_POINT ( 'NONE',  ( 0.5530920651181759906, 0.7197001410176095959, 2.500000000000000000 ) ) ;
#734 = ORIENTED_EDGE ( 'NONE', *, *, #969, .T. ) ;
#735 = CARTESIAN_POINT ( 'NONE',  ( 0.000000000000000000, 0.000000000000000000, 1.285714285714285809 ) ) ;
#736 = CARTESIAN_POINT ( 'NONE',  ( 0.7197001410176101510, -0.5530920651181754355, 2.500000000000000000 ) ) ;
#737 = CARTESIAN_POINT ( 'NONE',  ( 1.000000000000000000, 0.000000000000000000, 2.500000000000000444 ) ) ;
#738 = ORIENTED_EDGE ( 'NONE', *, *, #627, .T. ) ;
#739 = APPLICATION_CONTEXT ( 'automotive_design' ) ;
#740 = CARTESIAN_POINT ( 'NONE',  ( 0.2617479092431357901, 0.9739726663610895896, 2.499999999999999112 ) ) ;
#741 = CARTESIAN_POINT ( 'NONE',  ( 0.2617993877991490193, 1.000000000000000000, 2.400000000000000355 ) ) ;
#742 = AXIS2_PLACEMENT_3D ( 'NONE', #274, #637, #539 ) ;
#743 = ORIENTED_EDGE ( 'NONE', *, *, #30, .F. ) ;
#744 = CARTESIAN_POINT ( 'NONE',  ( 0.000000000000000000, 0.000000000000000000, 3.285714285714286031 ) ) ;
#745 = AXIS2_PLACEMENT_3D ( 'NONE', #735, #1025, #1002 ) ;
#746 =( GEOMETRIC_REPRESENTATION_CONTEXT ( 3 ) GLOBAL_UNCERTAINTY_ASSIGNED_CONTEXT ( ( #273 ) ) GLOBAL_UNIT_ASSIGNED_CONTEXT ( ( #1003, #209, #409 ) ) REPRESENTATION_CONTEXT ( 'NONE', 'WORKASPACE' ) );
#747 = DIRECTION ( 'NONE',  ( 0.000000000000000000, 0.000000000000000000, 1.000000000000000000 ) ) ;
#748 = CARTESIAN_POINT ( 'NONE',  ( 0.9739726663610851487, 0.2617479092431353460, 2.400000000000000355 ) ) ;
#749 = EDGE_CURVE ( 'NONE', #802, #762, #1033, .T. ) ;
#750 = ORIENTED_EDGE ( 'NONE', *, *, #828, .F. ) ;
#751 = LINE ( 'NONE', #920, #686 ) ;
#752 = DIRECTION ( 'NONE',  ( 0.000000000000000000, 0.000000000000000000, 1.000000000000000000 ) ) ;
#753 = CARTESIAN_POINT ( 'NONE',  ( 0.8765753997249796647, -0.2355731183188238542, 2.500000000000000000 ) ) ;
#754 = CARTESIAN_POINT ( 'NONE',  ( 0.2617479092431343468, 0.9739726663610857038, 2.400000000000000355 ) ) ;
#755 = ORIENTED_EDGE ( 'NONE', *, *, #1055, .F. ) ;
#756 = FACE_OUTER_BOUND ( 'NONE', #371, .T. ) ;
#757 = CARTESIAN_POINT ( 'NONE',  ( 0.4000000000000000222, 4.898587196589413075E-17, 2.000000000000000000 ) ) ;
#758 = CARTESIAN_POINT ( 'NONE',  ( 0.000000000000000000, 0.000000000000000000, 6.999999999999999112 ) ) ;
#759 = CARTESIAN_POINT ( 'NONE',  ( -0.7996668233529058423, -0.6145467390201826419, 2.499999999999999112 ) ) ;
#760 = CYLINDRICAL_SURFACE ( 'NONE', #859, 0.4500000000000000111 ) ;
#761 =( REPRESENTATION_RELATIONSHIP ('NONE','NONE', #782, #236 ) REPRESENTATION_RELATIONSHIP_WITH_TRANSFORMATION ( #1117 )SHAPE_REPRESENTATION_RELATIONSHIP( ) );
#762 = VERTEX_POINT ( 'NONE', #561 ) ;
#763 = AXIS2_PLACEMENT_3D ( 'NONE', #758, #410, #913 ) ;
#764 = EDGE_CURVE ( 'NONE', #1084, #383, #360, .T. ) ;
#765 = CIRCLE ( 'NONE', #266, 0.1999999999999999833 ) ;
#766 = DIRECTION ( 'NONE',  ( 1.000000000000000000, 0.000000000000000000, 0.000000000000000000 ) ) ;
#767 = CARTESIAN_POINT ( 'NONE',  ( -0.5500000000000001554, 7.960204194457796709E-17, 6.999999999999999112 ) ) ;
#768 = AXIS2_PLACEMENT_3D ( 'NONE', #300, #649, #1007 ) ;
#769 = CARTESIAN_POINT ( 'NONE',  ( -0.5036189554870401652, 0.8737863986614897716, 2.400000000000000355 ) ) ;
#770 = VERTEX_POINT ( 'NONE', #451 ) ;
#771 = PRODUCT_CONTEXT ( 'NONE', #724, 'mechanical' ) ;
#772 = CARTESIAN_POINT ( 'NONE',  ( -0.8737863986614872180, 0.5036189554870458274, 2.400000000000000355 ) ) ;
#773 = CARTESIAN_POINT ( 'NONE',  ( -0.2617993877991490193, -0.9999999999999997780, 2.399999999999999911 ) ) ;
#774 = CARTESIAN_POINT ( 'NONE',  ( 0.5036189554870376117, -0.8737863986614911038, 2.400000000000000355 ) ) ;
#775 = CARTESIAN_POINT ( 'NONE',  ( -0.5219866587632822075, -0.8922269036098128270, 2.400000000000000355 ) ) ;
#776 = APPLICATION_CONTEXT ( 'automotive_design' ) ;
#777 = EDGE_CURVE ( 'NONE', #831, #1105, #476, .T. ) ;
#778 = CYLINDRICAL_SURFACE ( 'NONE', #655, 0.6500000000000001332 ) ;
#779 = CARTESIAN_POINT ( 'NONE',  ( 0.6145467390201955205, 0.7996668233528995140, 2.400000000000000355 ) ) ;
#780 = CIRCLE ( 'NONE', #250, 0.6250000000000000000 ) ;
#781 = CARTESIAN_POINT ( 'NONE',  ( -0.5250000000000000222, 7.041719095097280140E-17, 1.285714285714285809 ) ) ;
#782 = SHAPE_REPRESENTATION ( '\X2\04210431043e0440043a0430\X0\1', ( #29, #768, #546 ), #1118 ) ;
#783 = AXIS2_PLACEMENT_3D ( 'NONE', #471, #625, #914 ) ;
#784 = CARTESIAN_POINT ( 'NONE',  ( -0.6250000000000000000, 0.000000000000000000, 0.000000000000000000 ) ) ;
#785 = ADVANCED_FACE ( 'NONE', ( #3 ), #817, .F. ) ;
#786 = CARTESIAN_POINT ( 'NONE',  ( 0.9000000000000000222, 0.000000000000000000, 2.500000000000000000 ) ) ;
#787 = CARTESIAN_POINT ( 'NONE',  ( 0.8737863986614881062, 0.5036189554870442731, 2.400000000000000355 ) ) ;
#788 = DIRECTION ( 'NONE',  ( 0.000000000000000000, 0.000000000000000000, 1.000000000000000000 ) ) ;
#789 = PLANE ( 'NONE',  #1061 ) ;
#790 = DIRECTION ( 'NONE',  ( 0.000000000000000000, -1.000000000000000000, 0.000000000000000000 ) ) ;
#791 = CARTESIAN_POINT ( 'NONE',  ( 0.7500000000000001110, 9.184850993605150903E-17, 6.999999999999999112 ) ) ;
#792 = ORIENTED_EDGE ( 'NONE', *, *, #718, .T. ) ;
#793 = PLANE ( 'NONE',  #403 ) ;
#794 = FACE_OUTER_BOUND ( 'NONE', #619, .T. ) ;
#795 = LINE ( 'NONE', #899, #212 ) ;
#796 = CARTESIAN_POINT ( 'NONE',  ( 0.5523134356744515694, 0.7205809334633646035, 2.500000000000000000 ) ) ;
#797 = ADVANCED_FACE ( 'NONE', ( #537 ), #26, .T. ) ;
#798 = ORIENTED_EDGE ( 'NONE', *, *, #467, .F. ) ;
#799 = DIRECTION ( 'NONE',  ( -1.000000000000000000, 0.000000000000000000, 0.000000000000000000 ) ) ;
#800 = PRESENTATION_LAYER_ASSIGNMENT (  '', '', ( #340 ) ) ;
#801 = AXIS2_PLACEMENT_3D ( 'NONE', #522, #1039, #855 ) ;
#802 = VERTEX_POINT ( 'NONE', #542 ) ;
#803 = CARTESIAN_POINT ( 'NONE',  ( -0.2344614036177414262, 0.8769576948550771300, 2.500000000000000000 ) ) ;
#804 = EDGE_LOOP ( 'NONE', ( #418, #1116 ) ) ;
#805 = CARTESIAN_POINT ( 'NONE',  ( 0.000000000000000000, 0.000000000000000000, 6.999999999999999112 ) ) ;
#806 = EDGE_LOOP ( 'NONE', ( #813, #555, #729, #62 ) ) ;
#807 = DIRECTION ( 'NONE',  ( -0.000000000000000000, -0.000000000000000000, -1.000000000000000000 ) ) ;
#808 = DIRECTION ( 'NONE',  ( -0.000000000000000000, -0.000000000000000000, -1.000000000000000000 ) ) ;
#809 = ORIENTED_EDGE ( 'NONE', *, *, #997, .F. ) ;
#810 = CARTESIAN_POINT ( 'NONE',  ( 1.000000000000000000, 1.224646799147353207E-16, 2.500000000000000000 ) ) ;
#811 = CARTESIAN_POINT ( 'NONE',  ( 0.5036189554870429408, 0.8737863986614845535, 2.499999999999999112 ) ) ;
#812 = EDGE_CURVE ( 'NONE', #802, #632, #706, .T. ) ;
#813 = ORIENTED_EDGE ( 'NONE', *, *, #311, .F. ) ;
#814 = PLANE ( 'NONE',  #285 ) ;
#815 = CARTESIAN_POINT ( 'NONE',  ( 0.5250000000000000222, 0.000000000000000000, 1.285714285714285809 ) ) ;
#816 = ORIENTED_EDGE ( 'NONE', *, *, #241, .T. ) ;
#817 = CYLINDRICAL_SURFACE ( 'NONE', #81, 0.4500000000000000111 ) ;
#818 = CARTESIAN_POINT ( 'NONE',  ( 0.8765753997249804419, 0.2355731183188223277, 2.500000000000000000 ) ) ;
#819 = AXIS2_PLACEMENT_3D ( 'NONE', #730, #1014, #912 ) ;
#820 = VECTOR ( 'NONE', #1129, 1000.000000000000000 ) ;
#821 = CIRCLE ( 'NONE', #107, 0.4000000000000000222 ) ;
#822 = ORIENTED_EDGE ( 'NONE', *, *, #600, .F. ) ;
#823 = CARTESIAN_POINT ( 'NONE',  ( -1.000000000000000000, -5.470204413439128743E-17, 2.400000000000000355 ) ) ;
#824 = CARTESIAN_POINT ( 'NONE',  ( -0.2617479092431398424, 0.9739726663610824842, 2.500000000000000444 ) ) ;
#825 = CARTESIAN_POINT ( 'NONE',  ( -0.8737863986614875511, 0.5036189554870461604, 2.499999999999999112 ) ) ;
#826 = ORIENTED_EDGE ( 'NONE', *, *, #154, .F. ) ;
#827 = FILL_AREA_STYLE ('',( #129 ) ) ;
#828 = EDGE_CURVE ( 'NONE', #624, #181, #992, .T. ) ;
#829 = CARTESIAN_POINT ( 'NONE',  ( 0.9739726663610864810, 0.2617479092431422849, 2.500000000000000000 ) ) ;
#830 = CARTESIAN_POINT ( 'NONE',  ( -0.8922269036098133821, 0.5219866587632812083, 2.400000000000000799 ) ) ;
#831 = VERTEX_POINT ( 'NONE', #999 ) ;
#832 = DIRECTION ( 'NONE',  ( 1.000000000000000000, 0.000000000000000000, 0.000000000000000000 ) ) ;
#833 = DIRECTION ( 'NONE',  ( 0.000000000000000000, 0.000000000000000000, 1.000000000000000000 ) ) ;
#834 = CARTESIAN_POINT ( 'NONE',  ( 1.000000000000000000, 0.000000000000000000, 2.500000000000000444 ) ) ;
#835 = EDGE_CURVE ( 'NONE', #762, #1057, #119, .T. ) ;
#836 = CARTESIAN_POINT ( 'NONE',  ( -0.7996668233529093950, -0.6145467390201858615, 2.400000000000000355 ) ) ;
#837 = AXIS2_PLACEMENT_3D ( 'NONE', #1021, #219, #921 ) ;
#838 = ORIENTED_EDGE ( 'NONE', *, *, #205, .F. ) ;
#839 = DIRECTION ( 'NONE',  ( 0.000000000000000000, 0.000000000000000000, 1.000000000000000000 ) ) ;
#840 = PRESENTATION_LAYER_ASSIGNMENT (  '', '', ( #1045 ) ) ;
#841 = AXIS2_PLACEMENT_3D ( 'NONE', #684, #869, #254 ) ;
#842 = CARTESIAN_POINT ( 'NONE',  ( -0.6250000000000000000, 0.000000000000000000, 1.285714285714285809 ) ) ;
#843 = CARTESIAN_POINT ( 'NONE',  ( 0.1178097002689347250, 0.9000000000000000222, 2.500000000000000000 ) ) ;
#844 = DIRECTION ( 'NONE',  ( 0.000000000000000000, 0.000000000000000000, 1.000000000000000000 ) ) ;
#845 = ORIENTED_EDGE ( 'NONE', *, *, #711, .T. ) ;
#846 = FACE_OUTER_BOUND ( 'NONE', #531, .T. ) ;
#847 = CARTESIAN_POINT ( 'NONE',  ( 0.000000000000000000, 0.000000000000000000, 0.000000000000000000 ) ) ;
#848 = LINE ( 'NONE', #46, #358 ) ;
#849 = CARTESIAN_POINT ( 'NONE',  ( -0.7197001410176115943, -0.5530920651181676639, 2.500000000000000000 ) ) ;
#850 = CARTESIAN_POINT ( 'NONE',  ( 1.000000000000000000, -0.1308996669655078382, 2.500000000000000444 ) ) ;
#851 = EDGE_CURVE ( 'NONE', #762, #802, #635, .T. ) ;
#852 = VERTEX_POINT ( 'NONE', #198 ) ;
#853 = SHAPE_DEFINITION_REPRESENTATION ( #47, #236 ) ;
#854 = VERTEX_POINT ( 'NONE', #113 ) ;
#855 = DIRECTION ( 'NONE',  ( 1.000000000000000000, 0.000000000000000000, 0.000000000000000000 ) ) ;
#856 = CARTESIAN_POINT ( 'NONE',  ( 0.2617479092431396204, -0.9739726663610862589, 2.500000000000000000 ) ) ;
#857 = ORIENTED_EDGE ( 'NONE', *, *, #1074, .T. ) ;
#858 = AXIS2_PLACEMENT_3D ( 'NONE', #622, #548, #261 ) ;
#859 = AXIS2_PLACEMENT_3D ( 'NONE', #670, #1029, #233 ) ;
#860 = FACE_BOUND ( 'NONE', #505, .T. ) ;
#861 = CARTESIAN_POINT ( 'NONE',  ( -0.7996668233529070635, 0.6145467390201880820, 2.400000000000000355 ) ) ;
#862 = AXIS2_PLACEMENT_3D ( 'NONE', #805, #13, #975 ) ;
#863 = DIRECTION ( 'NONE',  ( 1.224646799147353207E-16, 1.000000000000000000, -0.000000000000000000 ) ) ;
#864 = DIRECTION ( 'NONE',  ( 1.000000000000000000, 0.000000000000000000, 0.000000000000000000 ) ) ;
#865 = CARTESIAN_POINT ( 'NONE',  ( -1.000000000000000000, -0.1308996669654828304, 2.400000000000000355 ) ) ;
#866 = CARTESIAN_POINT ( 'NONE',  ( 0.6500000000000001332, 0.000000000000000000, 0.6615223689149752895 ) ) ;
#867 = DIRECTION ( 'NONE',  ( 1.000000000000000000, 0.000000000000000000, 0.000000000000000000 ) ) ;
#868 = ADVANCED_BREP_SHAPE_REPRESENTATION ( '', ( #351, #309 ), #968 ) ;
#869 = DIRECTION ( 'NONE',  ( 0.000000000000000000, 0.000000000000000000, 1.000000000000000000 ) ) ;
#870 = ADVANCED_FACE ( 'NONE', ( #927 ), #390, .T. ) ;
#871 = DIRECTION ( 'NONE',  ( -1.000000000000000000, 0.000000000000000000, 0.000000000000000000 ) ) ;
#872 = DIRECTION ( 'NONE',  ( 1.000000000000000000, 0.000000000000000000, 0.000000000000000000 ) ) ;
#873 = PRODUCT_CONTEXT ( 'NONE', #776, 'mechanical' ) ;
#874 = AXIS2_PLACEMENT_3D ( 'NONE', #699, #278, #886 ) ;
#875 = FACE_OUTER_BOUND ( 'NONE', #176, .T. ) ;
#876 = AXIS2_PLACEMENT_3D ( 'NONE', #385, #349, #696 ) ;
#877 = CARTESIAN_POINT ( 'NONE',  ( 0.000000000000000000, 0.000000000000000000, 2.500000000000000000 ) ) ;
#878 = CIRCLE ( 'NONE', #879, 0.7500000000000001110 ) ;
#879 = AXIS2_PLACEMENT_3D ( 'NONE', #557, #721, #714 ) ;
#880 = CARTESIAN_POINT ( 'NONE',  ( 0.4543687746394417526, -0.7860254636652175275, 2.500000000000000000 ) ) ;
#881 = FACE_OUTER_BOUND ( 'NONE', #25, .T. ) ;
#882 = ORIENTED_EDGE ( 'NONE', *, *, #727, .T. ) ;
#883 = DIRECTION ( 'NONE',  ( -1.000000000000000000, 0.000000000000000000, 0.000000000000000000 ) ) ;
#884 = DIRECTION ( 'NONE',  ( 1.000000000000000000, 0.000000000000000000, 0.000000000000000000 ) ) ;
#885 = EDGE_CURVE ( 'NONE', #911, #852, #1080, .T. ) ;
#886 = DIRECTION ( 'NONE',  ( 0.000000000000000000, 0.000000000000000000, -1.000000000000000000 ) ) ;
#887 = FACE_OUTER_BOUND ( 'NONE', #659, .T. ) ;
#888 = ORIENTED_EDGE ( 'NONE', *, *, #646, .T. ) ;
#889 = SURFACE_SIDE_STYLE ('',( #1063 ) ) ;
#890 = CARTESIAN_POINT ( 'NONE',  ( 0.8737863986614869960, 0.5036189554870371676, 2.500000000000000000 ) ) ;
#891 = ORIENTED_EDGE ( 'NONE', *, *, #324, .T. ) ;
#892 = CYLINDRICAL_SURFACE ( 'NONE', #172, 0.4000000000000000222 ) ;
#893 = CARTESIAN_POINT ( 'NONE',  ( -0.5522112726724323073, 0.7204787704613105914, 2.500000000000000000 ) ) ;
#894 = EDGE_LOOP ( 'NONE', ( #149, #717 ) ) ;
#895 = CIRCLE ( 'NONE', #326, 0.3500000000000000333 ) ;
#896 = ORIENTED_EDGE ( 'NONE', *, *, #504, .T. ) ;
#897 = CARTESIAN_POINT ( 'NONE',  ( -0.9000000000000000222, -0.1178097002689345585, 2.500000000000000000 ) ) ;
#898 = ORIENTED_EDGE ( 'NONE', *, *, #962, .T. ) ;
#899 = CARTESIAN_POINT ( 'NONE',  ( -0.4000000000000000222, 0.000000000000000000, 2.000000000000000000 ) ) ;
#900 = FACE_OUTER_BOUND ( 'NONE', #947, .T. ) ;
#901 = ORIENTED_EDGE ( 'NONE', *, *, #311, .T. ) ;
#902 = DIRECTION ( 'NONE',  ( 1.000000000000000000, 0.000000000000000000, 0.000000000000000000 ) ) ;
#903 = CARTESIAN_POINT ( 'NONE',  ( 0.4532570599383379806, 0.7864077587953335335, 2.500000000000000000 ) ) ;
#904 = EDGE_LOOP ( 'NONE', ( #798, #479, #305, #838 ) ) ;
#905 = DIRECTION ( 'NONE',  ( 0.000000000000000000, 0.000000000000000000, 1.000000000000000000 ) ) ;
#906 = CARTESIAN_POINT ( 'NONE',  ( 0.4543134844211008105, 0.7858919812703782926, 2.500000000000000000 ) ) ;
#907 = ORIENTED_EDGE ( 'NONE', *, *, #812, .T. ) ;
#908 = DIRECTION ( 'NONE',  ( -0.000000000000000000, -0.000000000000000000, -1.000000000000000000 ) ) ;
#909 = EDGE_CURVE ( 'NONE', #155, #536, #516, .T. ) ;
#910 = CARTESIAN_POINT ( 'NONE',  ( -0.7197001410176115943, -0.5530920651181676639, 2.500000000000000000 ) ) ;
#911 = VERTEX_POINT ( 'NONE', #163 ) ;
#912 = DIRECTION ( 'NONE',  ( 1.000000000000000000, 0.000000000000000000, -0.000000000000000000 ) ) ;
#913 = DIRECTION ( 'NONE',  ( 1.000000000000000000, 0.000000000000000000, 0.000000000000000000 ) ) ;
#914 = DIRECTION ( 'NONE',  ( 1.000000000000000000, 0.000000000000000000, 0.000000000000000000 ) ) ;
#915 = CARTESIAN_POINT ( 'NONE',  ( -0.5036189554870460494, -0.8737863986614875511, 2.499999999999999112 ) ) ;
#916 = CIRCLE ( 'NONE', #874, 0.1000000000000000472 ) ;
#917 = MECHANICAL_DESIGN_GEOMETRIC_PRESENTATION_REPRESENTATION (  '', ( #340 ), #965 ) ;
#918 = EDGE_CURVE ( 'NONE', #1105, #1087, #404, .T. ) ;
#919 = AXIS2_PLACEMENT_3D ( 'NONE', #458, #631, #20 ) ;
#920 = CARTESIAN_POINT ( 'NONE',  ( 0.4000000000000000222, 4.898587196589413075E-17, 2.000000000000000000 ) ) ;
#921 = DIRECTION ( 'NONE',  ( 1.000000000000000000, 0.000000000000000000, 0.000000000000000000 ) ) ;
#922 = CARTESIAN_POINT ( 'NONE',  ( -0.8765753997249732254, 0.2355731183188207178, 2.500000000000000000 ) ) ;
#923 = CARTESIAN_POINT ( 'NONE',  ( -1.000000000000000000, 0.1308996669654831080, 2.400000000000000355 ) ) ;
#924 = ADVANCED_FACE ( 'NONE', ( #73 ), #690, .T. ) ;
#925 = ORIENTED_EDGE ( 'NONE', *, *, #1123, .F. ) ;
#926 = DIRECTION ( 'NONE',  ( 1.000000000000000000, 0.000000000000000000, 0.000000000000000000 ) ) ;
#927 = FACE_OUTER_BOUND ( 'NONE', #806, .T. ) ;
#928 = CARTESIAN_POINT ( 'NONE',  ( -0.1308996669654829137, 1.000000000000000000, 2.400000000000000355 ) ) ;
#929 = PRODUCT ( '\X2\0414043504420430043b044c\X0\2', '\X2\0414043504420430043b044c\X0\2', '', ( #507 ) ) ;
#930 = VERTEX_POINT ( 'NONE', #767 ) ;
#931 = DIRECTION ( 'NONE',  ( -1.000000000000000000, 0.000000000000000000, 0.000000000000000000 ) ) ;
#932 = ORIENTED_EDGE ( 'NONE', *, *, #184, .T. ) ;
#933 = CARTESIAN_POINT ( 'NONE',  ( 0.5530920651181717718, -0.7197001410176138148, 2.500000000000000000 ) ) ;
#934 = CARTESIAN_POINT ( 'NONE',  ( 1.000000000000000000, 0.000000000000000000, 2.400000000000000355 ) ) ;
#935 = ORIENTED_EDGE ( 'NONE', *, *, #835, .F. ) ;
#936 = FACE_OUTER_BOUND ( 'NONE', #95, .T. ) ;
#937 = AXIS2_PLACEMENT_3D ( 'NONE', #239, #594, #872 ) ;
#938 = AXIS2_PLACEMENT_3D ( 'NONE', #419, #1050, #258 ) ;
#939 =( BOUNDED_CURVE ( )  B_SPLINE_CURVE ( 2, ( #408, #654, #823 ),
 .UNSPECIFIED., .F., .F. ) 
 B_SPLINE_CURVE_WITH_KNOTS ( ( 3, 3 ),
 ( 0.000000000000000000, 1.000000000000000000 ),
 .UNSPECIFIED. ) 
 CURVE ( )  GEOMETRIC_REPRESENTATION_ITEM ( )  RATIONAL_B_SPLINE_CURVE ( ( 1.000000000000000000, 0.07071067811865462682, 1.000000000000000000 ) ) 
 REPRESENTATION_ITEM ( '' )  );
#940 = CARTESIAN_POINT ( 'NONE',  ( -0.7996668233529136138, 0.6145467390201941882, 2.499999999999999112 ) ) ;
#941 = ADVANCED_FACE ( 'NONE', ( #875 ), #615, .T. ) ;
#942 = CARTESIAN_POINT ( 'NONE',  ( -0.9739726663610851487, 0.2617479092431362897, 2.400000000000000355 ) ) ;
#943 = PRODUCT_DEFINITION_SHAPE ( 'NONE', 'NONE',  #1136 ) ;
#944 = ORIENTED_EDGE ( 'NONE', *, *, #354, .T. ) ;
#945 = CARTESIAN_POINT ( 'NONE',  ( 0.5036189554870366125, -0.8737863986614886613, 2.500000000000000000 ) ) ;
#946 = FACE_OUTER_BOUND ( 'NONE', #450, .T. ) ;
#947 = EDGE_LOOP ( 'NONE', ( #935, #1078, #1001, #974 ) ) ;
#948 = DIRECTION ( 'NONE',  ( 0.000000000000000000, 0.000000000000000000, 1.000000000000000000 ) ) ;
#949 = FILL_AREA_STYLE_COLOUR ( '', #566 ) ;
#950 = CONTEXT_DEPENDENT_SHAPE_REPRESENTATION ( #761, #85 ) ;
#951 = CIRCLE ( 'NONE', #937, 0.4000000000000000222 ) ;
#952 = CARTESIAN_POINT ( 'NONE',  ( 1.000000000000000000, -0.1308996669655078382, 2.500000000000000444 ) ) ;
#953 = AXIS2_PLACEMENT_3D ( 'NONE', #679, #948, #708 ) ;
#954 = LINE ( 'NONE', #866, #173 ) ;
#955 = EDGE_CURVE ( 'NONE', #500, #8, #437, .T. ) ;
#956 = CARTESIAN_POINT ( 'NONE',  ( 0.000000000000000000, 0.000000000000000000, 2.000000000000000000 ) ) ;
#957 = CARTESIAN_POINT ( 'NONE',  ( -0.1308996669654829137, 1.000000000000000000, 2.400000000000000355 ) ) ;
#958 = FACE_OUTER_BOUND ( 'NONE', #144, .T. ) ;
#959 = CARTESIAN_POINT ( 'NONE',  ( 0.000000000000000000, 0.000000000000000000, 6.899999999999998579 ) ) ;
#960 = CARTESIAN_POINT ( 'NONE',  ( 0.9739726663610914770, -0.2617479092431362342, 2.500000000000025313 ) ) ;
#961 = CARTESIAN_POINT ( 'NONE',  ( 0.000000000000000000, 0.000000000000000000, 6.899999999999998579 ) ) ;
#962 = EDGE_CURVE ( 'NONE', #378, #648, #235, .T. ) ;
#963 = CARTESIAN_POINT ( 'NONE',  ( 0.000000000000000000, 0.000000000000000000, 2.000000000000000000 ) ) ;
#964 = CARTESIAN_POINT ( 'NONE',  ( 0.2617479092431343468, 0.9739726663610857038, 2.400000000000000355 ) ) ;
#965 =( GEOMETRIC_REPRESENTATION_CONTEXT ( 3 ) GLOBAL_UNCERTAINTY_ASSIGNED_CONTEXT ( ( #460 ) ) GLOBAL_UNIT_ASSIGNED_CONTEXT ( ( #474, #392, #399 ) ) REPRESENTATION_CONTEXT ( 'NONE', 'WORKASPACE' ) );
#966 = ORIENTED_EDGE ( 'NONE', *, *, #396, .F. ) ;
#967 = CARTESIAN_POINT ( 'NONE',  ( -1.000000000000000000, 0.000000000000000000, 2.000000000000000000 ) ) ;
#968 =( GEOMETRIC_REPRESENTATION_CONTEXT ( 3 ) GLOBAL_UNCERTAINTY_ASSIGNED_CONTEXT ( ( #496 ) ) GLOBAL_UNIT_ASSIGNED_CONTEXT ( ( #323, #138, #229 ) ) REPRESENTATION_CONTEXT ( 'NONE', 'WORKASPACE' ) );
#969 = EDGE_CURVE ( 'NONE', #378, #1087, #202, .T. ) ;
#970 = CARTESIAN_POINT ( 'NONE',  ( -0.8737863986614908818, -0.5036189554870383889, 2.400000000000000355 ) ) ;
#971 = CARTESIAN_POINT ( 'NONE',  ( 0.000000000000000000, 0.000000000000000000, 3.285714285714286031 ) ) ;
#972 = CARTESIAN_POINT ( 'NONE',  ( 0.4500000000000000111, 0.000000000000000000, 6.899999999999998579 ) ) ;
#973 = CARTESIAN_POINT ( 'NONE',  ( -0.4543687746394207139, 0.7860254636652389548, 2.500000000000000000 ) ) ;
#974 = ORIENTED_EDGE ( 'NONE', *, *, #75, .T. ) ;
#975 = DIRECTION ( 'NONE',  ( 1.000000000000000000, 0.000000000000000000, 0.000000000000000000 ) ) ;
#976 = PRODUCT_DEFINITION ( 'UNKNOWN', '', #1034, #417 ) ;
#977 = CARTESIAN_POINT ( 'NONE',  ( 0.09999999999999999167, 0.000000000000000000, 2.935714285714285943 ) ) ;
#978 = CARTESIAN_POINT ( 'NONE',  ( -0.7205809334633541674, 0.5523134356744742179, 2.500000000000000000 ) ) ;
#979 = ORIENTED_EDGE ( 'NONE', *, *, #51, .T. ) ;
#980 = CARTESIAN_POINT ( 'NONE',  ( 0.000000000000000000, 0.000000000000000000, 6.899999999999998579 ) ) ;
#981 = CARTESIAN_POINT ( 'NONE',  ( 0.6145467390201955205, 0.7996668233528996250, 2.500000000000000000 ) ) ;
#982 = B_SPLINE_CURVE_WITH_KNOTS ( 'NONE', 3,
 ( #327, #147, #830, #677, #509, #741, #1098, #310, #259, #430 ),
 .UNSPECIFIED., .F., .F.,
 ( 4, 2, 2, 2, 4 ),
 ( 0.5000000000000000000, 0.6250000000000000000, 0.7500000000000000000, 0.8750000000000000000, 1.000000000000000000 ),
 .UNSPECIFIED. ) ;
#983 = EDGE_CURVE ( 'NONE', #500, #719, #18, .T. ) ;
#984 = VERTEX_POINT ( 'NONE', #269 ) ;
#985 = CYLINDRICAL_SURFACE ( 'NONE', #742, 1.000000000000000000 ) ;
#986 = CARTESIAN_POINT ( 'NONE',  ( -0.8999277598484602958, 0.1189830887398205389, 2.500000000000000000 ) ) ;
#987 = VERTEX_POINT ( 'NONE', #815 ) ;
#988 = DIRECTION ( 'NONE',  ( 1.000000000000000000, 0.000000000000000000, 0.000000000000000000 ) ) ;
#989 = TOROIDAL_SURFACE ( 'NONE', #265, 0.5500000000000001554, 0.2000000000000000111 ) ;
#990 = AXIS2_PLACEMENT_3D ( 'NONE', #602, #82, #883 ) ;
#991 = CARTESIAN_POINT ( 'NONE',  ( -0.2617479092431398424, 0.9739726663610824842, 2.500000000000000444 ) ) ;
#992 = CIRCLE ( 'NONE', #1012, 0.6500000000000001332 ) ;
#993 = PRODUCT ( '\X2\04210431043e0440043a0430\X0\1', '\X2\04210431043e0440043a0430\X0\1', '', ( #873 ) ) ;
#994 = ORIENTED_EDGE ( 'NONE', *, *, #646, .F. ) ;
#995 = DIRECTION ( 'NONE',  ( 0.000000000000000000, 0.000000000000000000, 1.000000000000000000 ) ) ;
#996 = DIRECTION ( 'NONE',  ( 0.000000000000000000, 0.000000000000000000, 1.000000000000000000 ) ) ;
#997 = EDGE_CURVE ( 'NONE', #207, #665, #252, .T. ) ;
#998 = ORIENTED_EDGE ( 'NONE', *, *, #812, .F. ) ;
#999 = CARTESIAN_POINT ( 'NONE',  ( -0.7500000000000001110, 0.000000000000000000, 6.799999999999999822 ) ) ;
#1000 = CARTESIAN_POINT ( 'NONE',  ( -0.1178097002689346140, 0.9000000000000000222, 2.500000000000000000 ) ) ;
#1001 = ORIENTED_EDGE ( 'NONE', *, *, #30, .T. ) ;
#1002 = DIRECTION ( 'NONE',  ( 1.000000000000000000, 0.000000000000000000, -0.000000000000000000 ) ) ;
#1003 =( LENGTH_UNIT ( ) NAMED_UNIT ( * ) SI_UNIT ( .MILLI., .METRE. ) );
#1004 = CARTESIAN_POINT ( 'NONE',  ( 0.000000000000000000, 0.000000000000000000, 1.185714285714285721 ) ) ;
#1005 = CARTESIAN_POINT ( 'NONE',  ( 0.9739726663610864810, 0.2617479092431422849, 2.500000000000000000 ) ) ;
#1006 = ORIENTED_EDGE ( 'NONE', *, *, #354, .F. ) ;
#1007 = DIRECTION ( 'NONE',  ( 1.000000000000000000, 0.000000000000000000, 0.000000000000000000 ) ) ;
#1008 = CARTESIAN_POINT ( 'NONE',  ( -0.9000000000000000222, -0.1178097002689345585, 2.500000000000000000 ) ) ;
#1009 = CARTESIAN_POINT ( 'NONE',  ( 0.6145467390201955205, 0.7996668233528995140, 2.400000000000000355 ) ) ;
#1010 = CIRCLE ( 'NONE', #589, 0.6500000000000001332 ) ;
#1011 = ADVANCED_FACE ( 'NONE', ( #881, #87 ), #372, .T. ) ;
#1012 = AXIS2_PLACEMENT_3D ( 'NONE', #369, #723, #552 ) ;
#1013 = ORIENTED_EDGE ( 'NONE', *, *, #627, .F. ) ;
#1014 = DIRECTION ( 'NONE',  ( 0.000000000000000000, 0.000000000000000000, 1.000000000000000000 ) ) ;
#1015 = DIRECTION ( 'NONE',  ( 0.000000000000000000, 0.000000000000000000, 1.000000000000000000 ) ) ;
#1016 = CARTESIAN_POINT ( 'NONE',  ( -0.5036189554870404983, 0.8737863986614904377, 2.500000000000000444 ) ) ;
#1017 = CARTESIAN_POINT ( 'NONE',  ( -0.2617479092431390097, -0.9739726663610840385, 2.400000000000000355 ) ) ;
#1018 = EDGE_LOOP ( 'NONE', ( #510, #809 ) ) ;
#1019 = FACE_BOUND ( 'NONE', #373, .T. ) ;
#1020 = SHAPE_REPRESENTATION ( '\X2\0414043504420430043b044c\X0\2', ( #309 ), #746 ) ;
#1021 = CARTESIAN_POINT ( 'NONE',  ( 0.000000000000000000, 0.000000000000000000, 1.285714285714285809 ) ) ;
#1022 = CARTESIAN_POINT ( 'NONE',  ( 0.5530920651181759906, 0.7197001410176095959, 2.500000000000000000 ) ) ;
#1023 = CARTESIAN_POINT ( 'NONE',  ( -0.5036189554870431628, -0.8737863986614884393, 2.400000000000000355 ) ) ;
#1024 = EDGE_LOOP ( 'NONE', ( #483, #750 ) ) ;
#1025 = DIRECTION ( 'NONE',  ( 0.000000000000000000, 0.000000000000000000, 1.000000000000000000 ) ) ;
#1026 =( NAMED_UNIT ( * ) SI_UNIT ( $, .STERADIAN. ) SOLID_ANGLE_UNIT ( ) );
#1027 = CARTESIAN_POINT ( 'NONE',  ( -0.09999999999999999167, 3.367778697655220642E-17, 3.285714285714286031 ) ) ;
#1028 = CARTESIAN_POINT ( 'NONE',  ( -0.1178097002689346140, 0.9000000000000000222, 2.500000000000000000 ) ) ;
#1029 = DIRECTION ( 'NONE',  ( -0.000000000000000000, -0.000000000000000000, -1.000000000000000000 ) ) ;
#1030 = AXIS2_PLACEMENT_3D ( 'NONE', #116, #995, #720 ) ;
#1031 = EDGE_LOOP ( 'NONE', ( #541, #888, #461, #565 ) ) ;
#1032 = DIRECTION ( 'NONE',  ( -0.000000000000000000, -0.000000000000000000, -1.000000000000000000 ) ) ;
#1033 = CIRCLE ( 'NONE', #267, 0.6250000000000000000 ) ;
#1034 = PRODUCT_DEFINITION_FORMATION_WITH_SPECIFIED_SOURCE ( 'ANY', '', #929, .NOT_KNOWN. ) ;
#1035 = CARTESIAN_POINT ( 'NONE',  ( 0.7996668233528996250, 0.6145467390201955205, 2.500000000000000000 ) ) ;
#1036 = ADVANCED_FACE ( 'NONE', ( #549 ), #454, .T. ) ;
#1037 = CARTESIAN_POINT ( 'NONE',  ( 0.9739726663610914770, -0.2617479092431362342, 2.500000000000025313 ) ) ;
#1038 = ORIENTED_EDGE ( 'NONE', *, *, #664, .T. ) ;
#1039 = DIRECTION ( 'NONE',  ( 0.000000000000000000, 0.000000000000000000, 1.000000000000000000 ) ) ;
#1040 = DIRECTION ( 'NONE',  ( 1.000000000000000000, 0.000000000000000000, -0.000000000000000000 ) ) ;
#1041 = CARTESIAN_POINT ( 'NONE',  ( 1.000000000000000000, 0.000000000000000000, 2.500000000000000444 ) ) ;
#1042 = DIRECTION ( 'NONE',  ( 1.000000000000000000, 0.000000000000000000, 0.000000000000000000 ) ) ;
#1043 = ADVANCED_FACE ( 'NONE', ( #887 ), #568, .T. ) ;
#1044 = DIRECTION ( 'NONE',  ( 0.000000000000000000, 0.000000000000000000, 1.000000000000000000 ) ) ;
#1045 = STYLED_ITEM ( 'NONE', ( #106 ), #709 ) ;
#1046 = AXIS2_PLACEMENT_3D ( 'NONE', #1106, #1015, #926 ) ;
#1047 = CARTESIAN_POINT ( 'NONE',  ( 0.8922269036098129380, -0.5219866587632823185, 2.400000000000000355 ) ) ;
#1048 = CARTESIAN_POINT ( 'NONE',  ( -0.8769576948550953377, -0.2344614036177216088, 2.500000000000000444 ) ) ;
#1049 = PRODUCT_RELATED_PRODUCT_CATEGORY ( 'part', '', ( #929 ) ) ;
#1050 = DIRECTION ( 'NONE',  ( -0.000000000000000000, -0.000000000000000000, -1.000000000000000000 ) ) ;
#1051 = DIRECTION ( 'NONE',  ( -0.000000000000000000, -0.000000000000000000, -1.000000000000000000 ) ) ;
#1052 = FACE_OUTER_BOUND ( 'NONE', #455, .T. ) ;
#1053 = DIRECTION ( 'NONE',  ( 0.000000000000000000, 0.000000000000000000, 1.000000000000000000 ) ) ;
#1054 = CARTESIAN_POINT ( 'NONE',  ( 0.1308996669654830247, 1.000000000000000000, 2.400000000000000355 ) ) ;
#1055 = EDGE_CURVE ( 'NONE', #8, #984, #214, .T. ) ;
#1056 = FACE_OUTER_BOUND ( 'NONE', #1031, .T. ) ;
#1057 = VERTEX_POINT ( 'NONE', #731 ) ;
#1058 = CARTESIAN_POINT ( 'NONE',  ( 0.1189830887398267978, -0.9000722401515394155, 2.499999999999999556 ) ) ;
#1059 = CIRCLE ( 'NONE', #420, 0.6500000000000001332 ) ;
#1060 = CARTESIAN_POINT ( 'NONE',  ( 0.8769576948551279783, 0.2344614036176782546, 2.500000000000000444 ) ) ;
#1061 = AXIS2_PLACEMENT_3D ( 'NONE', #414, #4, #1131 ) ;
#1062 = EDGE_LOOP ( 'NONE', ( #470, #845, #668, #16 ) ) ;
#1063 = SURFACE_STYLE_FILL_AREA ( #374 ) ;
#1064 = VECTOR ( 'NONE', #716, 1000.000000000000000 ) ;
#1065 = CARTESIAN_POINT ( 'NONE',  ( -0.7204787704613107024, -0.5522112726724320853, 2.500000000000000000 ) ) ;
#1066 = DIRECTION ( 'NONE',  ( 1.000000000000000000, 0.000000000000000000, 0.000000000000000000 ) ) ;
#1067 = DIRECTION ( 'NONE',  ( 0.000000000000000000, -1.000000000000000000, 0.000000000000000000 ) ) ;
#1068 = ORIENTED_EDGE ( 'NONE', *, *, #442, .F. ) ;
#1069 = CARTESIAN_POINT ( 'NONE',  ( -1.000000000000000000, -0.1308996669654828304, 2.500000000000000444 ) ) ;
#1070 = CARTESIAN_POINT ( 'NONE',  ( 0.000000000000000000, 0.000000000000000000, 2.000000000000000000 ) ) ;
#1071 = ORIENTED_EDGE ( 'NONE', *, *, #75, .F. ) ;
#1072 = CARTESIAN_POINT ( 'NONE',  ( 0.000000000000000000, 0.000000000000000000, 1.185714285714285721 ) ) ;
#1073 = CARTESIAN_POINT ( 'NONE',  ( 0.7864077587953356430, -0.4532570599383401455, 2.500000000000000000 ) ) ;
#1074 = EDGE_CURVE ( 'NONE', #1087, #1105, #878, .T. ) ;
#1075 = ORIENTED_EDGE ( 'NONE', *, *, #169, .T. ) ;
#1076 = CARTESIAN_POINT ( 'NONE',  ( 0.6500000000000001332, 0.000000000000000000, 6.899999999999998579 ) ) ;
#1077 = CARTESIAN_POINT ( 'NONE',  ( 0.6500000000000001332, 0.000000000000000000, 2.500000000000000000 ) ) ;
#1078 = ORIENTED_EDGE ( 'NONE', *, *, #851, .T. ) ;
#1079 = AXIS2_PLACEMENT_3D ( 'NONE', #142, #844, #50 ) ;
#1080 = CIRCLE ( 'NONE', #841, 0.4500000000000000111 ) ;
#1081 = ORIENTED_EDGE ( 'NONE', *, *, #851, .F. ) ;
#1082 = FACE_OUTER_BOUND ( 'NONE', #288, .T. ) ;
#1083 = DIRECTION ( 'NONE',  ( -0.000000000000000000, -0.000000000000000000, -1.000000000000000000 ) ) ;
#1084 = VERTEX_POINT ( 'NONE', #1077 ) ;
#1085 = SURFACE_STYLE_USAGE ( .BOTH. , #889 ) ;
#1086 = CARTESIAN_POINT ( 'NONE',  ( -0.9000000000000000222, 0.1178097002689347805, 2.500000000000000000 ) ) ;
#1087 = VERTEX_POINT ( 'NONE', #353 ) ;
#1088 = DIRECTION ( 'NONE',  ( -0.000000000000000000, -0.000000000000000000, -1.000000000000000000 ) ) ;
#1089 = DIRECTION ( 'NONE',  ( 1.000000000000000000, 0.000000000000000000, 0.000000000000000000 ) ) ;
#1090 = CARTESIAN_POINT ( 'NONE',  ( -0.8737863986614875511, 0.5036189554870461604, 2.499999999999999112 ) ) ;
#1091 = EDGE_CURVE ( 'NONE', #713, #488, #194, .T. ) ;
#1092 = CARTESIAN_POINT ( 'NONE',  ( -0.1178097002689333789, -0.9000000000000000222, 2.500000000000000000 ) ) ;
#1093 = B_SPLINE_CURVE_WITH_KNOTS ( 'NONE', 3,
 ( #691, #177, #1047, #607, #426, #773, #775, #329, #65, #333 ),
 .UNSPECIFIED., .F., .F.,
 ( 4, 2, 2, 2, 4 ),
 ( 0.000000000000000000, 0.1250000000000000278, 0.2500000000000000555, 0.3750000000000000000, 0.5000000000000000000 ),
 .UNSPECIFIED. ) ;
#1094 = ORIENTED_EDGE ( 'NONE', *, *, #983, .T. ) ;
#1095 = CYLINDRICAL_SURFACE ( 'NONE', #673, 0.6500000000000001332 ) ;
#1096 = CARTESIAN_POINT ( 'NONE',  ( 0.000000000000000000, 0.000000000000000000, 2.935714285714285943 ) ) ;
#1097 = CARTESIAN_POINT ( 'NONE',  ( 0.1308996669654830525, 1.000000000000000000, 2.500000000000000444 ) ) ;
#1098 = CARTESIAN_POINT ( 'NONE',  ( 0.5219866587632828736, 0.8922269036098126049, 2.400000000000000355 ) ) ;
#1099 = CIRCLE ( 'NONE', #862, 0.4500000000000000111 ) ;
#1100 = AXIS2_PLACEMENT_3D ( 'NONE', #381, #180, #623 ) ;
#1101 = ORIENTED_EDGE ( 'NONE', *, *, #764, .T. ) ;
#1102 = CARTESIAN_POINT ( 'NONE',  ( 0.7500000000000001110, 9.184850993605150903E-17, 6.799999999999999822 ) ) ;
#1103 = CARTESIAN_POINT ( 'NONE',  ( -0.2617479092431360121, -0.9739726663610850377, 2.499999999999999112 ) ) ;
#1104 = ADVANCED_FACE ( 'NONE', ( #900 ), #111, .T. ) ;
#1105 = VERTEX_POINT ( 'NONE', #1112 ) ;
#1106 = CARTESIAN_POINT ( 'NONE',  ( 0.000000000000000000, 0.000000000000000000, 0.000000000000000000 ) ) ;
#1107 = CARTESIAN_POINT ( 'NONE',  ( -0.1308996669654814982, -1.000000000000000000, 2.500000000000000444 ) ) ;
#1108 = CARTESIAN_POINT ( 'NONE',  ( -0.8737863986614908818, -0.5036189554870383889, 2.400000000000000355 ) ) ;
#1109 = ADVANCED_FACE ( 'NONE', ( #567 ), #174, .T. ) ;
#1110 = ORIENTED_EDGE ( 'NONE', *, *, #103, .F. ) ;
#1111 = DIRECTION ( 'NONE',  ( 1.000000000000000000, 0.000000000000000000, -0.000000000000000000 ) ) ;
#1112 = CARTESIAN_POINT ( 'NONE',  ( -0.7500000000000001110, 0.000000000000000000, 2.500000000000000000 ) ) ;
#1113 = CARTESIAN_POINT ( 'NONE',  ( -0.5036189554870460494, -0.8737863986614875511, 2.499999999999999112 ) ) ;
#1114 = CARTESIAN_POINT ( 'NONE',  ( 1.000000000000000000, 0.1308996669655076717, 2.400000000000000355 ) ) ;
#1115 = AXIS2_PLACEMENT_3D ( 'NONE', #744, #839, #832 ) ;
#1116 = ORIENTED_EDGE ( 'NONE', *, *, #154, .T. ) ;
#1117 = ITEM_DEFINED_TRANSFORMATION ( 'NONE', 'NONE', #768,  #309 ) ;
#1118 =( GEOMETRIC_REPRESENTATION_CONTEXT ( 3 ) GLOBAL_UNCERTAINTY_ASSIGNED_CONTEXT ( ( #554 ) ) GLOBAL_UNIT_ASSIGNED_CONTEXT ( ( #400, #490, #1026 ) ) REPRESENTATION_CONTEXT ( 'NONE', 'WORKASPACE' ) );
#1119 = CARTESIAN_POINT ( 'NONE',  ( -0.09999999999999999167, 1.224646799147353115E-17, 2.935714285714285943 ) ) ;
#1120 = CARTESIAN_POINT ( 'NONE',  ( -0.1308996669654814982, -1.000000000000000000, 2.500000000000000444 ) ) ;
#1121 = ORIENTED_EDGE ( 'NONE', *, *, #14, .F. ) ;
#1122 = CARTESIAN_POINT ( 'NONE',  ( -0.9739726663610851487, 0.2617479092431362897, 2.400000000000000355 ) ) ;
#1123 = EDGE_CURVE ( 'NONE', #854, #112, #821, .T. ) ;
#1124 = CARTESIAN_POINT ( 'NONE',  ( -1.000000000000000000, 0.000000000000000000, 2.500000000000000000 ) ) ;
#1125 = APPLICATION_PROTOCOL_DEFINITION ( 'draft international standard', 'automotive_design', 1998, #739 ) ;
#1126 = FACE_OUTER_BOUND ( 'NONE', #227, .T. ) ;
#1127 = CARTESIAN_POINT ( 'NONE',  ( -0.6500000000000001332, 7.960204194457795477E-17, 2.500000000000000000 ) ) ;
#1128 = CARTESIAN_POINT ( 'NONE',  ( 0.2617479092431386767, -0.9739726663610835944, 2.400000000000000355 ) ) ;
#1129 = DIRECTION ( 'NONE',  ( -0.000000000000000000, -0.000000000000000000, -1.000000000000000000 ) ) ;
#1130 = VERTEX_POINT ( 'NONE', #757 ) ;
#1131 = DIRECTION ( 'NONE',  ( 1.000000000000000000, 0.000000000000000000, -0.000000000000000000 ) ) ;
#1132 = ITEM_DEFINED_TRANSFORMATION ( 'NONE', 'NONE', #546,  #309 ) ;
#1133 = CARTESIAN_POINT ( 'NONE',  ( 0.000000000000000000, 0.000000000000000000, 2.500000000000000000 ) ) ;
#1134 = CARTESIAN_POINT ( 'NONE',  ( 0.4500000000000000111, 5.510910596163088939E-17, 3.285714285714286031 ) ) ;
#1135 = NEXT_ASSEMBLY_USAGE_OCCURRENCE ( 'NAUO1', ' ', ' ', #128, #195, $ ) ;
#1136 = NEXT_ASSEMBLY_USAGE_OCCURRENCE ( 'NAUO2', ' ', ' ', #128, #976, $ ) ;
ENDSEC;
END-ISO-10303-21;
