ISO-10303-21;
HEADER;
FILE_DESCRIPTION(('Open CASCADE Model'),'2;1');
FILE_NAME('Open CASCADE Shape Model','2025-10-21T15:27:54',('Author'),(
    'Open CASCADE'),'Open CASCADE STEP processor 7.9','Open CASCADE 7.9'
  ,'Unknown');
FILE_SCHEMA(('AUTOMOTIVE_DESIGN { 1 0 10303 214 1 1 1 1 }'));
ENDSEC;
DATA;
#1 = APPLICATION_PROTOCOL_DEFINITION('international standard',
  'automotive_design',2000,#2);
#2 = APPLICATION_CONTEXT(
  'core data for automotive mechanical design processes');
#3 = SHAPE_DEFINITION_REPRESENTATION(#4,#10);
#4 = PRODUCT_DEFINITION_SHAPE('','',#5);
#5 = PRODUCT_DEFINITION('design','',#6,#9);
#6 = PRODUCT_DEFINITION_FORMATION('','',#7);
#7 = PRODUCT('SOLID','SOLID','',(#8));
#8 = PRODUCT_CONTEXT('',#2,'mechanical');
#9 = PRODUCT_DEFINITION_CONTEXT('part definition',#2,'design');
#10 = ADVANCED_BREP_SHAPE_REPRESENTATION('',(#11,#15),#3100);
#11 = AXIS2_PLACEMENT_3D('',#12,#13,#14);
#12 = CARTESIAN_POINT('',(0.,0.,0.));
#13 = DIRECTION('',(0.,0.,1.));
#14 = DIRECTION('',(1.,0.,-0.));
#15 = MANIFOLD_SOLID_BREP('',#16);
#16 = CLOSED_SHELL('',(#17,#65,#140,#708,#752,#800,#828,#864,#892,#904,
    #916,#944,#966,#988,#1004,#1016,#1044,#1066,#1088,#1104,#1116,#1144,
    #1166,#1188,#1204,#1216,#1244,#1266,#1288,#1304,#1316,#1341,#1351,
    #1370,#1402,#1430,#1449,#1470,#1491,#1510,#1529,#1548,#1567,#1588,
    #1609,#1623,#1654,#1676,#1701,#1723,#1748,#1770,#1795,#1811,#1876,
    #1907,#1932,#1957,#1988,#2013,#2041,#2063,#2094,#2125,#2141,#2197,
    #2234,#2259,#2284,#2309,#2334,#2362,#2384,#2406,#2428,#2450,#2472,
    #2494,#2516,#2538,#2560,#2582,#2598,#2618,#2655,#2677,#2708,#2739,
    #2770,#2801,#2823,#2854,#2885,#2910,#2928,#2956,#2978,#3000,#3022,
    #3044,#3060,#3074,#3087));
#17 = ADVANCED_FACE('',(#18),#54,.F.);
#18 = FACE_BOUND('',#19,.F.);
#19 = EDGE_LOOP('',(#20,#29,#39,#46));
#20 = ORIENTED_EDGE('',*,*,#21,.T.);
#21 = EDGE_CURVE('',#22,#24,#26,.T.);
#22 = VERTEX_POINT('',#23);
#23 = CARTESIAN_POINT('',(-7.268687866392,-3.515,6.139002534457));
#24 = VERTEX_POINT('',#25);
#25 = CARTESIAN_POINT('',(-7.268687866392,-3.525,6.139002534457));
#26 = B_SPLINE_CURVE_WITH_KNOTS('',1,(#27,#28),.UNSPECIFIED.,.F.,.F.,(2,
    2),(0.,1.E-02),.PIECEWISE_BEZIER_KNOTS.);
#27 = CARTESIAN_POINT('',(-7.268687866392,-3.515,6.139002534457));
#28 = CARTESIAN_POINT('',(-7.268687866392,-3.525,6.139002534457));
#29 = ORIENTED_EDGE('',*,*,#30,.F.);
#30 = EDGE_CURVE('',#31,#24,#33,.T.);
#31 = VERTEX_POINT('',#32);
#32 = CARTESIAN_POINT('',(-8.01377650289,-3.525,6.139002534457));
#33 = ( BOUNDED_CURVE() B_SPLINE_CURVE(2,(#34,#35,#36,#37,#38),
.UNSPECIFIED.,.F.,.F.) B_SPLINE_CURVE_WITH_KNOTS((3,2,3),(3.14159265359,
4.712388980385,6.28318530718),.PIECEWISE_BEZIER_KNOTS.) CURVE() 
GEOMETRIC_REPRESENTATION_ITEM() RATIONAL_B_SPLINE_CURVE((1.,
0.707106781187,1.,0.707106781187,1.)) REPRESENTATION_ITEM('') );
#34 = CARTESIAN_POINT('',(-8.01377650289,-3.525,6.139002534457));
#35 = CARTESIAN_POINT('',(-8.01377650289,-3.525,5.766458216208));
#36 = CARTESIAN_POINT('',(-7.641232184641,-3.525,5.766458216208));
#37 = CARTESIAN_POINT('',(-7.268687866392,-3.525,5.766458216208));
#38 = CARTESIAN_POINT('',(-7.268687866392,-3.525,6.139002534457));
#39 = ORIENTED_EDGE('',*,*,#40,.F.);
#40 = EDGE_CURVE('',#41,#31,#43,.T.);
#41 = VERTEX_POINT('',#42);
#42 = CARTESIAN_POINT('',(-8.01377650289,-3.515,6.139002534457));
#43 = B_SPLINE_CURVE_WITH_KNOTS('',1,(#44,#45),.UNSPECIFIED.,.F.,.F.,(2,
    2),(0.,1.E-02),.PIECEWISE_BEZIER_KNOTS.);
#44 = CARTESIAN_POINT('',(-8.01377650289,-3.515,6.139002534457));
#45 = CARTESIAN_POINT('',(-8.01377650289,-3.525,6.139002534457));
#46 = ORIENTED_EDGE('',*,*,#47,.T.);
#47 = EDGE_CURVE('',#41,#22,#48,.T.);
#48 = ( BOUNDED_CURVE() B_SPLINE_CURVE(2,(#49,#50,#51,#52,#53),
.UNSPECIFIED.,.F.,.F.) B_SPLINE_CURVE_WITH_KNOTS((3,2,3),(3.14159265359,
4.712388980385,6.28318530718),.PIECEWISE_BEZIER_KNOTS.) CURVE() 
GEOMETRIC_REPRESENTATION_ITEM() RATIONAL_B_SPLINE_CURVE((1.,
0.707106781187,1.,0.707106781187,1.)) REPRESENTATION_ITEM('') );
#49 = CARTESIAN_POINT('',(-8.01377650289,-3.515,6.139002534457));
#50 = CARTESIAN_POINT('',(-8.01377650289,-3.515,5.766458216208));
#51 = CARTESIAN_POINT('',(-7.641232184641,-3.515,5.766458216208));
#52 = CARTESIAN_POINT('',(-7.268687866392,-3.515,5.766458216208));
#53 = CARTESIAN_POINT('',(-7.268687866392,-3.515,6.139002534457));
#54 = ( BOUNDED_SURFACE() B_SPLINE_SURFACE(2,1,(
    (#55,#56)
    ,(#57,#58)
    ,(#59,#60)
    ,(#61,#62)
,(#63,#64
    )),.UNSPECIFIED.,.F.,.F.,.F.) B_SPLINE_SURFACE_WITH_KNOTS((3,2,3),(2
    ,2),(3.14159265359,4.712388980385,6.28318530718),(0.,1.E-02),
.PIECEWISE_BEZIER_KNOTS.) GEOMETRIC_REPRESENTATION_ITEM() 
RATIONAL_B_SPLINE_SURFACE((
    (1.,1.)
    ,(0.707106781187,0.707106781187)
    ,(1.,1.)
    ,(0.707106781187,0.707106781187)
,(1.,1.))) REPRESENTATION_ITEM('') SURFACE() );
#55 = CARTESIAN_POINT('',(-8.01377650289,-3.515,6.139002534457));
#56 = CARTESIAN_POINT('',(-8.01377650289,-3.525,6.139002534457));
#57 = CARTESIAN_POINT('',(-8.01377650289,-3.515,5.766458216208));
#58 = CARTESIAN_POINT('',(-8.01377650289,-3.525,5.766458216208));
#59 = CARTESIAN_POINT('',(-7.641232184641,-3.515,5.766458216208));
#60 = CARTESIAN_POINT('',(-7.641232184641,-3.525,5.766458216208));
#61 = CARTESIAN_POINT('',(-7.268687866392,-3.515,5.766458216208));
#62 = CARTESIAN_POINT('',(-7.268687866392,-3.525,5.766458216208));
#63 = CARTESIAN_POINT('',(-7.268687866392,-3.515,6.139002534457));
#64 = CARTESIAN_POINT('',(-7.268687866392,-3.525,6.139002534457));
#65 = ADVANCED_FACE('',(#66,#77),#135,.T.);
#66 = FACE_BOUND('',#67,.T.);
#67 = EDGE_LOOP('',(#68,#76));
#68 = ORIENTED_EDGE('',*,*,#69,.F.);
#69 = EDGE_CURVE('',#24,#31,#70,.T.);
#70 = ( BOUNDED_CURVE() B_SPLINE_CURVE(2,(#71,#72,#73,#74,#75),
.UNSPECIFIED.,.F.,.F.) B_SPLINE_CURVE_WITH_KNOTS((3,2,3),(0.,
1.570796326795,3.14159265359),.PIECEWISE_BEZIER_KNOTS.) CURVE() 
GEOMETRIC_REPRESENTATION_ITEM() RATIONAL_B_SPLINE_CURVE((1.,
0.707106781187,1.,0.707106781187,1.)) REPRESENTATION_ITEM('') );
#71 = CARTESIAN_POINT('',(-7.268687866392,-3.525,6.139002534457));
#72 = CARTESIAN_POINT('',(-7.268687866392,-3.525,6.511546852706));
#73 = CARTESIAN_POINT('',(-7.641232184641,-3.525,6.511546852706));
#74 = CARTESIAN_POINT('',(-8.01377650289,-3.525,6.511546852706));
#75 = CARTESIAN_POINT('',(-8.01377650289,-3.525,6.139002534457));
#76 = ORIENTED_EDGE('',*,*,#30,.F.);
#77 = FACE_BOUND('',#78,.T.);
#78 = EDGE_LOOP('',(#79,#88,#95,#102,#109,#116,#123,#130));
#79 = ORIENTED_EDGE('',*,*,#80,.F.);
#80 = EDGE_CURVE('',#81,#83,#85,.T.);
#81 = VERTEX_POINT('',#82);
#82 = CARTESIAN_POINT('',(9.725,-3.525,4.100002722319));
#83 = VERTEX_POINT('',#84);
#84 = CARTESIAN_POINT('',(9.325,-3.525,4.100002722319));
#85 = B_SPLINE_CURVE_WITH_KNOTS('',1,(#86,#87),.UNSPECIFIED.,.F.,.F.,(2,
    2),(1.E-01,0.5),.PIECEWISE_BEZIER_KNOTS.);
#86 = CARTESIAN_POINT('',(9.725,-3.525,4.100002722319));
#87 = CARTESIAN_POINT('',(9.325,-3.525,4.100002722319));
#88 = ORIENTED_EDGE('',*,*,#89,.T.);
#89 = EDGE_CURVE('',#81,#90,#92,.T.);
#90 = VERTEX_POINT('',#91);
#91 = CARTESIAN_POINT('',(9.725,-3.525,14.160002722319));
#92 = B_SPLINE_CURVE_WITH_KNOTS('',1,(#93,#94),.UNSPECIFIED.,.F.,.F.,(2,
    2),(-10.16,-1.E-01),.PIECEWISE_BEZIER_KNOTS.);
#93 = CARTESIAN_POINT('',(9.725,-3.525,4.100002722319));
#94 = CARTESIAN_POINT('',(9.725,-3.525,14.160002722319));
#95 = ORIENTED_EDGE('',*,*,#96,.T.);
#96 = EDGE_CURVE('',#90,#97,#99,.T.);
#97 = VERTEX_POINT('',#98);
#98 = CARTESIAN_POINT('',(-9.725,-3.525,14.160002722319));
#99 = B_SPLINE_CURVE_WITH_KNOTS('',1,(#100,#101),.UNSPECIFIED.,.F.,.F.,(
    2,2),(-19.55,-1.E-01),.PIECEWISE_BEZIER_KNOTS.);
#100 = CARTESIAN_POINT('',(9.725,-3.525,14.160002722319));
#101 = CARTESIAN_POINT('',(-9.725,-3.525,14.160002722319));
#102 = ORIENTED_EDGE('',*,*,#103,.T.);
#103 = EDGE_CURVE('',#97,#104,#106,.T.);
#104 = VERTEX_POINT('',#105);
#105 = CARTESIAN_POINT('',(-9.725,-3.525,4.100002722319));
#106 = B_SPLINE_CURVE_WITH_KNOTS('',1,(#107,#108),.UNSPECIFIED.,.F.,.F.,
  (2,2),(1.E-01,10.16),.PIECEWISE_BEZIER_KNOTS.);
#107 = CARTESIAN_POINT('',(-9.725,-3.525,14.160002722319));
#108 = CARTESIAN_POINT('',(-9.725,-3.525,4.100002722319));
#109 = ORIENTED_EDGE('',*,*,#110,.F.);
#110 = EDGE_CURVE('',#111,#104,#113,.T.);
#111 = VERTEX_POINT('',#112);
#112 = CARTESIAN_POINT('',(-9.325,-3.525,4.100002722319));
#113 = B_SPLINE_CURVE_WITH_KNOTS('',1,(#114,#115),.UNSPECIFIED.,.F.,.F.,
  (2,2),(19.15,19.55),.PIECEWISE_BEZIER_KNOTS.);
#114 = CARTESIAN_POINT('',(-9.325,-3.525,4.100002722319));
#115 = CARTESIAN_POINT('',(-9.725,-3.525,4.100002722319));
#116 = ORIENTED_EDGE('',*,*,#117,.F.);
#117 = EDGE_CURVE('',#118,#111,#120,.T.);
#118 = VERTEX_POINT('',#119);
#119 = CARTESIAN_POINT('',(-9.325,-3.525,4.600002722319));
#120 = B_SPLINE_CURVE_WITH_KNOTS('',1,(#121,#122),.UNSPECIFIED.,.F.,.F.,
  (2,2),(-0.5,-0.),.PIECEWISE_BEZIER_KNOTS.);
#121 = CARTESIAN_POINT('',(-9.325,-3.525,4.600002722319));
#122 = CARTESIAN_POINT('',(-9.325,-3.525,4.100002722319));
#123 = ORIENTED_EDGE('',*,*,#124,.F.);
#124 = EDGE_CURVE('',#125,#118,#127,.T.);
#125 = VERTEX_POINT('',#126);
#126 = CARTESIAN_POINT('',(9.325,-3.525,4.600002722319));
#127 = B_SPLINE_CURVE_WITH_KNOTS('',1,(#128,#129),.UNSPECIFIED.,.F.,.F.,
  (2,2),(-18.65,-0.),.PIECEWISE_BEZIER_KNOTS.);
#128 = CARTESIAN_POINT('',(9.325,-3.525,4.600002722319));
#129 = CARTESIAN_POINT('',(-9.325,-3.525,4.600002722319));
#130 = ORIENTED_EDGE('',*,*,#131,.F.);
#131 = EDGE_CURVE('',#83,#125,#132,.T.);
#132 = B_SPLINE_CURVE_WITH_KNOTS('',1,(#133,#134),.UNSPECIFIED.,.F.,.F.,
  (2,2),(0.,0.5),.PIECEWISE_BEZIER_KNOTS.);
#133 = CARTESIAN_POINT('',(9.325,-3.525,4.100002722319));
#134 = CARTESIAN_POINT('',(9.325,-3.525,4.600002722319));
#135 = B_SPLINE_SURFACE_WITH_KNOTS('',1,1,(
    (#136,#137)
    ,(#138,#139
  )),.UNSPECIFIED.,.F.,.F.,.F.,(2,2),(2,2),(-19.55,-1.E-01),(-10.16,
    -1.E-01),.PIECEWISE_BEZIER_KNOTS.);
#136 = CARTESIAN_POINT('',(-9.725,-3.525,4.100002722319));
#137 = CARTESIAN_POINT('',(-9.725,-3.525,14.160002722319));
#138 = CARTESIAN_POINT('',(9.725,-3.525,4.100002722319));
#139 = CARTESIAN_POINT('',(9.725,-3.525,14.160002722319));
#140 = ADVANCED_FACE('',(#141,#203,#233,#263,#285,#315,#345,#427,#479,
    #601),#703,.F.);
#141 = FACE_BOUND('',#142,.T.);
#142 = EDGE_LOOP('',(#143,#155,#165,#175,#185,#195));
#143 = ORIENTED_EDGE('',*,*,#144,.F.);
#144 = EDGE_CURVE('',#145,#147,#149,.T.);
#145 = VERTEX_POINT('',#146);
#146 = CARTESIAN_POINT('',(0.935785640897,-0.238519872749,4.600002722319
    ));
#147 = VERTEX_POINT('',#148);
#148 = CARTESIAN_POINT('',(0.679688079921,-0.238519872749,4.600002722319
    ));
#149 = B_SPLINE_CURVE_WITH_KNOTS('',3,(#150,#151,#152,#153,#154),
  .UNSPECIFIED.,.F.,.F.,(4,1,4),(0.,0.5,0.999998047619),.UNSPECIFIED.);
#150 = CARTESIAN_POINT('',(0.935785640897,-0.238519872749,4.600002722319
    ));
#151 = CARTESIAN_POINT('',(0.893102714067,-0.238519872749,4.600002722319
    ));
#152 = CARTESIAN_POINT('',(0.807736860409,-0.238519872749,4.600002722319
    ));
#153 = CARTESIAN_POINT('',(0.72237100675,-0.238519872749,4.600002722319)
  );
#154 = CARTESIAN_POINT('',(0.679688079921,-0.238519872749,4.600002722319
    ));
#155 = ORIENTED_EDGE('',*,*,#156,.F.);
#156 = EDGE_CURVE('',#157,#145,#159,.T.);
#157 = VERTEX_POINT('',#158);
#158 = CARTESIAN_POINT('',(0.935785640897,0.261480127251,4.600002722319)
  );
#159 = B_SPLINE_CURVE_WITH_KNOTS('',3,(#160,#161,#162,#163,#164),
  .UNSPECIFIED.,.F.,.F.,(4,1,4),(0.,0.5,0.999999),.UNSPECIFIED.);
#160 = CARTESIAN_POINT('',(0.935785640897,0.261480127251,4.600002722319)
  );
#161 = CARTESIAN_POINT('',(0.935785640897,0.178146793918,4.600002722319)
  );
#162 = CARTESIAN_POINT('',(0.935785640897,1.148012725099E-02,
    4.600002722319));
#163 = CARTESIAN_POINT('',(0.935785640897,-0.155186539416,4.600002722319
    ));
#164 = CARTESIAN_POINT('',(0.935785640897,-0.238519872749,4.600002722319
    ));
#165 = ORIENTED_EDGE('',*,*,#166,.F.);
#166 = EDGE_CURVE('',#167,#157,#169,.T.);
#167 = VERTEX_POINT('',#168);
#168 = CARTESIAN_POINT('',(0.868712470165,0.261480127251,4.600002722319)
  );
#169 = B_SPLINE_CURVE_WITH_KNOTS('',3,(#170,#171,#172,#173,#174),
  .UNSPECIFIED.,.F.,.F.,(4,1,4),(0.,0.5,0.999992545455),.UNSPECIFIED.);
#170 = CARTESIAN_POINT('',(0.868712470165,0.261480127251,4.600002722319)
  );
#171 = CARTESIAN_POINT('',(0.879891331953,0.261480127251,4.600002722319)
  );
#172 = CARTESIAN_POINT('',(0.902248888864,0.261480127251,4.600002722319)
  );
#173 = CARTESIAN_POINT('',(0.924606445775,0.261480127251,4.600002722319)
  );
#174 = CARTESIAN_POINT('',(0.935785640897,0.261480127251,4.600002722319)
  );
#175 = ORIENTED_EDGE('',*,*,#176,.F.);
#176 = EDGE_CURVE('',#177,#167,#179,.T.);
#177 = VERTEX_POINT('',#178);
#178 = CARTESIAN_POINT('',(0.868712470165,-0.183641823969,4.600002722319
    ));
#179 = B_SPLINE_CURVE_WITH_KNOTS('',3,(#180,#181,#182,#183,#184),
  .UNSPECIFIED.,.F.,.F.,(4,1,4),(0.,0.5,1.),.UNSPECIFIED.);
#180 = CARTESIAN_POINT('',(0.868712470165,-0.183641823969,4.600002722319
    ));
#181 = CARTESIAN_POINT('',(0.868712470165,-0.109454832099,4.600002722319
    ));
#182 = CARTESIAN_POINT('',(0.868712470165,3.891915164123E-02,
    4.600002722319));
#183 = CARTESIAN_POINT('',(0.868712470165,0.187293135381,4.600002722319)
  );
#184 = CARTESIAN_POINT('',(0.868712470165,0.261480127251,4.600002722319)
  );
#185 = ORIENTED_EDGE('',*,*,#186,.F.);
#186 = EDGE_CURVE('',#187,#177,#189,.T.);
#187 = VERTEX_POINT('',#188);
#188 = CARTESIAN_POINT('',(0.679688079921,-0.183641823969,4.600002722319
    ));
#189 = B_SPLINE_CURVE_WITH_KNOTS('',3,(#190,#191,#192,#193,#194),
  .UNSPECIFIED.,.F.,.F.,(4,1,4),(0.,0.5,0.999997354839),.UNSPECIFIED.);
#190 = CARTESIAN_POINT('',(0.679688079921,-0.183641823969,4.600002722319
    ));
#191 = CARTESIAN_POINT('',(0.711192144962,-0.183641823969,4.600002722319
    ));
#192 = CARTESIAN_POINT('',(0.774200275043,-0.183641823969,4.600002722319
    ));
#193 = CARTESIAN_POINT('',(0.837208405124,-0.183641823969,4.600002722319
    ));
#194 = CARTESIAN_POINT('',(0.868712470165,-0.183641823969,4.600002722319
    ));
#195 = ORIENTED_EDGE('',*,*,#196,.F.);
#196 = EDGE_CURVE('',#147,#187,#197,.T.);
#197 = B_SPLINE_CURVE_WITH_KNOTS('',3,(#198,#199,#200,#201,#202),
  .UNSPECIFIED.,.F.,.F.,(4,1,4),(0.,0.5,0.999990888889),.UNSPECIFIED.);
#198 = CARTESIAN_POINT('',(0.679688079921,-0.238519872749,4.600002722319
    ));
#199 = CARTESIAN_POINT('',(0.679688079921,-0.229373531286,4.600002722319
    ));
#200 = CARTESIAN_POINT('',(0.679688079921,-0.211081015025,4.600002722319
    ));
#201 = CARTESIAN_POINT('',(0.679688079921,-0.192788498765,4.600002722319
    ));
#202 = CARTESIAN_POINT('',(0.679688079921,-0.183641823969,4.600002722319
    ));
#203 = FACE_BOUND('',#204,.T.);
#204 = EDGE_LOOP('',(#205,#214,#221,#228));
#205 = ORIENTED_EDGE('',*,*,#206,.F.);
#206 = EDGE_CURVE('',#207,#209,#211,.T.);
#207 = VERTEX_POINT('',#208);
#208 = CARTESIAN_POINT('',(4.835,2.775,4.600002722319));
#209 = VERTEX_POINT('',#210);
#210 = CARTESIAN_POINT('',(5.335,2.775,4.600002722319));
#211 = B_SPLINE_CURVE_WITH_KNOTS('',1,(#212,#213),.UNSPECIFIED.,.F.,.F.,
  (2,2),(0.,0.5),.PIECEWISE_BEZIER_KNOTS.);
#212 = CARTESIAN_POINT('',(4.835,2.775,4.600002722319));
#213 = CARTESIAN_POINT('',(5.335,2.775,4.600002722319));
#214 = ORIENTED_EDGE('',*,*,#215,.F.);
#215 = EDGE_CURVE('',#216,#207,#218,.T.);
#216 = VERTEX_POINT('',#217);
#217 = CARTESIAN_POINT('',(4.835,2.475,4.600002722319));
#218 = B_SPLINE_CURVE_WITH_KNOTS('',1,(#219,#220),.UNSPECIFIED.,.F.,.F.,
  (2,2),(-0.3,0.),.PIECEWISE_BEZIER_KNOTS.);
#219 = CARTESIAN_POINT('',(4.835,2.475,4.600002722319));
#220 = CARTESIAN_POINT('',(4.835,2.775,4.600002722319));
#221 = ORIENTED_EDGE('',*,*,#222,.F.);
#222 = EDGE_CURVE('',#223,#216,#225,.T.);
#223 = VERTEX_POINT('',#224);
#224 = CARTESIAN_POINT('',(5.335,2.475,4.600002722319));
#225 = B_SPLINE_CURVE_WITH_KNOTS('',1,(#226,#227),.UNSPECIFIED.,.F.,.F.,
  (2,2),(-0.5,0.),.PIECEWISE_BEZIER_KNOTS.);
#226 = CARTESIAN_POINT('',(5.335,2.475,4.600002722319));
#227 = CARTESIAN_POINT('',(4.835,2.475,4.600002722319));
#228 = ORIENTED_EDGE('',*,*,#229,.F.);
#229 = EDGE_CURVE('',#209,#223,#230,.T.);
#230 = B_SPLINE_CURVE_WITH_KNOTS('',1,(#231,#232),.UNSPECIFIED.,.F.,.F.,
  (2,2),(0.,0.3),.PIECEWISE_BEZIER_KNOTS.);
#231 = CARTESIAN_POINT('',(5.335,2.775,4.600002722319));
#232 = CARTESIAN_POINT('',(5.335,2.475,4.600002722319));
#233 = FACE_BOUND('',#234,.T.);
#234 = EDGE_LOOP('',(#235,#244,#251,#258));
#235 = ORIENTED_EDGE('',*,*,#236,.F.);
#236 = EDGE_CURVE('',#237,#239,#241,.T.);
#237 = VERTEX_POINT('',#238);
#238 = CARTESIAN_POINT('',(-5.325,2.775,4.600002722319));
#239 = VERTEX_POINT('',#240);
#240 = CARTESIAN_POINT('',(-4.825,2.775,4.600002722319));
#241 = B_SPLINE_CURVE_WITH_KNOTS('',1,(#242,#243),.UNSPECIFIED.,.F.,.F.,
  (2,2),(0.,0.5),.PIECEWISE_BEZIER_KNOTS.);
#242 = CARTESIAN_POINT('',(-5.325,2.775,4.600002722319));
#243 = CARTESIAN_POINT('',(-4.825,2.775,4.600002722319));
#244 = ORIENTED_EDGE('',*,*,#245,.F.);
#245 = EDGE_CURVE('',#246,#237,#248,.T.);
#246 = VERTEX_POINT('',#247);
#247 = CARTESIAN_POINT('',(-5.325,2.475,4.600002722319));
#248 = B_SPLINE_CURVE_WITH_KNOTS('',1,(#249,#250),.UNSPECIFIED.,.F.,.F.,
  (2,2),(-0.3,0.),.PIECEWISE_BEZIER_KNOTS.);
#249 = CARTESIAN_POINT('',(-5.325,2.475,4.600002722319));
#250 = CARTESIAN_POINT('',(-5.325,2.775,4.600002722319));
#251 = ORIENTED_EDGE('',*,*,#252,.F.);
#252 = EDGE_CURVE('',#253,#246,#255,.T.);
#253 = VERTEX_POINT('',#254);
#254 = CARTESIAN_POINT('',(-4.825,2.475,4.600002722319));
#255 = B_SPLINE_CURVE_WITH_KNOTS('',1,(#256,#257),.UNSPECIFIED.,.F.,.F.,
  (2,2),(-0.5,0.),.PIECEWISE_BEZIER_KNOTS.);
#256 = CARTESIAN_POINT('',(-4.825,2.475,4.600002722319));
#257 = CARTESIAN_POINT('',(-5.325,2.475,4.600002722319));
#258 = ORIENTED_EDGE('',*,*,#259,.F.);
#259 = EDGE_CURVE('',#239,#253,#260,.T.);
#260 = B_SPLINE_CURVE_WITH_KNOTS('',1,(#261,#262),.UNSPECIFIED.,.F.,.F.,
  (2,2),(0.,0.3),.PIECEWISE_BEZIER_KNOTS.);
#261 = CARTESIAN_POINT('',(-4.825,2.775,4.600002722319));
#262 = CARTESIAN_POINT('',(-4.825,2.475,4.600002722319));
#263 = FACE_BOUND('',#264,.T.);
#264 = EDGE_LOOP('',(#265,#266,#273,#280));
#265 = ORIENTED_EDGE('',*,*,#124,.T.);
#266 = ORIENTED_EDGE('',*,*,#267,.F.);
#267 = EDGE_CURVE('',#268,#118,#270,.T.);
#268 = VERTEX_POINT('',#269);
#269 = CARTESIAN_POINT('',(-9.325,3.525,4.600002722319));
#270 = B_SPLINE_CURVE_WITH_KNOTS('',1,(#271,#272),.UNSPECIFIED.,.F.,.F.,
  (2,2),(0.,7.05),.PIECEWISE_BEZIER_KNOTS.);
#271 = CARTESIAN_POINT('',(-9.325,3.525,4.600002722319));
#272 = CARTESIAN_POINT('',(-9.325,-3.525,4.600002722319));
#273 = ORIENTED_EDGE('',*,*,#274,.F.);
#274 = EDGE_CURVE('',#275,#268,#277,.T.);
#275 = VERTEX_POINT('',#276);
#276 = CARTESIAN_POINT('',(9.325,3.525,4.600002722319));
#277 = B_SPLINE_CURVE_WITH_KNOTS('',1,(#278,#279),.UNSPECIFIED.,.F.,.F.,
  (2,2),(-18.65,-0.),.PIECEWISE_BEZIER_KNOTS.);
#278 = CARTESIAN_POINT('',(9.325,3.525,4.600002722319));
#279 = CARTESIAN_POINT('',(-9.325,3.525,4.600002722319));
#280 = ORIENTED_EDGE('',*,*,#281,.T.);
#281 = EDGE_CURVE('',#275,#125,#282,.T.);
#282 = B_SPLINE_CURVE_WITH_KNOTS('',1,(#283,#284),.UNSPECIFIED.,.F.,.F.,
  (2,2),(0.,7.05),.PIECEWISE_BEZIER_KNOTS.);
#283 = CARTESIAN_POINT('',(9.325,3.525,4.600002722319));
#284 = CARTESIAN_POINT('',(9.325,-3.525,4.600002722319));
#285 = FACE_BOUND('',#286,.T.);
#286 = EDGE_LOOP('',(#287,#296,#303,#310));
#287 = ORIENTED_EDGE('',*,*,#288,.F.);
#288 = EDGE_CURVE('',#289,#291,#293,.T.);
#289 = VERTEX_POINT('',#290);
#290 = CARTESIAN_POINT('',(-7.865,2.475,4.600002722319));
#291 = VERTEX_POINT('',#292);
#292 = CARTESIAN_POINT('',(-7.865,2.775,4.600002722319));
#293 = B_SPLINE_CURVE_WITH_KNOTS('',1,(#294,#295),.UNSPECIFIED.,.F.,.F.,
  (2,2),(-0.3,0.),.PIECEWISE_BEZIER_KNOTS.);
#294 = CARTESIAN_POINT('',(-7.865,2.475,4.600002722319));
#295 = CARTESIAN_POINT('',(-7.865,2.775,4.600002722319));
#296 = ORIENTED_EDGE('',*,*,#297,.F.);
#297 = EDGE_CURVE('',#298,#289,#300,.T.);
#298 = VERTEX_POINT('',#299);
#299 = CARTESIAN_POINT('',(-7.365,2.475,4.600002722319));
#300 = B_SPLINE_CURVE_WITH_KNOTS('',1,(#301,#302),.UNSPECIFIED.,.F.,.F.,
  (2,2),(-0.5,-0.),.PIECEWISE_BEZIER_KNOTS.);
#301 = CARTESIAN_POINT('',(-7.365,2.475,4.600002722319));
#302 = CARTESIAN_POINT('',(-7.865,2.475,4.600002722319));
#303 = ORIENTED_EDGE('',*,*,#304,.F.);
#304 = EDGE_CURVE('',#305,#298,#307,.T.);
#305 = VERTEX_POINT('',#306);
#306 = CARTESIAN_POINT('',(-7.365,2.775,4.600002722319));
#307 = B_SPLINE_CURVE_WITH_KNOTS('',1,(#308,#309),.UNSPECIFIED.,.F.,.F.,
  (2,2),(0.,0.3),.PIECEWISE_BEZIER_KNOTS.);
#308 = CARTESIAN_POINT('',(-7.365,2.775,4.600002722319));
#309 = CARTESIAN_POINT('',(-7.365,2.475,4.600002722319));
#310 = ORIENTED_EDGE('',*,*,#311,.F.);
#311 = EDGE_CURVE('',#291,#305,#312,.T.);
#312 = B_SPLINE_CURVE_WITH_KNOTS('',1,(#313,#314),.UNSPECIFIED.,.F.,.F.,
  (2,2),(0.,0.5),.PIECEWISE_BEZIER_KNOTS.);
#313 = CARTESIAN_POINT('',(-7.865,2.775,4.600002722319));
#314 = CARTESIAN_POINT('',(-7.365,2.775,4.600002722319));
#315 = FACE_BOUND('',#316,.T.);
#316 = EDGE_LOOP('',(#317,#326,#333,#340));
#317 = ORIENTED_EDGE('',*,*,#318,.F.);
#318 = EDGE_CURVE('',#319,#321,#323,.T.);
#319 = VERTEX_POINT('',#320);
#320 = CARTESIAN_POINT('',(-0.245,2.775,4.600002722319));
#321 = VERTEX_POINT('',#322);
#322 = CARTESIAN_POINT('',(0.255,2.775,4.600002722319));
#323 = B_SPLINE_CURVE_WITH_KNOTS('',1,(#324,#325),.UNSPECIFIED.,.F.,.F.,
  (2,2),(0.,0.5),.PIECEWISE_BEZIER_KNOTS.);
#324 = CARTESIAN_POINT('',(-0.245,2.775,4.600002722319));
#325 = CARTESIAN_POINT('',(0.255,2.775,4.600002722319));
#326 = ORIENTED_EDGE('',*,*,#327,.F.);
#327 = EDGE_CURVE('',#328,#319,#330,.T.);
#328 = VERTEX_POINT('',#329);
#329 = CARTESIAN_POINT('',(-0.245,2.475,4.600002722319));
#330 = B_SPLINE_CURVE_WITH_KNOTS('',1,(#331,#332),.UNSPECIFIED.,.F.,.F.,
  (2,2),(-0.3,0.),.PIECEWISE_BEZIER_KNOTS.);
#331 = CARTESIAN_POINT('',(-0.245,2.475,4.600002722319));
#332 = CARTESIAN_POINT('',(-0.245,2.775,4.600002722319));
#333 = ORIENTED_EDGE('',*,*,#334,.F.);
#334 = EDGE_CURVE('',#335,#328,#337,.T.);
#335 = VERTEX_POINT('',#336);
#336 = CARTESIAN_POINT('',(0.255,2.475,4.600002722319));
#337 = B_SPLINE_CURVE_WITH_KNOTS('',1,(#338,#339),.UNSPECIFIED.,.F.,.F.,
  (2,2),(-0.5,-0.),.PIECEWISE_BEZIER_KNOTS.);
#338 = CARTESIAN_POINT('',(0.255,2.475,4.600002722319));
#339 = CARTESIAN_POINT('',(-0.245,2.475,4.600002722319));
#340 = ORIENTED_EDGE('',*,*,#341,.F.);
#341 = EDGE_CURVE('',#321,#335,#342,.T.);
#342 = B_SPLINE_CURVE_WITH_KNOTS('',1,(#343,#344),.UNSPECIFIED.,.F.,.F.,
  (2,2),(0.,0.3),.PIECEWISE_BEZIER_KNOTS.);
#343 = CARTESIAN_POINT('',(0.255,2.775,4.600002722319));
#344 = CARTESIAN_POINT('',(0.255,2.475,4.600002722319));
#345 = FACE_BOUND('',#346,.T.);
#346 = EDGE_LOOP('',(#347,#359,#369,#379,#389,#399,#409,#419));
#347 = ORIENTED_EDGE('',*,*,#348,.F.);
#348 = EDGE_CURVE('',#349,#351,#353,.T.);
#349 = VERTEX_POINT('',#350);
#350 = CARTESIAN_POINT('',(-0.75828829203,-9.827597030999E-02,
    4.600002722319));
#351 = VERTEX_POINT('',#352);
#352 = CARTESIAN_POINT('',(-0.964843170079,-9.827597030999E-02,
    4.600002722319));
#353 = B_SPLINE_CURVE_WITH_KNOTS('',3,(#354,#355,#356,#357,#358),
  .UNSPECIFIED.,.F.,.F.,(4,1,4),(0.,0.5,0.999997426652),.UNSPECIFIED.);
#354 = CARTESIAN_POINT('',(-0.75828829203,-9.827597030999E-02,
    4.600002722319));
#355 = CARTESIAN_POINT('',(-0.792714105038,-9.827597030999E-02,
    4.600002722319));
#356 = CARTESIAN_POINT('',(-0.861565731055,-9.827597030999E-02,
    4.600002722319));
#357 = CARTESIAN_POINT('',(-0.930417357071,-9.827597030999E-02,
    4.600002722319));
#358 = CARTESIAN_POINT('',(-0.964843170079,-9.827597030999E-02,
    4.600002722319));
#359 = ORIENTED_EDGE('',*,*,#360,.F.);
#360 = EDGE_CURVE('',#361,#349,#363,.T.);
#361 = VERTEX_POINT('',#362);
#362 = CARTESIAN_POINT('',(-0.710555822518,-0.238519872749,
    4.600002722319));
#363 = B_SPLINE_CURVE_WITH_KNOTS('',3,(#364,#365,#366,#367,#368),
  .UNSPECIFIED.,.F.,.F.,(4,1,4),(0.,0.5,0.999996434783),.UNSPECIFIED.);
#364 = CARTESIAN_POINT('',(-0.710555822518,-0.238519872749,
    4.600002722319));
#365 = CARTESIAN_POINT('',(-0.718511234103,-0.215145889009,
    4.600002722319));
#366 = CARTESIAN_POINT('',(-0.734422057274,-0.16839792153,4.600002722319
    ));
#367 = CARTESIAN_POINT('',(-0.750332880445,-0.12164995405,4.600002722319
    ));
#368 = CARTESIAN_POINT('',(-0.75828829203,-9.827597030999E-02,
    4.600002722319));
#369 = ORIENTED_EDGE('',*,*,#370,.F.);
#370 = EDGE_CURVE('',#371,#361,#373,.T.);
#371 = VERTEX_POINT('',#372);
#372 = CARTESIAN_POINT('',(-0.637385090811,-0.238519872749,
    4.600002722319));
#373 = B_SPLINE_CURVE_WITH_KNOTS('',3,(#374,#375,#376,#377,#378),
  .UNSPECIFIED.,.F.,.F.,(4,1,4),(0.,0.5,0.999992781721),.UNSPECIFIED.);
#374 = CARTESIAN_POINT('',(-0.637385090811,-0.238519872749,
    4.600002722319));
#375 = CARTESIAN_POINT('',(-0.649580212762,-0.238519872749,
    4.600002722319));
#376 = CARTESIAN_POINT('',(-0.673970280609,-0.238519872749,
    4.600002722319));
#377 = CARTESIAN_POINT('',(-0.698360348456,-0.238519872749,
    4.600002722319));
#378 = CARTESIAN_POINT('',(-0.710555822518,-0.238519872749,
    4.600002722319));
#379 = ORIENTED_EDGE('',*,*,#380,.F.);
#380 = EDGE_CURVE('',#381,#371,#383,.T.);
#381 = VERTEX_POINT('',#382);
#382 = CARTESIAN_POINT('',(-0.826409481055,0.261480127251,4.600002722319
    ));
#383 = B_SPLINE_CURVE_WITH_KNOTS('',3,(#384,#385,#386,#387,#388),
  .UNSPECIFIED.,.F.,.F.,(4,1,4),(0.,0.5,1.),.UNSPECIFIED.);
#384 = CARTESIAN_POINT('',(-0.826409481055,0.261480127251,4.600002722319
    ));
#385 = CARTESIAN_POINT('',(-0.794905416014,0.178146793918,4.600002722319
    ));
#386 = CARTESIAN_POINT('',(-0.731897285933,1.148012725099E-02,
    4.600002722319));
#387 = CARTESIAN_POINT('',(-0.668889155851,-0.155186539416,
    4.600002722319));
#388 = CARTESIAN_POINT('',(-0.637385090811,-0.238519872749,
    4.600002722319));
#389 = ORIENTED_EDGE('',*,*,#390,.F.);
#390 = EDGE_CURVE('',#391,#381,#393,.T.);
#391 = VERTEX_POINT('',#392);
#392 = CARTESIAN_POINT('',(-0.893482651786,0.261480127251,4.600002722319
    ));
#393 = B_SPLINE_CURVE_WITH_KNOTS('',3,(#394,#395,#396,#397,#398),
  .UNSPECIFIED.,.F.,.F.,(4,1,4),(0.,0.5,0.999992030533),.UNSPECIFIED.);
#394 = CARTESIAN_POINT('',(-0.893482651786,0.261480127251,4.600002722319
    ));
#395 = CARTESIAN_POINT('',(-0.882303789998,0.261480127251,4.600002722319
    ));
#396 = CARTESIAN_POINT('',(-0.8599462446,0.261480127251,4.600002722319)
  );
#397 = CARTESIAN_POINT('',(-0.837588699202,0.261480127251,4.600002722319
    ));
#398 = CARTESIAN_POINT('',(-0.826409481055,0.261480127251,4.600002722319
    ));
#399 = ORIENTED_EDGE('',*,*,#400,.F.);
#400 = EDGE_CURVE('',#401,#391,#403,.T.);
#401 = VERTEX_POINT('',#402);
#402 = CARTESIAN_POINT('',(-1.088604603006,-0.238519872749,
    4.600002722319));
#403 = B_SPLINE_CURVE_WITH_KNOTS('',3,(#404,#405,#406,#407,#408),
  .UNSPECIFIED.,.F.,.F.,(4,1,4),(0.,0.5,0.999999),.UNSPECIFIED.);
#404 = CARTESIAN_POINT('',(-1.088604603006,-0.238519872749,
    4.600002722319));
#405 = CARTESIAN_POINT('',(-1.056084277803,-0.155186539416,
    4.600002722319));
#406 = CARTESIAN_POINT('',(-0.991043627396,1.148012725099E-02,
    4.600002722319));
#407 = CARTESIAN_POINT('',(-0.92600297699,0.178146793918,4.600002722319)
  );
#408 = CARTESIAN_POINT('',(-0.893482651786,0.261480127251,4.600002722319
    ));
#409 = ORIENTED_EDGE('',*,*,#410,.F.);
#410 = EDGE_CURVE('',#411,#401,#413,.T.);
#411 = VERTEX_POINT('',#412);
#412 = CARTESIAN_POINT('',(-1.015433871299,-0.238519872749,
    4.600002722319));
#413 = B_SPLINE_CURVE_WITH_KNOTS('',3,(#414,#415,#416,#417,#418),
  .UNSPECIFIED.,.F.,.F.,(4,1,4),(0.,0.5,0.999992664773),.UNSPECIFIED.);
#414 = CARTESIAN_POINT('',(-1.015433871299,-0.238519872749,
    4.600002722319));
#415 = CARTESIAN_POINT('',(-1.02762899325,-0.238519872749,4.600002722319
    ));
#416 = CARTESIAN_POINT('',(-1.052019058244,-0.238519872749,
    4.600002722319));
#417 = CARTESIAN_POINT('',(-1.076409123239,-0.238519872749,
    4.600002722319));
#418 = CARTESIAN_POINT('',(-1.088604603006,-0.238519872749,
    4.600002722319));
#419 = ORIENTED_EDGE('',*,*,#420,.F.);
#420 = EDGE_CURVE('',#351,#411,#421,.T.);
#421 = B_SPLINE_CURVE_WITH_KNOTS('',3,(#422,#423,#424,#425,#426),
  .UNSPECIFIED.,.F.,.F.,(4,1,4),(0.,0.5,0.999996434783),.UNSPECIFIED.);
#422 = CARTESIAN_POINT('',(-0.964843170079,-9.827597030999E-02,
    4.600002722319));
#423 = CARTESIAN_POINT('',(-0.973274953616,-0.12164995405,4.600002722319
    ));
#424 = CARTESIAN_POINT('',(-0.990138520689,-0.168397921529,
    4.600002722319));
#425 = CARTESIAN_POINT('',(-1.007002087762,-0.215145889009,
    4.600002722319));
#426 = CARTESIAN_POINT('',(-1.015433871299,-0.238519872749,
    4.600002722319));
#427 = FACE_BOUND('',#428,.T.);
#428 = EDGE_LOOP('',(#429,#441,#451,#461,#471));
#429 = ORIENTED_EDGE('',*,*,#430,.F.);
#430 = EDGE_CURVE('',#431,#433,#435,.T.);
#431 = VERTEX_POINT('',#432);
#432 = CARTESIAN_POINT('',(-0.198360700567,-0.238519872749,
    4.600002722319));
#433 = VERTEX_POINT('',#434);
#434 = CARTESIAN_POINT('',(-0.334317255445,-0.238519872749,
    4.600002722319));
#435 = B_SPLINE_CURVE_WITH_KNOTS('',3,(#436,#437,#438,#439,#440),
  .UNSPECIFIED.,.F.,.F.,(4,1,4),(0.,0.5,0.999994694571),.UNSPECIFIED.);
#436 = CARTESIAN_POINT('',(-0.198360700567,-0.238519872749,
    4.600002722319));
#437 = CARTESIAN_POINT('',(-0.22102012638,-0.238519872749,4.600002722319
    ));
#438 = CARTESIAN_POINT('',(-0.26633873757,-0.238519872749,4.600002722319
    ));
#439 = CARTESIAN_POINT('',(-0.31165734876,-0.238519872749,4.600002722319
    ));
#440 = CARTESIAN_POINT('',(-0.334317255445,-0.238519872749,
    4.600002722319));
#441 = ORIENTED_EDGE('',*,*,#442,.F.);
#442 = EDGE_CURVE('',#443,#431,#445,.T.);
#443 = VERTEX_POINT('',#444);
#444 = CARTESIAN_POINT('',(-0.198360700567,0.261480127251,4.600002722319
    ));
#445 = B_SPLINE_CURVE_WITH_KNOTS('',3,(#446,#447,#448,#449,#450),
  .UNSPECIFIED.,.F.,.F.,(4,1,4),(0.,0.5,0.999999),.UNSPECIFIED.);
#446 = CARTESIAN_POINT('',(-0.198360700567,0.261480127251,4.600002722319
    ));
#447 = CARTESIAN_POINT('',(-0.198360700567,0.178146793918,4.600002722319
    ));
#448 = CARTESIAN_POINT('',(-0.198360700567,1.148012725099E-02,
    4.600002722319));
#449 = CARTESIAN_POINT('',(-0.198360700567,-0.155186539416,
    4.600002722319));
#450 = CARTESIAN_POINT('',(-0.198360700567,-0.238519872749,
    4.600002722319));
#451 = ORIENTED_EDGE('',*,*,#452,.F.);
#452 = EDGE_CURVE('',#453,#443,#455,.T.);
#453 = VERTEX_POINT('',#454);
#454 = CARTESIAN_POINT('',(-0.339462072518,0.261480127251,4.600002722319
    ));
#455 = B_SPLINE_CURVE_WITH_KNOTS('',3,(#456,#457,#458,#459,#460),
  .UNSPECIFIED.,.F.,.F.,(4,1,4),(0.,0.5,0.999996456448),.UNSPECIFIED.);
#456 = CARTESIAN_POINT('',(-0.339462072518,0.261480127251,4.600002722319
    ));
#457 = CARTESIAN_POINT('',(-0.315945177193,0.261480127251,4.600002722319
    ));
#458 = CARTESIAN_POINT('',(-0.268911386542,0.261480127251,4.600002722319
    ));
#459 = CARTESIAN_POINT('',(-0.221877595892,0.261480127251,4.600002722319
    ));
#460 = CARTESIAN_POINT('',(-0.198360700567,0.261480127251,4.600002722319
    ));
#461 = ORIENTED_EDGE('',*,*,#462,.F.);
#462 = EDGE_CURVE('',#463,#453,#465,.T.);
#463 = VERTEX_POINT('',#464);
#464 = CARTESIAN_POINT('',(-0.600799724957,1.776823700709E-02,
    4.600002722319));
#465 = B_SPLINE_CURVE_WITH_KNOTS('',3,(#466,#467,#468,#469,#470),
  .UNSPECIFIED.,.F.,.F.,(4,1,4),(0.,0.441155726213,1.),.UNSPECIFIED.);
#466 = CARTESIAN_POINT('',(-0.600799724957,1.776823700709E-02,
    4.600002722319));
#467 = CARTESIAN_POINT('',(-0.588652289085,7.89787822148E-02,
    4.600002722319));
#468 = CARTESIAN_POINT('',(-0.561116806375,0.217729208812,4.600002722319
    ));
#469 = CARTESIAN_POINT('',(-0.41892509577,0.245795462237,4.600002722319)
  );
#470 = CARTESIAN_POINT('',(-0.339462072518,0.261480127251,4.600002722319
    ));
#471 = ORIENTED_EDGE('',*,*,#472,.F.);
#472 = EDGE_CURVE('',#433,#463,#473,.T.);
#473 = B_SPLINE_CURVE_WITH_KNOTS('',3,(#474,#475,#476,#477,#478),
  .UNSPECIFIED.,.F.,.F.,(4,1,4),(0.,0.444969328518,0.999998662218),
  .UNSPECIFIED.);
#474 = CARTESIAN_POINT('',(-0.334317255445,-0.238519872749,
    4.600002722319));
#475 = CARTESIAN_POINT('',(-0.398695263216,-0.229010220623,
    4.600002722319));
#476 = CARTESIAN_POINT('',(-0.5433749156,-0.207638742822,4.600002722319)
  );
#477 = CARTESIAN_POINT('',(-0.580303325059,-6.26853448197E-02,
    4.600002722319));
#478 = CARTESIAN_POINT('',(-0.600799724957,1.776823700709E-02,
    4.600002722319));
#479 = FACE_BOUND('',#480,.T.);
#480 = EDGE_LOOP('',(#481,#493,#503,#513,#523,#533,#543,#553,#563,#573,
    #583,#593));
#481 = ORIENTED_EDGE('',*,*,#482,.F.);
#482 = EDGE_CURVE('',#483,#485,#487,.T.);
#483 = VERTEX_POINT('',#484);
#484 = CARTESIAN_POINT('',(-7.640948105469E-02,4.196793212904E-02,
    4.600002722319));
#485 = VERTEX_POINT('',#486);
#486 = CARTESIAN_POINT('',(0.100419787238,4.196793212904E-02,
    4.600002722319));
#487 = B_SPLINE_CURVE_WITH_KNOTS('',3,(#488,#489,#490,#491,#492),
  .UNSPECIFIED.,.F.,.F.,(4,1,4),(0.,0.5,0.999997172414),.UNSPECIFIED.);
#488 = CARTESIAN_POINT('',(-7.640948105469E-02,4.196793212904E-02,
    4.600002722319));
#489 = CARTESIAN_POINT('',(-4.693793633924E-02,4.196793212904E-02,
    4.600002722319));
#490 = CARTESIAN_POINT('',(1.200515309166E-02,4.196793212904E-02,
    4.600002722319));
#491 = CARTESIAN_POINT('',(7.094824252255E-02,4.196793212904E-02,
    4.600002722319));
#492 = CARTESIAN_POINT('',(0.100419787238,4.196793212904E-02,
    4.600002722319));
#493 = ORIENTED_EDGE('',*,*,#494,.F.);
#494 = EDGE_CURVE('',#495,#483,#497,.T.);
#495 = VERTEX_POINT('',#496);
#496 = CARTESIAN_POINT('',(-7.640948105469E-02,-1.291011665145E-02,
    4.600002722319));
#497 = B_SPLINE_CURVE_WITH_KNOTS('',3,(#498,#499,#500,#501,#502),
  .UNSPECIFIED.,.F.,.F.,(4,1,4),(0.,0.5,0.999990888889),.UNSPECIFIED.);
#498 = CARTESIAN_POINT('',(-7.640948105469E-02,-1.291011665145E-02,
    4.600002722319));
#499 = CARTESIAN_POINT('',(-7.640948105469E-02,-3.763775188037E-03,
    4.600002722319));
#500 = CARTESIAN_POINT('',(-7.640948105469E-02,1.452874107213E-02,
    4.600002722319));
#501 = CARTESIAN_POINT('',(-7.640948105469E-02,3.282125733229E-02,
    4.600002722319));
#502 = CARTESIAN_POINT('',(-7.640948105469E-02,4.196793212904E-02,
    4.600002722319));
#503 = ORIENTED_EDGE('',*,*,#504,.F.);
#504 = EDGE_CURVE('',#505,#495,#507,.T.);
#505 = VERTEX_POINT('',#506);
#506 = CARTESIAN_POINT('',(0.100419787238,-1.291011665145E-02,
    4.600002722319));
#507 = B_SPLINE_CURVE_WITH_KNOTS('',3,(#508,#509,#510,#511,#512),
  .UNSPECIFIED.,.F.,.F.,(4,1,4),(0.,0.5,0.999997172414),.UNSPECIFIED.);
#508 = CARTESIAN_POINT('',(0.100419787238,-1.291011665145E-02,
    4.600002722319));
#509 = CARTESIAN_POINT('',(7.094824252255E-02,-1.291011665145E-02,
    4.600002722319));
#510 = CARTESIAN_POINT('',(1.200515309166E-02,-1.291011665145E-02,
    4.600002722319));
#511 = CARTESIAN_POINT('',(-4.693793633924E-02,-1.291011665145E-02,
    4.600002722319));
#512 = CARTESIAN_POINT('',(-7.640948105469E-02,-1.291011665145E-02,
    4.600002722319));
#513 = ORIENTED_EDGE('',*,*,#514,.F.);
#514 = EDGE_CURVE('',#515,#505,#517,.T.);
#515 = VERTEX_POINT('',#516);
#516 = CARTESIAN_POINT('',(0.100419787238,-0.183641823969,4.600002722319
    ));
#517 = B_SPLINE_CURVE_WITH_KNOTS('',3,(#518,#519,#520,#521,#522),
  .UNSPECIFIED.,.F.,.F.,(4,1,4),(0.,0.5,1.),.QUASI_UNIFORM_KNOTS.);
#518 = CARTESIAN_POINT('',(0.100419787238,-0.183641823969,4.600002722319
    ));
#519 = CARTESIAN_POINT('',(0.100419787238,-0.155186539416,4.600002722319
    ));
#520 = CARTESIAN_POINT('',(0.100419787238,-9.827597030999E-02,
    4.600002722319));
#521 = CARTESIAN_POINT('',(0.100419787238,-4.13654012043E-02,
    4.600002722319));
#522 = CARTESIAN_POINT('',(0.100419787238,-1.291011665145E-02,
    4.600002722319));
#523 = ORIENTED_EDGE('',*,*,#524,.F.);
#524 = EDGE_CURVE('',#525,#515,#527,.T.);
#525 = VERTEX_POINT('',#526);
#526 = CARTESIAN_POINT('',(-0.100799724957,-0.183641823969,
    4.600002722319));
#527 = B_SPLINE_CURVE_WITH_KNOTS('',3,(#528,#529,#530,#531,#532),
  .UNSPECIFIED.,.F.,.F.,(4,1,4),(0.,0.5,0.999997515152),.UNSPECIFIED.);
#528 = CARTESIAN_POINT('',(-0.100799724957,-0.183641823969,
    4.600002722319));
#529 = CARTESIAN_POINT('',(-6.726313959127E-02,-0.183641823969,
    4.600002722319));
#530 = CARTESIAN_POINT('',(-1.899688595643E-04,-0.183641823969,
    4.600002722319));
#531 = CARTESIAN_POINT('',(6.688320187214E-02,-0.183641823969,
    4.600002722319));
#532 = CARTESIAN_POINT('',(0.100419787238,-0.183641823969,4.600002722319
    ));
#533 = ORIENTED_EDGE('',*,*,#534,.F.);
#534 = EDGE_CURVE('',#535,#525,#537,.T.);
#535 = VERTEX_POINT('',#536);
#536 = CARTESIAN_POINT('',(-0.100799724957,-0.238519872749,
    4.600002722319));
#537 = B_SPLINE_CURVE_WITH_KNOTS('',3,(#538,#539,#540,#541,#542),
  .UNSPECIFIED.,.F.,.F.,(4,1,4),(0.,0.5,0.999990888889),.UNSPECIFIED.);
#538 = CARTESIAN_POINT('',(-0.100799724957,-0.238519872749,
    4.600002722319));
#539 = CARTESIAN_POINT('',(-0.100799724957,-0.229373531286,
    4.600002722319));
#540 = CARTESIAN_POINT('',(-0.100799724957,-0.211081015025,
    4.600002722319));
#541 = CARTESIAN_POINT('',(-0.100799724957,-0.192788498765,
    4.600002722319));
#542 = CARTESIAN_POINT('',(-0.100799724957,-0.183641823969,
    4.600002722319));
#543 = ORIENTED_EDGE('',*,*,#544,.F.);
#544 = EDGE_CURVE('',#545,#535,#547,.T.);
#545 = VERTEX_POINT('',#546);
#546 = CARTESIAN_POINT('',(0.16749295797,-0.238519872749,4.600002722319)
  );
#547 = B_SPLINE_CURVE_WITH_KNOTS('',3,(#548,#549,#550,#551,#552),
  .UNSPECIFIED.,.F.,.F.,(4,1,4),(0.,0.5,0.999998136364),.UNSPECIFIED.);
#548 = CARTESIAN_POINT('',(0.16749295797,-0.238519872749,4.600002722319)
  );
#549 = CARTESIAN_POINT('',(0.122777510815,-0.238519872749,4.600002722319
    ));
#550 = CARTESIAN_POINT('',(3.334661650629E-02,-0.238519872749,
    4.600002722319));
#551 = CARTESIAN_POINT('',(-5.608427780265E-02,-0.238519872749,
    4.600002722319));
#552 = CARTESIAN_POINT('',(-0.100799724957,-0.238519872749,
    4.600002722319));
#553 = ORIENTED_EDGE('',*,*,#554,.F.);
#554 = EDGE_CURVE('',#555,#545,#557,.T.);
#555 = VERTEX_POINT('',#556);
#556 = CARTESIAN_POINT('',(0.16749295797,0.261480127251,4.600002722319)
  );
#557 = B_SPLINE_CURVE_WITH_KNOTS('',3,(#558,#559,#560,#561,#562),
  .UNSPECIFIED.,.F.,.F.,(4,1,4),(0.,0.5,0.999999),.UNSPECIFIED.);
#558 = CARTESIAN_POINT('',(0.16749295797,0.261480127251,4.600002722319)
  );
#559 = CARTESIAN_POINT('',(0.16749295797,0.178146793918,4.600002722319)
  );
#560 = CARTESIAN_POINT('',(0.16749295797,1.148012725099E-02,
    4.600002722319));
#561 = CARTESIAN_POINT('',(0.16749295797,-0.155186539416,4.600002722319)
  );
#562 = CARTESIAN_POINT('',(0.16749295797,-0.238519872749,4.600002722319)
  );
#563 = ORIENTED_EDGE('',*,*,#564,.F.);
#564 = EDGE_CURVE('',#565,#555,#567,.T.);
#565 = VERTEX_POINT('',#566);
#566 = CARTESIAN_POINT('',(-8.860460300591E-02,0.261480127251,
    4.600002722319));
#567 = B_SPLINE_CURVE_WITH_KNOTS('',3,(#568,#569,#570,#571,#572),
  .UNSPECIFIED.,.F.,.F.,(4,1,4),(0.,0.5,0.999998047619),.UNSPECIFIED.);
#568 = CARTESIAN_POINT('',(-8.860460300591E-02,0.261480127251,
    4.600002722319));
#569 = CARTESIAN_POINT('',(-4.592167617664E-02,0.261480127251,
    4.600002722319));
#570 = CARTESIAN_POINT('',(3.94441774819E-02,0.261480127251,
    4.600002722319));
#571 = CARTESIAN_POINT('',(0.12481003114,0.261480127251,4.600002722319)
  );
#572 = CARTESIAN_POINT('',(0.16749295797,0.261480127251,4.600002722319)
  );
#573 = ORIENTED_EDGE('',*,*,#574,.F.);
#574 = EDGE_CURVE('',#575,#565,#577,.T.);
#575 = VERTEX_POINT('',#576);
#576 = CARTESIAN_POINT('',(-8.860460300591E-02,0.20660207847,
    4.600002722319));
#577 = B_SPLINE_CURVE_WITH_KNOTS('',3,(#578,#579,#580,#581,#582),
  .UNSPECIFIED.,.F.,.F.,(4,1,4),(0.,0.5,0.999990888889),.UNSPECIFIED.);
#578 = CARTESIAN_POINT('',(-8.860460300591E-02,0.20660207847,
    4.600002722319));
#579 = CARTESIAN_POINT('',(-8.860460300591E-02,0.215748419934,
    4.600002722319));
#580 = CARTESIAN_POINT('',(-8.860460300591E-02,0.234040936194,
    4.600002722319));
#581 = CARTESIAN_POINT('',(-8.860460300591E-02,0.252333452454,
    4.600002722319));
#582 = CARTESIAN_POINT('',(-8.860460300591E-02,0.261480127251,
    4.600002722319));
#583 = ORIENTED_EDGE('',*,*,#584,.F.);
#584 = EDGE_CURVE('',#585,#575,#587,.T.);
#585 = VERTEX_POINT('',#586);
#586 = CARTESIAN_POINT('',(0.100419787238,0.20660207847,4.600002722319)
  );
#587 = B_SPLINE_CURVE_WITH_KNOTS('',3,(#588,#589,#590,#591,#592),
  .UNSPECIFIED.,.F.,.F.,(4,1,4),(0.,0.5,0.999997354839),.UNSPECIFIED.);
#588 = CARTESIAN_POINT('',(0.100419787238,0.20660207847,4.600002722319)
  );
#589 = CARTESIAN_POINT('',(6.891572219735E-02,0.20660207847,
    4.600002722319));
#590 = CARTESIAN_POINT('',(5.907592116046E-03,0.20660207847,
    4.600002722319));
#591 = CARTESIAN_POINT('',(-5.710053796525E-02,0.20660207847,
    4.600002722319));
#592 = CARTESIAN_POINT('',(-8.860460300591E-02,0.20660207847,
    4.600002722319));
#593 = ORIENTED_EDGE('',*,*,#594,.F.);
#594 = EDGE_CURVE('',#485,#585,#595,.T.);
#595 = B_SPLINE_CURVE_WITH_KNOTS('',3,(#596,#597,#598,#599,#600),
  .UNSPECIFIED.,.F.,.F.,(4,1,4),(0.,0.5,0.999996962963),.UNSPECIFIED.);
#596 = CARTESIAN_POINT('',(0.100419787238,4.196793212904E-02,
    4.600002722319));
#597 = CARTESIAN_POINT('',(0.100419787238,6.940695651928E-02,
    4.600002722319));
#598 = CARTESIAN_POINT('',(0.100419787238,0.1242850053,4.600002722319));
#599 = CARTESIAN_POINT('',(0.100419787238,0.17916305408,4.600002722319)
  );
#600 = CARTESIAN_POINT('',(0.100419787238,0.20660207847,4.600002722319)
  );
#601 = FACE_BOUND('',#602,.T.);
#602 = EDGE_LOOP('',(#603,#615,#625,#635,#645,#655,#665,#675,#685,#695)
  );
#603 = ORIENTED_EDGE('',*,*,#604,.F.);
#604 = EDGE_CURVE('',#605,#607,#609,.T.);
#605 = VERTEX_POINT('',#606);
#606 = CARTESIAN_POINT('',(0.382146159189,0.212699639446,4.600002722319)
  );
#607 = VERTEX_POINT('',#608);
#608 = CARTESIAN_POINT('',(0.265053933579,0.180687444324,4.600002722319)
  );
#609 = B_SPLINE_CURVE_WITH_KNOTS('',3,(#610,#611,#612,#613,#614),
  .UNSPECIFIED.,.F.,.F.,(4,1,4),(0.,0.440436656024,0.999995499134),
  .UNSPECIFIED.);
#610 = CARTESIAN_POINT('',(0.382146159189,0.212699639446,4.600002722319)
  );
#611 = CARTESIAN_POINT('',(0.364001469066,0.211730817351,4.600002722319)
  );
#612 = CARTESIAN_POINT('',(0.322804606344,0.209531141821,4.600002722319)
  );
#613 = CARTESIAN_POINT('',(0.28577484613,0.191036578259,4.600002722319)
  );
#614 = CARTESIAN_POINT('',(0.265053933579,0.180687444324,4.600002722319)
  );
#615 = ORIENTED_EDGE('',*,*,#616,.F.);
#616 = EDGE_CURVE('',#617,#605,#619,.T.);
#617 = VERTEX_POINT('',#618);
#618 = CARTESIAN_POINT('',(0.56993198236,6.144761397329E-03,
    4.600002722319));
#619 = B_SPLINE_CURVE_WITH_KNOTS('',3,(#620,#621,#622,#623,#624),
  .UNSPECIFIED.,.F.,.F.,(4,1,4),(0.,0.44618891039,0.99999714345),
  .UNSPECIFIED.);
#620 = CARTESIAN_POINT('',(0.56993198236,6.144761397329E-03,
    4.600002722319));
#621 = CARTESIAN_POINT('',(0.564135244378,5.51304771754E-02,
    4.600002722319));
#622 = CARTESIAN_POINT('',(0.551143576842,0.16491741862,4.600002722319)
  );
#623 = CARTESIAN_POINT('',(0.442380408151,0.195669046759,4.600002722319)
  );
#624 = CARTESIAN_POINT('',(0.382146159189,0.212699639446,4.600002722319)
  );
#625 = ORIENTED_EDGE('',*,*,#626,.F.);
#626 = EDGE_CURVE('',#627,#617,#629,.T.);
#627 = VERTEX_POINT('',#628);
#628 = CARTESIAN_POINT('',(0.393388537238,-0.189739384944,4.600002722319
    ));
#629 = B_SPLINE_CURVE_WITH_KNOTS('',3,(#630,#631,#632,#633,#634),
  .UNSPECIFIED.,.F.,.F.,(4,1,4),(0.,0.440948198198,1.),.UNSPECIFIED.);
#630 = CARTESIAN_POINT('',(0.393388537238,-0.189739384944,4.600002722319
    ));
#631 = CARTESIAN_POINT('',(0.438711616829,-0.180391426802,4.600002722319
    ));
#632 = CARTESIAN_POINT('',(0.541497113573,-0.1591917526,4.600002722319)
  );
#633 = CARTESIAN_POINT('',(0.559735679318,-5.314234884926E-02,
    4.600002722319));
#634 = CARTESIAN_POINT('',(0.56993198236,6.144761397329E-03,
    4.600002722319));
#635 = ORIENTED_EDGE('',*,*,#636,.F.);
#636 = EDGE_CURVE('',#637,#627,#639,.T.);
#637 = VERTEX_POINT('',#638);
#638 = CARTESIAN_POINT('',(0.265053933579,-0.157727189822,4.600002722319
    ));
#639 = B_SPLINE_CURVE_WITH_KNOTS('',3,(#640,#641,#642,#643,#644),
  .UNSPECIFIED.,.F.,.F.,(4,1,4),(0.,0.440010228627,0.99999523588),
  .UNSPECIFIED.);
#640 = CARTESIAN_POINT('',(0.265053933579,-0.157727189822,4.600002722319
    ));
#641 = CARTESIAN_POINT('',(0.282814006386,-0.166404726363,4.600002722319
    ));
#642 = CARTESIAN_POINT('',(0.323176677614,-0.186125847908,4.600002722319
    ));
#643 = CARTESIAN_POINT('',(0.368184215228,-0.188442244647,4.600002722319
    ));
#644 = CARTESIAN_POINT('',(0.393388537238,-0.189739384944,4.600002722319
    ));
#645 = ORIENTED_EDGE('',*,*,#646,.F.);
#646 = EDGE_CURVE('',#647,#637,#649,.T.);
#647 = VERTEX_POINT('',#648);
#648 = CARTESIAN_POINT('',(0.265053933579,-0.212605238603,4.600002722319
    ));
#649 = B_SPLINE_CURVE_WITH_KNOTS('',3,(#650,#651,#652,#653,#654),
  .UNSPECIFIED.,.F.,.F.,(4,1,4),(0.,0.5,0.999989859501),.UNSPECIFIED.);
#650 = CARTESIAN_POINT('',(0.265053933579,-0.212605238603,4.600002722319
    ));
#651 = CARTESIAN_POINT('',(0.265053933579,-0.203458897139,4.600002722319
    ));
#652 = CARTESIAN_POINT('',(0.265053933579,-0.185166399709,4.600002722319
    ));
#653 = CARTESIAN_POINT('',(0.265053933579,-0.166873902279,4.600002722319
    ));
#654 = CARTESIAN_POINT('',(0.265053933579,-0.157727189822,4.600002722319
    ));
#655 = ORIENTED_EDGE('',*,*,#656,.F.);
#656 = EDGE_CURVE('',#657,#647,#659,.T.);
#657 = VERTEX_POINT('',#658);
#658 = CARTESIAN_POINT('',(0.402630153092,-0.244617433725,4.600002722319
    ));
#659 = B_SPLINE_CURVE_WITH_KNOTS('',3,(#660,#661,#662,#663,#664),
  .UNSPECIFIED.,.F.,.F.,(4,1,4),(0.,0.440890142866,0.999996211309),
  .UNSPECIFIED.);
#660 = CARTESIAN_POINT('',(0.402630153092,-0.244617433725,4.600002722319
    ));
#661 = CARTESIAN_POINT('',(0.38152024776,-0.244028877599,4.600002722319)
  );
#662 = CARTESIAN_POINT('',(0.333640054306,-0.242693950668,4.600002722319
    ));
#663 = CARTESIAN_POINT('',(0.289649491093,-0.223395302835,4.600002722319
    ));
#664 = CARTESIAN_POINT('',(0.265053933579,-0.212605238603,4.600002722319
    ));
#665 = ORIENTED_EDGE('',*,*,#666,.F.);
#666 = EDGE_CURVE('',#667,#657,#669,.T.);
#667 = VERTEX_POINT('',#668);
#668 = CARTESIAN_POINT('',(0.637005153092,2.047962616841E-03,
    4.600002722319));
#669 = B_SPLINE_CURVE_WITH_KNOTS('',3,(#670,#671,#672,#673,#674),
  .UNSPECIFIED.,.F.,.F.,(4,1,4),(0.,0.445317252035,0.999997380281),
  .UNSPECIFIED.);
#670 = CARTESIAN_POINT('',(0.637005153092,2.047962616841E-03,
    4.600002722319));
#671 = CARTESIAN_POINT('',(0.628973174228,-5.759731471135E-02,
    4.600002722319));
#672 = CARTESIAN_POINT('',(0.610936642235,-0.191536157313,4.600002722319
    ));
#673 = CARTESIAN_POINT('',(0.476950149225,-0.22567899223,4.600002722319)
  );
#674 = CARTESIAN_POINT('',(0.402630153092,-0.244617433725,4.600002722319
    ));
#675 = ORIENTED_EDGE('',*,*,#676,.F.);
#676 = EDGE_CURVE('',#677,#667,#679,.T.);
#677 = VERTEX_POINT('',#678);
#678 = CARTESIAN_POINT('',(0.382717805531,0.267577688227,4.600002722319)
  );
#679 = B_SPLINE_CURVE_WITH_KNOTS('',3,(#680,#681,#682,#683,#684),
  .UNSPECIFIED.,.F.,.F.,(4,1,4),(0.,0.442583305674,0.999998639109),
  .UNSPECIFIED.);
#680 = CARTESIAN_POINT('',(0.382717805531,0.267577688227,4.600002722319)
  );
#681 = CARTESIAN_POINT('',(0.445904275795,0.25562489847,4.600002722319)
  );
#682 = CARTESIAN_POINT('',(0.588671681287,0.22861802857,4.600002722319)
  );
#683 = CARTESIAN_POINT('',(0.619706067897,8.313990009058E-02,
    4.600002722319));
#684 = CARTESIAN_POINT('',(0.637005153092,2.047962616841E-03,
    4.600002722319));
#685 = ORIENTED_EDGE('',*,*,#686,.F.);
#686 = EDGE_CURVE('',#687,#677,#689,.T.);
#687 = VERTEX_POINT('',#688);
#688 = CARTESIAN_POINT('',(0.265053933579,0.247760615056,4.600002722319)
  );
#689 = B_SPLINE_CURVE_WITH_KNOTS('',3,(#690,#691,#692,#693,#694),
  .UNSPECIFIED.,.F.,.F.,(4,1,4),(0.,0.43977387616,0.999994392464),
  .UNSPECIFIED.);
#690 = CARTESIAN_POINT('',(0.265053933579,0.247760615056,4.600002722319)
  );
#691 = CARTESIAN_POINT('',(0.281814772162,0.253361627921,4.600002722319)
  );
#692 = CARTESIAN_POINT('',(0.319926960047,0.266097676516,4.600002722319)
  );
#693 = CARTESIAN_POINT('',(0.360171293899,0.267046279478,4.600002722319)
  );
#694 = CARTESIAN_POINT('',(0.382717805531,0.267577688227,4.600002722319)
  );
#695 = ORIENTED_EDGE('',*,*,#696,.F.);
#696 = EDGE_CURVE('',#607,#687,#697,.T.);
#697 = B_SPLINE_CURVE_WITH_KNOTS('',3,(#698,#699,#700,#701,#702),
  .UNSPECIFIED.,.F.,.F.,(4,1,4),(0.,0.5,0.999992440466),.UNSPECIFIED.);
#698 = CARTESIAN_POINT('',(0.265053933579,0.180687444324,4.600002722319)
  );
#699 = CARTESIAN_POINT('',(0.265053933579,0.191866306113,4.600002722319)
  );
#700 = CARTESIAN_POINT('',(0.265053933579,0.214223860676,4.600002722319)
  );
#701 = CARTESIAN_POINT('',(0.265053933579,0.236581415239,4.600002722319)
  );
#702 = CARTESIAN_POINT('',(0.265053933579,0.247760615056,4.600002722319)
  );
#703 = B_SPLINE_SURFACE_WITH_KNOTS('',1,1,(
    (#704,#705)
    ,(#706,#707
    )),.UNSPECIFIED.,.F.,.F.,.F.,(2,2),(2,2),(0.,18.65),(-7.05,
    2.6645352591E-15),.PIECEWISE_BEZIER_KNOTS.);
#704 = CARTESIAN_POINT('',(-9.325,-3.525,4.600002722319));
#705 = CARTESIAN_POINT('',(-9.325,3.525,4.600002722319));
#706 = CARTESIAN_POINT('',(9.325,-3.525,4.600002722319));
#707 = CARTESIAN_POINT('',(9.325,3.525,4.600002722319));
#708 = ADVANCED_FACE('',(#709),#747,.T.);
#709 = FACE_BOUND('',#710,.T.);
#710 = EDGE_LOOP('',(#711,#712,#720,#727,#735,#742));
#711 = ORIENTED_EDGE('',*,*,#110,.T.);
#712 = ORIENTED_EDGE('',*,*,#713,.T.);
#713 = EDGE_CURVE('',#104,#714,#716,.T.);
#714 = VERTEX_POINT('',#715);
#715 = CARTESIAN_POINT('',(-9.825,-3.425,4.100002722319));
#716 = ( BOUNDED_CURVE() B_SPLINE_CURVE(2,(#717,#718,#719),
.UNSPECIFIED.,.F.,.F.) B_SPLINE_CURVE_WITH_KNOTS((3,3),(4.712388980385,
6.28318530718),.PIECEWISE_BEZIER_KNOTS.) CURVE() 
GEOMETRIC_REPRESENTATION_ITEM() RATIONAL_B_SPLINE_CURVE((1.,
0.707106781187,1.)) REPRESENTATION_ITEM('') );
#717 = CARTESIAN_POINT('',(-9.725,-3.525,4.100002722319));
#718 = CARTESIAN_POINT('',(-9.825,-3.525,4.100002722319));
#719 = CARTESIAN_POINT('',(-9.825,-3.425,4.100002722319));
#720 = ORIENTED_EDGE('',*,*,#721,.T.);
#721 = EDGE_CURVE('',#714,#722,#724,.T.);
#722 = VERTEX_POINT('',#723);
#723 = CARTESIAN_POINT('',(-9.825,3.425,4.100002722319));
#724 = B_SPLINE_CURVE_WITH_KNOTS('',1,(#725,#726),.UNSPECIFIED.,.F.,.F.,
  (2,2),(0.1,6.95),.PIECEWISE_BEZIER_KNOTS.);
#725 = CARTESIAN_POINT('',(-9.825,-3.425,4.100002722319));
#726 = CARTESIAN_POINT('',(-9.825,3.425,4.100002722319));
#727 = ORIENTED_EDGE('',*,*,#728,.T.);
#728 = EDGE_CURVE('',#722,#729,#731,.T.);
#729 = VERTEX_POINT('',#730);
#730 = CARTESIAN_POINT('',(-9.725,3.525,4.100002722319));
#731 = ( BOUNDED_CURVE() B_SPLINE_CURVE(2,(#732,#733,#734),
.UNSPECIFIED.,.F.,.F.) B_SPLINE_CURVE_WITH_KNOTS((3,3),(0.,
1.570796326795),.PIECEWISE_BEZIER_KNOTS.) CURVE() 
GEOMETRIC_REPRESENTATION_ITEM() RATIONAL_B_SPLINE_CURVE((1.,
0.707106781187,1.)) REPRESENTATION_ITEM('') );
#732 = CARTESIAN_POINT('',(-9.825,3.425,4.100002722319));
#733 = CARTESIAN_POINT('',(-9.825,3.525,4.100002722319));
#734 = CARTESIAN_POINT('',(-9.725,3.525,4.100002722319));
#735 = ORIENTED_EDGE('',*,*,#736,.F.);
#736 = EDGE_CURVE('',#737,#729,#739,.T.);
#737 = VERTEX_POINT('',#738);
#738 = CARTESIAN_POINT('',(-9.325,3.525,4.100002722319));
#739 = B_SPLINE_CURVE_WITH_KNOTS('',1,(#740,#741),.UNSPECIFIED.,.F.,.F.,
  (2,2),(19.15,19.55),.PIECEWISE_BEZIER_KNOTS.);
#740 = CARTESIAN_POINT('',(-9.325,3.525,4.100002722319));
#741 = CARTESIAN_POINT('',(-9.725,3.525,4.100002722319));
#742 = ORIENTED_EDGE('',*,*,#743,.T.);
#743 = EDGE_CURVE('',#737,#111,#744,.T.);
#744 = B_SPLINE_CURVE_WITH_KNOTS('',1,(#745,#746),.UNSPECIFIED.,.F.,.F.,
  (2,2),(0.,7.05),.PIECEWISE_BEZIER_KNOTS.);
#745 = CARTESIAN_POINT('',(-9.325,3.525,4.100002722319));
#746 = CARTESIAN_POINT('',(-9.325,-3.525,4.100002722319));
#747 = B_SPLINE_SURFACE_WITH_KNOTS('',1,1,(
    (#748,#749)
    ,(#750,#751
    )),.UNSPECIFIED.,.F.,.F.,.F.,(2,2),(2,2),(9.325,9.825),(-3.525,3.525
    ),.PIECEWISE_BEZIER_KNOTS.);
#748 = CARTESIAN_POINT('',(-9.325,-3.525,4.100002722319));
#749 = CARTESIAN_POINT('',(-9.325,3.525,4.100002722319));
#750 = CARTESIAN_POINT('',(-9.825,-3.525,4.100002722319));
#751 = CARTESIAN_POINT('',(-9.825,3.525,4.100002722319));
#752 = ADVANCED_FACE('',(#753),#795,.F.);
#753 = FACE_BOUND('',#754,.T.);
#754 = EDGE_LOOP('',(#755,#764,#771,#778,#783,#784,#789,#790));
#755 = ORIENTED_EDGE('',*,*,#756,.T.);
#756 = EDGE_CURVE('',#757,#759,#761,.T.);
#757 = VERTEX_POINT('',#758);
#758 = CARTESIAN_POINT('',(-9.725,3.525,14.160002722319));
#759 = VERTEX_POINT('',#760);
#760 = CARTESIAN_POINT('',(9.725,3.525,14.160002722319));
#761 = B_SPLINE_CURVE_WITH_KNOTS('',1,(#762,#763),.UNSPECIFIED.,.F.,.F.,
  (2,2),(-19.55,-1.E-01),.PIECEWISE_BEZIER_KNOTS.);
#762 = CARTESIAN_POINT('',(-9.725,3.525,14.160002722319));
#763 = CARTESIAN_POINT('',(9.725,3.525,14.160002722319));
#764 = ORIENTED_EDGE('',*,*,#765,.T.);
#765 = EDGE_CURVE('',#759,#766,#768,.T.);
#766 = VERTEX_POINT('',#767);
#767 = CARTESIAN_POINT('',(9.725,3.525,4.100002722319));
#768 = B_SPLINE_CURVE_WITH_KNOTS('',1,(#769,#770),.UNSPECIFIED.,.F.,.F.,
  (2,2),(1.E-01,10.16),.PIECEWISE_BEZIER_KNOTS.);
#769 = CARTESIAN_POINT('',(9.725,3.525,14.160002722319));
#770 = CARTESIAN_POINT('',(9.725,3.525,4.100002722319));
#771 = ORIENTED_EDGE('',*,*,#772,.T.);
#772 = EDGE_CURVE('',#766,#773,#775,.T.);
#773 = VERTEX_POINT('',#774);
#774 = CARTESIAN_POINT('',(9.325,3.525,4.100002722319));
#775 = B_SPLINE_CURVE_WITH_KNOTS('',1,(#776,#777),.UNSPECIFIED.,.F.,.F.,
  (2,2),(1.E-01,0.5),.PIECEWISE_BEZIER_KNOTS.);
#776 = CARTESIAN_POINT('',(9.725,3.525,4.100002722319));
#777 = CARTESIAN_POINT('',(9.325,3.525,4.100002722319));
#778 = ORIENTED_EDGE('',*,*,#779,.T.);
#779 = EDGE_CURVE('',#773,#275,#780,.T.);
#780 = B_SPLINE_CURVE_WITH_KNOTS('',1,(#781,#782),.UNSPECIFIED.,.F.,.F.,
  (2,2),(0.,0.5),.PIECEWISE_BEZIER_KNOTS.);
#781 = CARTESIAN_POINT('',(9.325,3.525,4.100002722319));
#782 = CARTESIAN_POINT('',(9.325,3.525,4.600002722319));
#783 = ORIENTED_EDGE('',*,*,#274,.T.);
#784 = ORIENTED_EDGE('',*,*,#785,.T.);
#785 = EDGE_CURVE('',#268,#737,#786,.T.);
#786 = B_SPLINE_CURVE_WITH_KNOTS('',1,(#787,#788),.UNSPECIFIED.,.F.,.F.,
  (2,2),(-0.5,-0.),.PIECEWISE_BEZIER_KNOTS.);
#787 = CARTESIAN_POINT('',(-9.325,3.525,4.600002722319));
#788 = CARTESIAN_POINT('',(-9.325,3.525,4.100002722319));
#789 = ORIENTED_EDGE('',*,*,#736,.T.);
#790 = ORIENTED_EDGE('',*,*,#791,.T.);
#791 = EDGE_CURVE('',#729,#757,#792,.T.);
#792 = B_SPLINE_CURVE_WITH_KNOTS('',1,(#793,#794),.UNSPECIFIED.,.F.,.F.,
  (2,2),(-10.16,-1.E-01),.PIECEWISE_BEZIER_KNOTS.);
#793 = CARTESIAN_POINT('',(-9.725,3.525,4.100002722319));
#794 = CARTESIAN_POINT('',(-9.725,3.525,14.160002722319));
#795 = B_SPLINE_SURFACE_WITH_KNOTS('',1,1,(
    (#796,#797)
    ,(#798,#799
  )),.UNSPECIFIED.,.F.,.F.,.F.,(2,2),(2,2),(-19.55,-1.E-01),(-10.16,
    -1.E-01),.PIECEWISE_BEZIER_KNOTS.);
#796 = CARTESIAN_POINT('',(-9.725,3.525,4.100002722319));
#797 = CARTESIAN_POINT('',(-9.725,3.525,14.160002722319));
#798 = CARTESIAN_POINT('',(9.725,3.525,4.100002722319));
#799 = CARTESIAN_POINT('',(9.725,3.525,14.160002722319));
#800 = ADVANCED_FACE('',(#801),#823,.T.);
#801 = FACE_BOUND('',#802,.T.);
#802 = EDGE_LOOP('',(#803,#804,#811,#818));
#803 = ORIENTED_EDGE('',*,*,#721,.F.);
#804 = ORIENTED_EDGE('',*,*,#805,.T.);
#805 = EDGE_CURVE('',#714,#806,#808,.T.);
#806 = VERTEX_POINT('',#807);
#807 = CARTESIAN_POINT('',(-9.825,-3.425,14.160002722319));
#808 = B_SPLINE_CURVE_WITH_KNOTS('',1,(#809,#810),.UNSPECIFIED.,.F.,.F.,
  (2,2),(-10.16,-1.E-01),.PIECEWISE_BEZIER_KNOTS.);
#809 = CARTESIAN_POINT('',(-9.825,-3.425,4.100002722319));
#810 = CARTESIAN_POINT('',(-9.825,-3.425,14.160002722319));
#811 = ORIENTED_EDGE('',*,*,#812,.T.);
#812 = EDGE_CURVE('',#806,#813,#815,.T.);
#813 = VERTEX_POINT('',#814);
#814 = CARTESIAN_POINT('',(-9.825,3.425,14.160002722319));
#815 = B_SPLINE_CURVE_WITH_KNOTS('',1,(#816,#817),.UNSPECIFIED.,.F.,.F.,
  (2,2),(-6.95,-1.E-01),.PIECEWISE_BEZIER_KNOTS.);
#816 = CARTESIAN_POINT('',(-9.825,-3.425,14.160002722319));
#817 = CARTESIAN_POINT('',(-9.825,3.425,14.160002722319));
#818 = ORIENTED_EDGE('',*,*,#819,.T.);
#819 = EDGE_CURVE('',#813,#722,#820,.T.);
#820 = B_SPLINE_CURVE_WITH_KNOTS('',1,(#821,#822),.UNSPECIFIED.,.F.,.F.,
  (2,2),(-10.06,0.),.PIECEWISE_BEZIER_KNOTS.);
#821 = CARTESIAN_POINT('',(-9.825,3.425,14.160002722319));
#822 = CARTESIAN_POINT('',(-9.825,3.425,4.100002722319));
#823 = B_SPLINE_SURFACE_WITH_KNOTS('',1,1,(
    (#824,#825)
    ,(#826,#827
  )),.UNSPECIFIED.,.F.,.F.,.F.,(2,2),(2,2),(-10.16,-1.E-01),(1.E-01,6.95
    ),.PIECEWISE_BEZIER_KNOTS.);
#824 = CARTESIAN_POINT('',(-9.825,-3.425,4.100002722319));
#825 = CARTESIAN_POINT('',(-9.825,3.425,4.100002722319));
#826 = CARTESIAN_POINT('',(-9.825,-3.425,14.160002722319));
#827 = CARTESIAN_POINT('',(-9.825,3.425,14.160002722319));
#828 = ADVANCED_FACE('',(#829),#859,.T.);
#829 = FACE_BOUND('',#830,.T.);
#830 = EDGE_LOOP('',(#831,#832,#840,#847,#853,#854));
#831 = ORIENTED_EDGE('',*,*,#772,.F.);
#832 = ORIENTED_EDGE('',*,*,#833,.T.);
#833 = EDGE_CURVE('',#766,#834,#836,.T.);
#834 = VERTEX_POINT('',#835);
#835 = CARTESIAN_POINT('',(9.825,3.425,4.100002722319));
#836 = ( BOUNDED_CURVE() B_SPLINE_CURVE(2,(#837,#838,#839),
.UNSPECIFIED.,.F.,.F.) B_SPLINE_CURVE_WITH_KNOTS((3,3),(1.570796326795,
3.14159265359),.PIECEWISE_BEZIER_KNOTS.) CURVE() 
GEOMETRIC_REPRESENTATION_ITEM() RATIONAL_B_SPLINE_CURVE((1.,
0.707106781187,1.)) REPRESENTATION_ITEM('') );
#837 = CARTESIAN_POINT('',(9.725,3.525,4.100002722319));
#838 = CARTESIAN_POINT('',(9.825,3.525,4.100002722319));
#839 = CARTESIAN_POINT('',(9.825,3.425,4.100002722319));
#840 = ORIENTED_EDGE('',*,*,#841,.F.);
#841 = EDGE_CURVE('',#842,#834,#844,.T.);
#842 = VERTEX_POINT('',#843);
#843 = CARTESIAN_POINT('',(9.825,-3.425,4.100002722319));
#844 = B_SPLINE_CURVE_WITH_KNOTS('',1,(#845,#846),.UNSPECIFIED.,.F.,.F.,
  (2,2),(1.E-01,6.95),.PIECEWISE_BEZIER_KNOTS.);
#845 = CARTESIAN_POINT('',(9.825,-3.425,4.100002722319));
#846 = CARTESIAN_POINT('',(9.825,3.425,4.100002722319));
#847 = ORIENTED_EDGE('',*,*,#848,.T.);
#848 = EDGE_CURVE('',#842,#81,#849,.T.);
#849 = ( BOUNDED_CURVE() B_SPLINE_CURVE(2,(#850,#851,#852),
.UNSPECIFIED.,.F.,.F.) B_SPLINE_CURVE_WITH_KNOTS((3,3),(3.14159265359,
4.712388980385),.PIECEWISE_BEZIER_KNOTS.) CURVE() 
GEOMETRIC_REPRESENTATION_ITEM() RATIONAL_B_SPLINE_CURVE((1.,
0.707106781187,1.)) REPRESENTATION_ITEM('') );
#850 = CARTESIAN_POINT('',(9.825,-3.425,4.100002722319));
#851 = CARTESIAN_POINT('',(9.825,-3.525,4.100002722319));
#852 = CARTESIAN_POINT('',(9.725,-3.525,4.100002722319));
#853 = ORIENTED_EDGE('',*,*,#80,.T.);
#854 = ORIENTED_EDGE('',*,*,#855,.F.);
#855 = EDGE_CURVE('',#773,#83,#856,.T.);
#856 = B_SPLINE_CURVE_WITH_KNOTS('',1,(#857,#858),.UNSPECIFIED.,.F.,.F.,
  (2,2),(2.22044604925E-15,7.05),.PIECEWISE_BEZIER_KNOTS.);
#857 = CARTESIAN_POINT('',(9.325,3.525,4.100002722319));
#858 = CARTESIAN_POINT('',(9.325,-3.525,4.100002722319));
#859 = B_SPLINE_SURFACE_WITH_KNOTS('',1,1,(
    (#860,#861)
    ,(#862,#863
  )),.UNSPECIFIED.,.F.,.F.,.F.,(2,2),(2,2),(-9.825,-9.325),(-3.525,3.525
    ),.PIECEWISE_BEZIER_KNOTS.);
#860 = CARTESIAN_POINT('',(9.825,-3.525,4.100002722319));
#861 = CARTESIAN_POINT('',(9.825,3.525,4.100002722319));
#862 = CARTESIAN_POINT('',(9.325,-3.525,4.100002722319));
#863 = CARTESIAN_POINT('',(9.325,3.525,4.100002722319));
#864 = ADVANCED_FACE('',(#865),#887,.F.);
#865 = FACE_BOUND('',#866,.T.);
#866 = EDGE_LOOP('',(#867,#868,#875,#882));
#867 = ORIENTED_EDGE('',*,*,#841,.T.);
#868 = ORIENTED_EDGE('',*,*,#869,.T.);
#869 = EDGE_CURVE('',#834,#870,#872,.T.);
#870 = VERTEX_POINT('',#871);
#871 = CARTESIAN_POINT('',(9.825,3.425,14.160002722319));
#872 = B_SPLINE_CURVE_WITH_KNOTS('',1,(#873,#874),.UNSPECIFIED.,.F.,.F.,
  (2,2),(-10.16,-1.E-01),.PIECEWISE_BEZIER_KNOTS.);
#873 = CARTESIAN_POINT('',(9.825,3.425,4.100002722319));
#874 = CARTESIAN_POINT('',(9.825,3.425,14.160002722319));
#875 = ORIENTED_EDGE('',*,*,#876,.T.);
#876 = EDGE_CURVE('',#870,#877,#879,.T.);
#877 = VERTEX_POINT('',#878);
#878 = CARTESIAN_POINT('',(9.825,-3.425,14.160002722319));
#879 = B_SPLINE_CURVE_WITH_KNOTS('',1,(#880,#881),.UNSPECIFIED.,.F.,.F.,
  (2,2),(-6.95,-1.E-01),.PIECEWISE_BEZIER_KNOTS.);
#880 = CARTESIAN_POINT('',(9.825,3.425,14.160002722319));
#881 = CARTESIAN_POINT('',(9.825,-3.425,14.160002722319));
#882 = ORIENTED_EDGE('',*,*,#883,.T.);
#883 = EDGE_CURVE('',#877,#842,#884,.T.);
#884 = B_SPLINE_CURVE_WITH_KNOTS('',1,(#885,#886),.UNSPECIFIED.,.F.,.F.,
  (2,2),(-10.06,0.),.PIECEWISE_BEZIER_KNOTS.);
#885 = CARTESIAN_POINT('',(9.825,-3.425,14.160002722319));
#886 = CARTESIAN_POINT('',(9.825,-3.425,4.100002722319));
#887 = B_SPLINE_SURFACE_WITH_KNOTS('',1,1,(
    (#888,#889)
    ,(#890,#891
  )),.UNSPECIFIED.,.F.,.F.,.F.,(2,2),(2,2),(-10.16,-1.E-01),(1.E-01,6.95
    ),.PIECEWISE_BEZIER_KNOTS.);
#888 = CARTESIAN_POINT('',(9.825,-3.425,4.100002722319));
#889 = CARTESIAN_POINT('',(9.825,3.425,4.100002722319));
#890 = CARTESIAN_POINT('',(9.825,-3.425,14.160002722319));
#891 = CARTESIAN_POINT('',(9.825,3.425,14.160002722319));
#892 = ADVANCED_FACE('',(#893),#899,.F.);
#893 = FACE_BOUND('',#894,.T.);
#894 = EDGE_LOOP('',(#895,#896,#897,#898));
#895 = ORIENTED_EDGE('',*,*,#117,.T.);
#896 = ORIENTED_EDGE('',*,*,#743,.F.);
#897 = ORIENTED_EDGE('',*,*,#785,.F.);
#898 = ORIENTED_EDGE('',*,*,#267,.T.);
#899 = B_SPLINE_SURFACE_WITH_KNOTS('',1,1,(
    (#900,#901)
    ,(#902,#903
    )),.UNSPECIFIED.,.F.,.F.,.F.,(2,2),(2,2),(0.,7.05),(0.,0.5),
  .PIECEWISE_BEZIER_KNOTS.);
#900 = CARTESIAN_POINT('',(-9.325,3.525,4.100002722319));
#901 = CARTESIAN_POINT('',(-9.325,3.525,4.600002722319));
#902 = CARTESIAN_POINT('',(-9.325,-3.525,4.100002722319));
#903 = CARTESIAN_POINT('',(-9.325,-3.525,4.600002722319));
#904 = ADVANCED_FACE('',(#905),#911,.F.);
#905 = FACE_BOUND('',#906,.T.);
#906 = EDGE_LOOP('',(#907,#908,#909,#910));
#907 = ORIENTED_EDGE('',*,*,#131,.T.);
#908 = ORIENTED_EDGE('',*,*,#281,.F.);
#909 = ORIENTED_EDGE('',*,*,#779,.F.);
#910 = ORIENTED_EDGE('',*,*,#855,.T.);
#911 = B_SPLINE_SURFACE_WITH_KNOTS('',1,1,(
    (#912,#913)
    ,(#914,#915
    )),.UNSPECIFIED.,.F.,.F.,.F.,(2,2),(2,2),(-7.05,0.),(0.,0.5),
  .PIECEWISE_BEZIER_KNOTS.);
#912 = CARTESIAN_POINT('',(9.325,-3.525,4.100002722319));
#913 = CARTESIAN_POINT('',(9.325,-3.525,4.600002722319));
#914 = CARTESIAN_POINT('',(9.325,3.525,4.100002722319));
#915 = CARTESIAN_POINT('',(9.325,3.525,4.600002722319));
#916 = ADVANCED_FACE('',(#917),#939,.F.);
#917 = FACE_BOUND('',#918,.T.);
#918 = EDGE_LOOP('',(#919,#920,#927,#934));
#919 = ORIENTED_EDGE('',*,*,#288,.T.);
#920 = ORIENTED_EDGE('',*,*,#921,.F.);
#921 = EDGE_CURVE('',#922,#291,#924,.T.);
#922 = VERTEX_POINT('',#923);
#923 = CARTESIAN_POINT('',(-7.865,2.775,2.722318726001E-06));
#924 = B_SPLINE_CURVE_WITH_KNOTS('',1,(#925,#926),.UNSPECIFIED.,.F.,.F.,
  (2,2),(0.,4.6),.PIECEWISE_BEZIER_KNOTS.);
#925 = CARTESIAN_POINT('',(-7.865,2.775,2.722318726001E-06));
#926 = CARTESIAN_POINT('',(-7.865,2.775,4.600002722319));
#927 = ORIENTED_EDGE('',*,*,#928,.F.);
#928 = EDGE_CURVE('',#929,#922,#931,.T.);
#929 = VERTEX_POINT('',#930);
#930 = CARTESIAN_POINT('',(-7.865,2.475,2.722318726001E-06));
#931 = B_SPLINE_CURVE_WITH_KNOTS('',1,(#932,#933),.UNSPECIFIED.,.F.,.F.,
  (2,2),(-0.3,0.),.PIECEWISE_BEZIER_KNOTS.);
#932 = CARTESIAN_POINT('',(-7.865,2.475,2.722318726001E-06));
#933 = CARTESIAN_POINT('',(-7.865,2.775,2.722318726001E-06));
#934 = ORIENTED_EDGE('',*,*,#935,.T.);
#935 = EDGE_CURVE('',#929,#289,#936,.T.);
#936 = B_SPLINE_CURVE_WITH_KNOTS('',1,(#937,#938),.UNSPECIFIED.,.F.,.F.,
  (2,2),(0.,4.6),.PIECEWISE_BEZIER_KNOTS.);
#937 = CARTESIAN_POINT('',(-7.865,2.475,2.722318726001E-06));
#938 = CARTESIAN_POINT('',(-7.865,2.475,4.600002722319));
#939 = B_SPLINE_SURFACE_WITH_KNOTS('',1,1,(
    (#940,#941)
    ,(#942,#943
    )),.UNSPECIFIED.,.F.,.F.,.F.,(2,2),(2,2),(-4.6,0.),(-0.3,0.),
  .PIECEWISE_BEZIER_KNOTS.);
#940 = CARTESIAN_POINT('',(-7.865,2.475,4.600002722319));
#941 = CARTESIAN_POINT('',(-7.865,2.775,4.600002722319));
#942 = CARTESIAN_POINT('',(-7.865,2.475,2.722318726001E-06));
#943 = CARTESIAN_POINT('',(-7.865,2.775,2.722318726001E-06));
#944 = ADVANCED_FACE('',(#945),#961,.F.);
#945 = FACE_BOUND('',#946,.T.);
#946 = EDGE_LOOP('',(#947,#948,#955,#960));
#947 = ORIENTED_EDGE('',*,*,#311,.T.);
#948 = ORIENTED_EDGE('',*,*,#949,.F.);
#949 = EDGE_CURVE('',#950,#305,#952,.T.);
#950 = VERTEX_POINT('',#951);
#951 = CARTESIAN_POINT('',(-7.365,2.775,2.722318726001E-06));
#952 = B_SPLINE_CURVE_WITH_KNOTS('',1,(#953,#954),.UNSPECIFIED.,.F.,.F.,
  (2,2),(0.,4.6),.PIECEWISE_BEZIER_KNOTS.);
#953 = CARTESIAN_POINT('',(-7.365,2.775,2.722318726001E-06));
#954 = CARTESIAN_POINT('',(-7.365,2.775,4.600002722319));
#955 = ORIENTED_EDGE('',*,*,#956,.F.);
#956 = EDGE_CURVE('',#922,#950,#957,.T.);
#957 = B_SPLINE_CURVE_WITH_KNOTS('',1,(#958,#959),.UNSPECIFIED.,.F.,.F.,
  (2,2),(0.,0.5),.PIECEWISE_BEZIER_KNOTS.);
#958 = CARTESIAN_POINT('',(-7.865,2.775,2.722318726001E-06));
#959 = CARTESIAN_POINT('',(-7.365,2.775,2.722318726001E-06));
#960 = ORIENTED_EDGE('',*,*,#921,.T.);
#961 = B_SPLINE_SURFACE_WITH_KNOTS('',1,1,(
    (#962,#963)
    ,(#964,#965
    )),.UNSPECIFIED.,.F.,.F.,.F.,(2,2),(2,2),(-4.6,0.),(0.,0.5),
  .PIECEWISE_BEZIER_KNOTS.);
#962 = CARTESIAN_POINT('',(-7.865,2.775,4.600002722319));
#963 = CARTESIAN_POINT('',(-7.365,2.775,4.600002722319));
#964 = CARTESIAN_POINT('',(-7.865,2.775,2.722318726001E-06));
#965 = CARTESIAN_POINT('',(-7.365,2.775,2.722318726001E-06));
#966 = ADVANCED_FACE('',(#967),#983,.F.);
#967 = FACE_BOUND('',#968,.T.);
#968 = EDGE_LOOP('',(#969,#970,#977,#982));
#969 = ORIENTED_EDGE('',*,*,#304,.T.);
#970 = ORIENTED_EDGE('',*,*,#971,.F.);
#971 = EDGE_CURVE('',#972,#298,#974,.T.);
#972 = VERTEX_POINT('',#973);
#973 = CARTESIAN_POINT('',(-7.365,2.475,2.722318726001E-06));
#974 = B_SPLINE_CURVE_WITH_KNOTS('',1,(#975,#976),.UNSPECIFIED.,.F.,.F.,
  (2,2),(0.,4.6),.PIECEWISE_BEZIER_KNOTS.);
#975 = CARTESIAN_POINT('',(-7.365,2.475,2.722318726001E-06));
#976 = CARTESIAN_POINT('',(-7.365,2.475,4.600002722319));
#977 = ORIENTED_EDGE('',*,*,#978,.F.);
#978 = EDGE_CURVE('',#950,#972,#979,.T.);
#979 = B_SPLINE_CURVE_WITH_KNOTS('',1,(#980,#981),.UNSPECIFIED.,.F.,.F.,
  (2,2),(0.,0.3),.PIECEWISE_BEZIER_KNOTS.);
#980 = CARTESIAN_POINT('',(-7.365,2.775,2.722318726001E-06));
#981 = CARTESIAN_POINT('',(-7.365,2.475,2.722318726001E-06));
#982 = ORIENTED_EDGE('',*,*,#949,.T.);
#983 = B_SPLINE_SURFACE_WITH_KNOTS('',1,1,(
    (#984,#985)
    ,(#986,#987
    )),.UNSPECIFIED.,.F.,.F.,.F.,(2,2),(2,2),(0.,4.6),(-0.3,0.),
  .PIECEWISE_BEZIER_KNOTS.);
#984 = CARTESIAN_POINT('',(-7.365,2.475,2.722318726001E-06));
#985 = CARTESIAN_POINT('',(-7.365,2.775,2.722318726001E-06));
#986 = CARTESIAN_POINT('',(-7.365,2.475,4.600002722319));
#987 = CARTESIAN_POINT('',(-7.365,2.775,4.600002722319));
#988 = ADVANCED_FACE('',(#989),#999,.F.);
#989 = FACE_BOUND('',#990,.T.);
#990 = EDGE_LOOP('',(#991,#992,#993,#998));
#991 = ORIENTED_EDGE('',*,*,#297,.T.);
#992 = ORIENTED_EDGE('',*,*,#935,.F.);
#993 = ORIENTED_EDGE('',*,*,#994,.F.);
#994 = EDGE_CURVE('',#972,#929,#995,.T.);
#995 = B_SPLINE_CURVE_WITH_KNOTS('',1,(#996,#997),.UNSPECIFIED.,.F.,.F.,
  (2,2),(-0.5,-0.),.PIECEWISE_BEZIER_KNOTS.);
#996 = CARTESIAN_POINT('',(-7.365,2.475,2.722318726001E-06));
#997 = CARTESIAN_POINT('',(-7.865,2.475,2.722318726001E-06));
#998 = ORIENTED_EDGE('',*,*,#971,.T.);
#999 = B_SPLINE_SURFACE_WITH_KNOTS('',1,1,(
    (#1000,#1001)
    ,(#1002,#1003
    )),.UNSPECIFIED.,.F.,.F.,.F.,(2,2),(2,2),(0.,4.6),(0.,0.5),
  .PIECEWISE_BEZIER_KNOTS.);
#1000 = CARTESIAN_POINT('',(-7.865,2.475,2.722318726001E-06));
#1001 = CARTESIAN_POINT('',(-7.365,2.475,2.722318726001E-06));
#1002 = CARTESIAN_POINT('',(-7.865,2.475,4.600002722319));
#1003 = CARTESIAN_POINT('',(-7.365,2.475,4.600002722319));
#1004 = ADVANCED_FACE('',(#1005),#1011,.F.);
#1005 = FACE_BOUND('',#1006,.T.);
#1006 = EDGE_LOOP('',(#1007,#1008,#1009,#1010));
#1007 = ORIENTED_EDGE('',*,*,#928,.T.);
#1008 = ORIENTED_EDGE('',*,*,#956,.T.);
#1009 = ORIENTED_EDGE('',*,*,#978,.T.);
#1010 = ORIENTED_EDGE('',*,*,#994,.T.);
#1011 = B_SPLINE_SURFACE_WITH_KNOTS('',1,1,(
    (#1012,#1013)
    ,(#1014,#1015
    )),.UNSPECIFIED.,.F.,.F.,.F.,(2,2),(2,2),(-7.865,-7.365),(2.475,
    2.775),.PIECEWISE_BEZIER_KNOTS.);
#1012 = CARTESIAN_POINT('',(-7.865,2.475,2.722318726001E-06));
#1013 = CARTESIAN_POINT('',(-7.865,2.775,2.722318726001E-06));
#1014 = CARTESIAN_POINT('',(-7.365,2.475,2.722318726001E-06));
#1015 = CARTESIAN_POINT('',(-7.365,2.775,2.722318726001E-06));
#1016 = ADVANCED_FACE('',(#1017),#1039,.F.);
#1017 = FACE_BOUND('',#1018,.T.);
#1018 = EDGE_LOOP('',(#1019,#1020,#1027,#1034));
#1019 = ORIENTED_EDGE('',*,*,#236,.T.);
#1020 = ORIENTED_EDGE('',*,*,#1021,.F.);
#1021 = EDGE_CURVE('',#1022,#239,#1024,.T.);
#1022 = VERTEX_POINT('',#1023);
#1023 = CARTESIAN_POINT('',(-4.825,2.775,2.722318726001E-06));
#1024 = B_SPLINE_CURVE_WITH_KNOTS('',1,(#1025,#1026),.UNSPECIFIED.,.F.,
  .F.,(2,2),(0.,4.6),.PIECEWISE_BEZIER_KNOTS.);
#1025 = CARTESIAN_POINT('',(-4.825,2.775,2.722318726001E-06));
#1026 = CARTESIAN_POINT('',(-4.825,2.775,4.600002722319));
#1027 = ORIENTED_EDGE('',*,*,#1028,.F.);
#1028 = EDGE_CURVE('',#1029,#1022,#1031,.T.);
#1029 = VERTEX_POINT('',#1030);
#1030 = CARTESIAN_POINT('',(-5.325,2.775,2.722318726001E-06));
#1031 = B_SPLINE_CURVE_WITH_KNOTS('',1,(#1032,#1033),.UNSPECIFIED.,.F.,
  .F.,(2,2),(0.,0.5),.PIECEWISE_BEZIER_KNOTS.);
#1032 = CARTESIAN_POINT('',(-5.325,2.775,2.722318726001E-06));
#1033 = CARTESIAN_POINT('',(-4.825,2.775,2.722318726001E-06));
#1034 = ORIENTED_EDGE('',*,*,#1035,.T.);
#1035 = EDGE_CURVE('',#1029,#237,#1036,.T.);
#1036 = B_SPLINE_CURVE_WITH_KNOTS('',1,(#1037,#1038),.UNSPECIFIED.,.F.,
  .F.,(2,2),(0.,4.6),.PIECEWISE_BEZIER_KNOTS.);
#1037 = CARTESIAN_POINT('',(-5.325,2.775,2.722318726001E-06));
#1038 = CARTESIAN_POINT('',(-5.325,2.775,4.600002722319));
#1039 = B_SPLINE_SURFACE_WITH_KNOTS('',1,1,(
    (#1040,#1041)
    ,(#1042,#1043
    )),.UNSPECIFIED.,.F.,.F.,.F.,(2,2),(2,2),(-4.6,0.),(0.,0.5),
  .PIECEWISE_BEZIER_KNOTS.);
#1040 = CARTESIAN_POINT('',(-5.325,2.775,4.600002722319));
#1041 = CARTESIAN_POINT('',(-4.825,2.775,4.600002722319));
#1042 = CARTESIAN_POINT('',(-5.325,2.775,2.722318726001E-06));
#1043 = CARTESIAN_POINT('',(-4.825,2.775,2.722318726001E-06));
#1044 = ADVANCED_FACE('',(#1045),#1061,.F.);
#1045 = FACE_BOUND('',#1046,.T.);
#1046 = EDGE_LOOP('',(#1047,#1048,#1055,#1060));
#1047 = ORIENTED_EDGE('',*,*,#259,.T.);
#1048 = ORIENTED_EDGE('',*,*,#1049,.F.);
#1049 = EDGE_CURVE('',#1050,#253,#1052,.T.);
#1050 = VERTEX_POINT('',#1051);
#1051 = CARTESIAN_POINT('',(-4.825,2.475,2.722318726001E-06));
#1052 = B_SPLINE_CURVE_WITH_KNOTS('',1,(#1053,#1054),.UNSPECIFIED.,.F.,
  .F.,(2,2),(0.,4.6),.PIECEWISE_BEZIER_KNOTS.);
#1053 = CARTESIAN_POINT('',(-4.825,2.475,2.722318726001E-06));
#1054 = CARTESIAN_POINT('',(-4.825,2.475,4.600002722319));
#1055 = ORIENTED_EDGE('',*,*,#1056,.F.);
#1056 = EDGE_CURVE('',#1022,#1050,#1057,.T.);
#1057 = B_SPLINE_CURVE_WITH_KNOTS('',1,(#1058,#1059),.UNSPECIFIED.,.F.,
  .F.,(2,2),(0.,0.3),.PIECEWISE_BEZIER_KNOTS.);
#1058 = CARTESIAN_POINT('',(-4.825,2.775,2.722318726001E-06));
#1059 = CARTESIAN_POINT('',(-4.825,2.475,2.722318726001E-06));
#1060 = ORIENTED_EDGE('',*,*,#1021,.T.);
#1061 = B_SPLINE_SURFACE_WITH_KNOTS('',1,1,(
    (#1062,#1063)
    ,(#1064,#1065
    )),.UNSPECIFIED.,.F.,.F.,.F.,(2,2),(2,2),(0.,4.6),(-0.3,0.),
  .PIECEWISE_BEZIER_KNOTS.);
#1062 = CARTESIAN_POINT('',(-4.825,2.475,2.722318726001E-06));
#1063 = CARTESIAN_POINT('',(-4.825,2.775,2.722318726001E-06));
#1064 = CARTESIAN_POINT('',(-4.825,2.475,4.600002722319));
#1065 = CARTESIAN_POINT('',(-4.825,2.775,4.600002722319));
#1066 = ADVANCED_FACE('',(#1067),#1083,.F.);
#1067 = FACE_BOUND('',#1068,.T.);
#1068 = EDGE_LOOP('',(#1069,#1070,#1077,#1082));
#1069 = ORIENTED_EDGE('',*,*,#252,.T.);
#1070 = ORIENTED_EDGE('',*,*,#1071,.F.);
#1071 = EDGE_CURVE('',#1072,#246,#1074,.T.);
#1072 = VERTEX_POINT('',#1073);
#1073 = CARTESIAN_POINT('',(-5.325,2.475,2.722318726001E-06));
#1074 = B_SPLINE_CURVE_WITH_KNOTS('',1,(#1075,#1076),.UNSPECIFIED.,.F.,
  .F.,(2,2),(0.,4.6),.PIECEWISE_BEZIER_KNOTS.);
#1075 = CARTESIAN_POINT('',(-5.325,2.475,2.722318726001E-06));
#1076 = CARTESIAN_POINT('',(-5.325,2.475,4.600002722319));
#1077 = ORIENTED_EDGE('',*,*,#1078,.F.);
#1078 = EDGE_CURVE('',#1050,#1072,#1079,.T.);
#1079 = B_SPLINE_CURVE_WITH_KNOTS('',1,(#1080,#1081),.UNSPECIFIED.,.F.,
  .F.,(2,2),(-0.5,-0.),.PIECEWISE_BEZIER_KNOTS.);
#1080 = CARTESIAN_POINT('',(-4.825,2.475,2.722318726001E-06));
#1081 = CARTESIAN_POINT('',(-5.325,2.475,2.722318726001E-06));
#1082 = ORIENTED_EDGE('',*,*,#1049,.T.);
#1083 = B_SPLINE_SURFACE_WITH_KNOTS('',1,1,(
    (#1084,#1085)
    ,(#1086,#1087
    )),.UNSPECIFIED.,.F.,.F.,.F.,(2,2),(2,2),(0.,4.6),(0.,0.5),
  .PIECEWISE_BEZIER_KNOTS.);
#1084 = CARTESIAN_POINT('',(-5.325,2.475,2.722318726001E-06));
#1085 = CARTESIAN_POINT('',(-4.825,2.475,2.722318726001E-06));
#1086 = CARTESIAN_POINT('',(-5.325,2.475,4.600002722319));
#1087 = CARTESIAN_POINT('',(-4.825,2.475,4.600002722319));
#1088 = ADVANCED_FACE('',(#1089),#1099,.F.);
#1089 = FACE_BOUND('',#1090,.T.);
#1090 = EDGE_LOOP('',(#1091,#1092,#1093,#1098));
#1091 = ORIENTED_EDGE('',*,*,#245,.T.);
#1092 = ORIENTED_EDGE('',*,*,#1035,.F.);
#1093 = ORIENTED_EDGE('',*,*,#1094,.F.);
#1094 = EDGE_CURVE('',#1072,#1029,#1095,.T.);
#1095 = B_SPLINE_CURVE_WITH_KNOTS('',1,(#1096,#1097),.UNSPECIFIED.,.F.,
  .F.,(2,2),(-0.3,0.),.PIECEWISE_BEZIER_KNOTS.);
#1096 = CARTESIAN_POINT('',(-5.325,2.475,2.722318726001E-06));
#1097 = CARTESIAN_POINT('',(-5.325,2.775,2.722318726001E-06));
#1098 = ORIENTED_EDGE('',*,*,#1071,.T.);
#1099 = B_SPLINE_SURFACE_WITH_KNOTS('',1,1,(
    (#1100,#1101)
    ,(#1102,#1103
    )),.UNSPECIFIED.,.F.,.F.,.F.,(2,2),(2,2),(-4.6,0.),(-0.3,0.),
  .PIECEWISE_BEZIER_KNOTS.);
#1100 = CARTESIAN_POINT('',(-5.325,2.475,4.600002722319));
#1101 = CARTESIAN_POINT('',(-5.325,2.775,4.600002722319));
#1102 = CARTESIAN_POINT('',(-5.325,2.475,2.722318726001E-06));
#1103 = CARTESIAN_POINT('',(-5.325,2.775,2.722318726001E-06));
#1104 = ADVANCED_FACE('',(#1105),#1111,.T.);
#1105 = FACE_BOUND('',#1106,.T.);
#1106 = EDGE_LOOP('',(#1107,#1108,#1109,#1110));
#1107 = ORIENTED_EDGE('',*,*,#1028,.T.);
#1108 = ORIENTED_EDGE('',*,*,#1056,.T.);
#1109 = ORIENTED_EDGE('',*,*,#1078,.T.);
#1110 = ORIENTED_EDGE('',*,*,#1094,.T.);
#1111 = B_SPLINE_SURFACE_WITH_KNOTS('',1,1,(
    (#1112,#1113)
    ,(#1114,#1115
  )),.UNSPECIFIED.,.F.,.F.,.F.,(2,2),(2,2),(4.825,5.325),(2.475,2.775),
  .PIECEWISE_BEZIER_KNOTS.);
#1112 = CARTESIAN_POINT('',(-4.825,2.475,2.722318726001E-06));
#1113 = CARTESIAN_POINT('',(-4.825,2.775,2.722318726001E-06));
#1114 = CARTESIAN_POINT('',(-5.325,2.475,2.722318726001E-06));
#1115 = CARTESIAN_POINT('',(-5.325,2.775,2.722318726001E-06));
#1116 = ADVANCED_FACE('',(#1117),#1139,.F.);
#1117 = FACE_BOUND('',#1118,.T.);
#1118 = EDGE_LOOP('',(#1119,#1120,#1127,#1134));
#1119 = ORIENTED_EDGE('',*,*,#318,.T.);
#1120 = ORIENTED_EDGE('',*,*,#1121,.F.);
#1121 = EDGE_CURVE('',#1122,#321,#1124,.T.);
#1122 = VERTEX_POINT('',#1123);
#1123 = CARTESIAN_POINT('',(0.255,2.775,2.722318726001E-06));
#1124 = B_SPLINE_CURVE_WITH_KNOTS('',1,(#1125,#1126),.UNSPECIFIED.,.F.,
  .F.,(2,2),(0.,4.6),.PIECEWISE_BEZIER_KNOTS.);
#1125 = CARTESIAN_POINT('',(0.255,2.775,2.722318726001E-06));
#1126 = CARTESIAN_POINT('',(0.255,2.775,4.600002722319));
#1127 = ORIENTED_EDGE('',*,*,#1128,.F.);
#1128 = EDGE_CURVE('',#1129,#1122,#1131,.T.);
#1129 = VERTEX_POINT('',#1130);
#1130 = CARTESIAN_POINT('',(-0.245,2.775,2.722318726001E-06));
#1131 = B_SPLINE_CURVE_WITH_KNOTS('',1,(#1132,#1133),.UNSPECIFIED.,.F.,
  .F.,(2,2),(0.,0.5),.PIECEWISE_BEZIER_KNOTS.);
#1132 = CARTESIAN_POINT('',(-0.245,2.775,2.722318726001E-06));
#1133 = CARTESIAN_POINT('',(0.255,2.775,2.722318726001E-06));
#1134 = ORIENTED_EDGE('',*,*,#1135,.T.);
#1135 = EDGE_CURVE('',#1129,#319,#1136,.T.);
#1136 = B_SPLINE_CURVE_WITH_KNOTS('',1,(#1137,#1138),.UNSPECIFIED.,.F.,
  .F.,(2,2),(0.,4.6),.PIECEWISE_BEZIER_KNOTS.);
#1137 = CARTESIAN_POINT('',(-0.245,2.775,2.722318726001E-06));
#1138 = CARTESIAN_POINT('',(-0.245,2.775,4.600002722319));
#1139 = B_SPLINE_SURFACE_WITH_KNOTS('',1,1,(
    (#1140,#1141)
    ,(#1142,#1143
    )),.UNSPECIFIED.,.F.,.F.,.F.,(2,2),(2,2),(-4.6,0.),(0.,0.5),
  .PIECEWISE_BEZIER_KNOTS.);
#1140 = CARTESIAN_POINT('',(-0.245,2.775,4.600002722319));
#1141 = CARTESIAN_POINT('',(0.255,2.775,4.600002722319));
#1142 = CARTESIAN_POINT('',(-0.245,2.775,2.722318726001E-06));
#1143 = CARTESIAN_POINT('',(0.255,2.775,2.722318726001E-06));
#1144 = ADVANCED_FACE('',(#1145),#1161,.F.);
#1145 = FACE_BOUND('',#1146,.T.);
#1146 = EDGE_LOOP('',(#1147,#1148,#1155,#1160));
#1147 = ORIENTED_EDGE('',*,*,#341,.T.);
#1148 = ORIENTED_EDGE('',*,*,#1149,.F.);
#1149 = EDGE_CURVE('',#1150,#335,#1152,.T.);
#1150 = VERTEX_POINT('',#1151);
#1151 = CARTESIAN_POINT('',(0.255,2.475,2.722318726001E-06));
#1152 = B_SPLINE_CURVE_WITH_KNOTS('',1,(#1153,#1154),.UNSPECIFIED.,.F.,
  .F.,(2,2),(0.,4.6),.PIECEWISE_BEZIER_KNOTS.);
#1153 = CARTESIAN_POINT('',(0.255,2.475,2.722318726001E-06));
#1154 = CARTESIAN_POINT('',(0.255,2.475,4.600002722319));
#1155 = ORIENTED_EDGE('',*,*,#1156,.F.);
#1156 = EDGE_CURVE('',#1122,#1150,#1157,.T.);
#1157 = B_SPLINE_CURVE_WITH_KNOTS('',1,(#1158,#1159),.UNSPECIFIED.,.F.,
  .F.,(2,2),(0.,0.3),.PIECEWISE_BEZIER_KNOTS.);
#1158 = CARTESIAN_POINT('',(0.255,2.775,2.722318726001E-06));
#1159 = CARTESIAN_POINT('',(0.255,2.475,2.722318726001E-06));
#1160 = ORIENTED_EDGE('',*,*,#1121,.T.);
#1161 = B_SPLINE_SURFACE_WITH_KNOTS('',1,1,(
    (#1162,#1163)
    ,(#1164,#1165
    )),.UNSPECIFIED.,.F.,.F.,.F.,(2,2),(2,2),(0.,4.6),(-0.3,0.),
  .PIECEWISE_BEZIER_KNOTS.);
#1162 = CARTESIAN_POINT('',(0.255,2.475,2.722318726001E-06));
#1163 = CARTESIAN_POINT('',(0.255,2.775,2.722318726001E-06));
#1164 = CARTESIAN_POINT('',(0.255,2.475,4.600002722319));
#1165 = CARTESIAN_POINT('',(0.255,2.775,4.600002722319));
#1166 = ADVANCED_FACE('',(#1167),#1183,.F.);
#1167 = FACE_BOUND('',#1168,.T.);
#1168 = EDGE_LOOP('',(#1169,#1170,#1177,#1182));
#1169 = ORIENTED_EDGE('',*,*,#334,.T.);
#1170 = ORIENTED_EDGE('',*,*,#1171,.F.);
#1171 = EDGE_CURVE('',#1172,#328,#1174,.T.);
#1172 = VERTEX_POINT('',#1173);
#1173 = CARTESIAN_POINT('',(-0.245,2.475,2.722318726001E-06));
#1174 = B_SPLINE_CURVE_WITH_KNOTS('',1,(#1175,#1176),.UNSPECIFIED.,.F.,
  .F.,(2,2),(0.,4.6),.PIECEWISE_BEZIER_KNOTS.);
#1175 = CARTESIAN_POINT('',(-0.245,2.475,2.722318726001E-06));
#1176 = CARTESIAN_POINT('',(-0.245,2.475,4.600002722319));
#1177 = ORIENTED_EDGE('',*,*,#1178,.F.);
#1178 = EDGE_CURVE('',#1150,#1172,#1179,.T.);
#1179 = B_SPLINE_CURVE_WITH_KNOTS('',1,(#1180,#1181),.UNSPECIFIED.,.F.,
  .F.,(2,2),(-0.5,-0.),.PIECEWISE_BEZIER_KNOTS.);
#1180 = CARTESIAN_POINT('',(0.255,2.475,2.722318726001E-06));
#1181 = CARTESIAN_POINT('',(-0.245,2.475,2.722318726001E-06));
#1182 = ORIENTED_EDGE('',*,*,#1149,.T.);
#1183 = B_SPLINE_SURFACE_WITH_KNOTS('',1,1,(
    (#1184,#1185)
    ,(#1186,#1187
    )),.UNSPECIFIED.,.F.,.F.,.F.,(2,2),(2,2),(0.,4.6),(0.,0.5),
  .PIECEWISE_BEZIER_KNOTS.);
#1184 = CARTESIAN_POINT('',(-0.245,2.475,2.722318726001E-06));
#1185 = CARTESIAN_POINT('',(0.255,2.475,2.722318726001E-06));
#1186 = CARTESIAN_POINT('',(-0.245,2.475,4.600002722319));
#1187 = CARTESIAN_POINT('',(0.255,2.475,4.600002722319));
#1188 = ADVANCED_FACE('',(#1189),#1199,.F.);
#1189 = FACE_BOUND('',#1190,.T.);
#1190 = EDGE_LOOP('',(#1191,#1192,#1193,#1198));
#1191 = ORIENTED_EDGE('',*,*,#327,.T.);
#1192 = ORIENTED_EDGE('',*,*,#1135,.F.);
#1193 = ORIENTED_EDGE('',*,*,#1194,.F.);
#1194 = EDGE_CURVE('',#1172,#1129,#1195,.T.);
#1195 = B_SPLINE_CURVE_WITH_KNOTS('',1,(#1196,#1197),.UNSPECIFIED.,.F.,
  .F.,(2,2),(-0.3,0.),.PIECEWISE_BEZIER_KNOTS.);
#1196 = CARTESIAN_POINT('',(-0.245,2.475,2.722318726001E-06));
#1197 = CARTESIAN_POINT('',(-0.245,2.775,2.722318726001E-06));
#1198 = ORIENTED_EDGE('',*,*,#1171,.T.);
#1199 = B_SPLINE_SURFACE_WITH_KNOTS('',1,1,(
    (#1200,#1201)
    ,(#1202,#1203
    )),.UNSPECIFIED.,.F.,.F.,.F.,(2,2),(2,2),(-4.6,0.),(-0.3,0.),
  .PIECEWISE_BEZIER_KNOTS.);
#1200 = CARTESIAN_POINT('',(-0.245,2.475,4.600002722319));
#1201 = CARTESIAN_POINT('',(-0.245,2.775,4.600002722319));
#1202 = CARTESIAN_POINT('',(-0.245,2.475,2.722318726001E-06));
#1203 = CARTESIAN_POINT('',(-0.245,2.775,2.722318726001E-06));
#1204 = ADVANCED_FACE('',(#1205),#1211,.T.);
#1205 = FACE_BOUND('',#1206,.T.);
#1206 = EDGE_LOOP('',(#1207,#1208,#1209,#1210));
#1207 = ORIENTED_EDGE('',*,*,#1128,.T.);
#1208 = ORIENTED_EDGE('',*,*,#1156,.T.);
#1209 = ORIENTED_EDGE('',*,*,#1178,.T.);
#1210 = ORIENTED_EDGE('',*,*,#1194,.T.);
#1211 = B_SPLINE_SURFACE_WITH_KNOTS('',1,1,(
    (#1212,#1213)
    ,(#1214,#1215
  )),.UNSPECIFIED.,.F.,.F.,.F.,(2,2),(2,2),(-0.255,0.245),(2.475,2.775),
  .PIECEWISE_BEZIER_KNOTS.);
#1212 = CARTESIAN_POINT('',(0.255,2.475,2.722318726001E-06));
#1213 = CARTESIAN_POINT('',(0.255,2.775,2.722318726001E-06));
#1214 = CARTESIAN_POINT('',(-0.245,2.475,2.722318726001E-06));
#1215 = CARTESIAN_POINT('',(-0.245,2.775,2.722318726001E-06));
#1216 = ADVANCED_FACE('',(#1217),#1239,.F.);
#1217 = FACE_BOUND('',#1218,.T.);
#1218 = EDGE_LOOP('',(#1219,#1220,#1227,#1234));
#1219 = ORIENTED_EDGE('',*,*,#206,.T.);
#1220 = ORIENTED_EDGE('',*,*,#1221,.F.);
#1221 = EDGE_CURVE('',#1222,#209,#1224,.T.);
#1222 = VERTEX_POINT('',#1223);
#1223 = CARTESIAN_POINT('',(5.335,2.775,2.722318726001E-06));
#1224 = B_SPLINE_CURVE_WITH_KNOTS('',1,(#1225,#1226),.UNSPECIFIED.,.F.,
  .F.,(2,2),(0.,4.6),.PIECEWISE_BEZIER_KNOTS.);
#1225 = CARTESIAN_POINT('',(5.335,2.775,2.722318726001E-06));
#1226 = CARTESIAN_POINT('',(5.335,2.775,4.600002722319));
#1227 = ORIENTED_EDGE('',*,*,#1228,.F.);
#1228 = EDGE_CURVE('',#1229,#1222,#1231,.T.);
#1229 = VERTEX_POINT('',#1230);
#1230 = CARTESIAN_POINT('',(4.835,2.775,2.722318726001E-06));
#1231 = B_SPLINE_CURVE_WITH_KNOTS('',1,(#1232,#1233),.UNSPECIFIED.,.F.,
  .F.,(2,2),(0.,0.5),.PIECEWISE_BEZIER_KNOTS.);
#1232 = CARTESIAN_POINT('',(4.835,2.775,2.722318726001E-06));
#1233 = CARTESIAN_POINT('',(5.335,2.775,2.722318726001E-06));
#1234 = ORIENTED_EDGE('',*,*,#1235,.T.);
#1235 = EDGE_CURVE('',#1229,#207,#1236,.T.);
#1236 = B_SPLINE_CURVE_WITH_KNOTS('',1,(#1237,#1238),.UNSPECIFIED.,.F.,
  .F.,(2,2),(0.,4.6),.PIECEWISE_BEZIER_KNOTS.);
#1237 = CARTESIAN_POINT('',(4.835,2.775,2.722318726001E-06));
#1238 = CARTESIAN_POINT('',(4.835,2.775,4.600002722319));
#1239 = B_SPLINE_SURFACE_WITH_KNOTS('',1,1,(
    (#1240,#1241)
    ,(#1242,#1243
    )),.UNSPECIFIED.,.F.,.F.,.F.,(2,2),(2,2),(-4.6,0.),(0.,0.5),
  .PIECEWISE_BEZIER_KNOTS.);
#1240 = CARTESIAN_POINT('',(4.835,2.775,4.600002722319));
#1241 = CARTESIAN_POINT('',(5.335,2.775,4.600002722319));
#1242 = CARTESIAN_POINT('',(4.835,2.775,2.722318726001E-06));
#1243 = CARTESIAN_POINT('',(5.335,2.775,2.722318726001E-06));
#1244 = ADVANCED_FACE('',(#1245),#1261,.F.);
#1245 = FACE_BOUND('',#1246,.T.);
#1246 = EDGE_LOOP('',(#1247,#1248,#1255,#1260));
#1247 = ORIENTED_EDGE('',*,*,#229,.T.);
#1248 = ORIENTED_EDGE('',*,*,#1249,.F.);
#1249 = EDGE_CURVE('',#1250,#223,#1252,.T.);
#1250 = VERTEX_POINT('',#1251);
#1251 = CARTESIAN_POINT('',(5.335,2.475,2.722318726001E-06));
#1252 = B_SPLINE_CURVE_WITH_KNOTS('',1,(#1253,#1254),.UNSPECIFIED.,.F.,
  .F.,(2,2),(0.,4.6),.PIECEWISE_BEZIER_KNOTS.);
#1253 = CARTESIAN_POINT('',(5.335,2.475,2.722318726001E-06));
#1254 = CARTESIAN_POINT('',(5.335,2.475,4.600002722319));
#1255 = ORIENTED_EDGE('',*,*,#1256,.F.);
#1256 = EDGE_CURVE('',#1222,#1250,#1257,.T.);
#1257 = B_SPLINE_CURVE_WITH_KNOTS('',1,(#1258,#1259),.UNSPECIFIED.,.F.,
  .F.,(2,2),(0.,0.3),.PIECEWISE_BEZIER_KNOTS.);
#1258 = CARTESIAN_POINT('',(5.335,2.775,2.722318726001E-06));
#1259 = CARTESIAN_POINT('',(5.335,2.475,2.722318726001E-06));
#1260 = ORIENTED_EDGE('',*,*,#1221,.T.);
#1261 = B_SPLINE_SURFACE_WITH_KNOTS('',1,1,(
    (#1262,#1263)
    ,(#1264,#1265
    )),.UNSPECIFIED.,.F.,.F.,.F.,(2,2),(2,2),(0.,4.6),(-0.3,0.),
  .PIECEWISE_BEZIER_KNOTS.);
#1262 = CARTESIAN_POINT('',(5.335,2.475,2.722318726001E-06));
#1263 = CARTESIAN_POINT('',(5.335,2.775,2.722318726001E-06));
#1264 = CARTESIAN_POINT('',(5.335,2.475,4.600002722319));
#1265 = CARTESIAN_POINT('',(5.335,2.775,4.600002722319));
#1266 = ADVANCED_FACE('',(#1267),#1283,.F.);
#1267 = FACE_BOUND('',#1268,.T.);
#1268 = EDGE_LOOP('',(#1269,#1270,#1277,#1282));
#1269 = ORIENTED_EDGE('',*,*,#222,.T.);
#1270 = ORIENTED_EDGE('',*,*,#1271,.F.);
#1271 = EDGE_CURVE('',#1272,#216,#1274,.T.);
#1272 = VERTEX_POINT('',#1273);
#1273 = CARTESIAN_POINT('',(4.835,2.475,2.722318726001E-06));
#1274 = B_SPLINE_CURVE_WITH_KNOTS('',1,(#1275,#1276),.UNSPECIFIED.,.F.,
  .F.,(2,2),(0.,4.6),.PIECEWISE_BEZIER_KNOTS.);
#1275 = CARTESIAN_POINT('',(4.835,2.475,2.722318726001E-06));
#1276 = CARTESIAN_POINT('',(4.835,2.475,4.600002722319));
#1277 = ORIENTED_EDGE('',*,*,#1278,.F.);
#1278 = EDGE_CURVE('',#1250,#1272,#1279,.T.);
#1279 = B_SPLINE_CURVE_WITH_KNOTS('',1,(#1280,#1281),.UNSPECIFIED.,.F.,
  .F.,(2,2),(-0.5,-0.),.PIECEWISE_BEZIER_KNOTS.);
#1280 = CARTESIAN_POINT('',(5.335,2.475,2.722318726001E-06));
#1281 = CARTESIAN_POINT('',(4.835,2.475,2.722318726001E-06));
#1282 = ORIENTED_EDGE('',*,*,#1249,.T.);
#1283 = B_SPLINE_SURFACE_WITH_KNOTS('',1,1,(
    (#1284,#1285)
    ,(#1286,#1287
    )),.UNSPECIFIED.,.F.,.F.,.F.,(2,2),(2,2),(0.,4.6),(0.,0.5),
  .PIECEWISE_BEZIER_KNOTS.);
#1284 = CARTESIAN_POINT('',(4.835,2.475,2.722318726001E-06));
#1285 = CARTESIAN_POINT('',(5.335,2.475,2.722318726001E-06));
#1286 = CARTESIAN_POINT('',(4.835,2.475,4.600002722319));
#1287 = CARTESIAN_POINT('',(5.335,2.475,4.600002722319));
#1288 = ADVANCED_FACE('',(#1289),#1299,.F.);
#1289 = FACE_BOUND('',#1290,.T.);
#1290 = EDGE_LOOP('',(#1291,#1292,#1293,#1298));
#1291 = ORIENTED_EDGE('',*,*,#215,.T.);
#1292 = ORIENTED_EDGE('',*,*,#1235,.F.);
#1293 = ORIENTED_EDGE('',*,*,#1294,.F.);
#1294 = EDGE_CURVE('',#1272,#1229,#1295,.T.);
#1295 = B_SPLINE_CURVE_WITH_KNOTS('',1,(#1296,#1297),.UNSPECIFIED.,.F.,
  .F.,(2,2),(-0.3,0.),.PIECEWISE_BEZIER_KNOTS.);
#1296 = CARTESIAN_POINT('',(4.835,2.475,2.722318726001E-06));
#1297 = CARTESIAN_POINT('',(4.835,2.775,2.722318726001E-06));
#1298 = ORIENTED_EDGE('',*,*,#1271,.T.);
#1299 = B_SPLINE_SURFACE_WITH_KNOTS('',1,1,(
    (#1300,#1301)
    ,(#1302,#1303
    )),.UNSPECIFIED.,.F.,.F.,.F.,(2,2),(2,2),(-4.6,0.),(-0.3,0.),
  .PIECEWISE_BEZIER_KNOTS.);
#1300 = CARTESIAN_POINT('',(4.835,2.475,4.600002722319));
#1301 = CARTESIAN_POINT('',(4.835,2.775,4.600002722319));
#1302 = CARTESIAN_POINT('',(4.835,2.475,2.722318726001E-06));
#1303 = CARTESIAN_POINT('',(4.835,2.775,2.722318726001E-06));
#1304 = ADVANCED_FACE('',(#1305),#1311,.T.);
#1305 = FACE_BOUND('',#1306,.T.);
#1306 = EDGE_LOOP('',(#1307,#1308,#1309,#1310));
#1307 = ORIENTED_EDGE('',*,*,#1228,.T.);
#1308 = ORIENTED_EDGE('',*,*,#1256,.T.);
#1309 = ORIENTED_EDGE('',*,*,#1278,.T.);
#1310 = ORIENTED_EDGE('',*,*,#1294,.T.);
#1311 = B_SPLINE_SURFACE_WITH_KNOTS('',1,1,(
    (#1312,#1313)
    ,(#1314,#1315
    )),.UNSPECIFIED.,.F.,.F.,.F.,(2,2),(2,2),(-5.335,-4.835),(2.475,
    2.775),.PIECEWISE_BEZIER_KNOTS.);
#1312 = CARTESIAN_POINT('',(5.335,2.475,2.722318726001E-06));
#1313 = CARTESIAN_POINT('',(5.335,2.775,2.722318726001E-06));
#1314 = CARTESIAN_POINT('',(4.835,2.475,2.722318726001E-06));
#1315 = CARTESIAN_POINT('',(4.835,2.775,2.722318726001E-06));
#1316 = ADVANCED_FACE('',(#1317),#1330,.F.);
#1317 = FACE_BOUND('',#1318,.F.);
#1318 = EDGE_LOOP('',(#1319,#1320,#1321,#1329));
#1319 = ORIENTED_EDGE('',*,*,#69,.F.);
#1320 = ORIENTED_EDGE('',*,*,#21,.F.);
#1321 = ORIENTED_EDGE('',*,*,#1322,.T.);
#1322 = EDGE_CURVE('',#22,#41,#1323,.T.);
#1323 = ( BOUNDED_CURVE() B_SPLINE_CURVE(2,(#1324,#1325,#1326,#1327,
#1328),.UNSPECIFIED.,.F.,.F.) B_SPLINE_CURVE_WITH_KNOTS((3,2,3),(0.,
1.570796326795,3.14159265359),.PIECEWISE_BEZIER_KNOTS.) CURVE() 
GEOMETRIC_REPRESENTATION_ITEM() RATIONAL_B_SPLINE_CURVE((1.,
0.707106781187,1.,0.707106781187,1.)) REPRESENTATION_ITEM('') );
#1324 = CARTESIAN_POINT('',(-7.268687866392,-3.515,6.139002534457));
#1325 = CARTESIAN_POINT('',(-7.268687866392,-3.515,6.511546852706));
#1326 = CARTESIAN_POINT('',(-7.641232184641,-3.515,6.511546852706));
#1327 = CARTESIAN_POINT('',(-8.01377650289,-3.515,6.511546852706));
#1328 = CARTESIAN_POINT('',(-8.01377650289,-3.515,6.139002534457));
#1329 = ORIENTED_EDGE('',*,*,#40,.T.);
#1330 = ( BOUNDED_SURFACE() B_SPLINE_SURFACE(2,1,(
    (#1331,#1332)
    ,(#1333,#1334)
    ,(#1335,#1336)
    ,(#1337,#1338)
    ,(#1339,#1340
)),.UNSPECIFIED.,.F.,.F.,.F.) B_SPLINE_SURFACE_WITH_KNOTS((3,2,3),(2,2),
  (0.,1.570796326795,3.14159265359),(0.,1.E-02),
.PIECEWISE_BEZIER_KNOTS.) GEOMETRIC_REPRESENTATION_ITEM() 
RATIONAL_B_SPLINE_SURFACE((
    (1.,1.)
    ,(0.707106781187,0.707106781187)
    ,(1.,1.)
    ,(0.707106781187,0.707106781187)
,(1.,1.))) REPRESENTATION_ITEM('') SURFACE() );
#1331 = CARTESIAN_POINT('',(-7.268687866392,-3.515,6.139002534457));
#1332 = CARTESIAN_POINT('',(-7.268687866392,-3.525,6.139002534457));
#1333 = CARTESIAN_POINT('',(-7.268687866392,-3.515,6.511546852706));
#1334 = CARTESIAN_POINT('',(-7.268687866392,-3.525,6.511546852706));
#1335 = CARTESIAN_POINT('',(-7.641232184641,-3.515,6.511546852706));
#1336 = CARTESIAN_POINT('',(-7.641232184641,-3.525,6.511546852706));
#1337 = CARTESIAN_POINT('',(-8.01377650289,-3.515,6.511546852706));
#1338 = CARTESIAN_POINT('',(-8.01377650289,-3.525,6.511546852706));
#1339 = CARTESIAN_POINT('',(-8.01377650289,-3.515,6.139002534457));
#1340 = CARTESIAN_POINT('',(-8.01377650289,-3.525,6.139002534457));
#1341 = ADVANCED_FACE('',(#1342),#1346,.T.);
#1342 = FACE_BOUND('',#1343,.T.);
#1343 = EDGE_LOOP('',(#1344,#1345));
#1344 = ORIENTED_EDGE('',*,*,#1322,.T.);
#1345 = ORIENTED_EDGE('',*,*,#47,.T.);
#1346 = B_SPLINE_SURFACE_WITH_KNOTS('',1,1,(
    (#1347,#1348)
    ,(#1349,#1350
    )),.UNSPECIFIED.,.F.,.F.,.F.,(2,2),(2,2),(-0.372544318249,
    0.372544318249),(-0.372544318249,0.372544318249),
  .PIECEWISE_BEZIER_KNOTS.);
#1347 = CARTESIAN_POINT('',(-8.01377650289,-3.515,5.766458216208));
#1348 = CARTESIAN_POINT('',(-8.01377650289,-3.515,6.511546852706));
#1349 = CARTESIAN_POINT('',(-7.268687866392,-3.515,5.766458216208));
#1350 = CARTESIAN_POINT('',(-7.268687866392,-3.515,6.511546852706));
#1351 = ADVANCED_FACE('',(#1352),#1363,.T.);
#1352 = FACE_BOUND('',#1353,.T.);
#1353 = EDGE_LOOP('',(#1354,#1355,#1356,#1362));
#1354 = ORIENTED_EDGE('',*,*,#713,.F.);
#1355 = ORIENTED_EDGE('',*,*,#103,.F.);
#1356 = ORIENTED_EDGE('',*,*,#1357,.F.);
#1357 = EDGE_CURVE('',#806,#97,#1358,.T.);
#1358 = ( BOUNDED_CURVE() B_SPLINE_CURVE(2,(#1359,#1360,#1361),
.UNSPECIFIED.,.F.,.F.) B_SPLINE_CURVE_WITH_KNOTS((3,3),(3.14159265359,
4.712388980385),.PIECEWISE_BEZIER_KNOTS.) CURVE() 
GEOMETRIC_REPRESENTATION_ITEM() RATIONAL_B_SPLINE_CURVE((1.,
0.707106781187,1.)) REPRESENTATION_ITEM('') );
#1359 = CARTESIAN_POINT('',(-9.825,-3.425,14.160002722319));
#1360 = CARTESIAN_POINT('',(-9.825,-3.525,14.160002722319));
#1361 = CARTESIAN_POINT('',(-9.725,-3.525,14.160002722319));
#1362 = ORIENTED_EDGE('',*,*,#805,.F.);
#1363 = ( BOUNDED_SURFACE() B_SPLINE_SURFACE(2,1,(
    (#1364,#1365)
    ,(#1366,#1367)
    ,(#1368,#1369
)),.UNSPECIFIED.,.F.,.F.,.F.) B_SPLINE_SURFACE_WITH_KNOTS((3,3),(2,2),(
    4.712388980385,6.28318530718),(1.E-01,10.16),
.PIECEWISE_BEZIER_KNOTS.) GEOMETRIC_REPRESENTATION_ITEM() 
RATIONAL_B_SPLINE_SURFACE((
    (1.,1.)
    ,(0.707106781187,0.707106781187)
,(1.,1.))) REPRESENTATION_ITEM('') SURFACE() );
#1364 = CARTESIAN_POINT('',(-9.725,-3.525,14.160002722319));
#1365 = CARTESIAN_POINT('',(-9.725,-3.525,4.100002722319));
#1366 = CARTESIAN_POINT('',(-9.825,-3.525,14.160002722319));
#1367 = CARTESIAN_POINT('',(-9.825,-3.525,4.100002722319));
#1368 = CARTESIAN_POINT('',(-9.825,-3.425,14.160002722319));
#1369 = CARTESIAN_POINT('',(-9.825,-3.425,4.100002722319));
#1370 = ADVANCED_FACE('',(#1371),#1395,.T.);
#1371 = FACE_BOUND('',#1372,.T.);
#1372 = EDGE_LOOP('',(#1373,#1381,#1382,#1390));
#1373 = ORIENTED_EDGE('',*,*,#1374,.F.);
#1374 = EDGE_CURVE('',#813,#1375,#1377,.T.);
#1375 = VERTEX_POINT('',#1376);
#1376 = CARTESIAN_POINT('',(-9.725,3.425,14.260002722319));
#1377 = ( BOUNDED_CURVE() B_SPLINE_CURVE(2,(#1378,#1379,#1380),
.UNSPECIFIED.,.F.,.F.) B_SPLINE_CURVE_WITH_KNOTS((3,3),(4.712388980385,
6.28318530718),.PIECEWISE_BEZIER_KNOTS.) CURVE() 
GEOMETRIC_REPRESENTATION_ITEM() RATIONAL_B_SPLINE_CURVE((1.,
0.707106781187,1.)) REPRESENTATION_ITEM('') );
#1378 = CARTESIAN_POINT('',(-9.825,3.425,14.160002722319));
#1379 = CARTESIAN_POINT('',(-9.825,3.425,14.260002722319));
#1380 = CARTESIAN_POINT('',(-9.725,3.425,14.260002722319));
#1381 = ORIENTED_EDGE('',*,*,#812,.F.);
#1382 = ORIENTED_EDGE('',*,*,#1383,.F.);
#1383 = EDGE_CURVE('',#1384,#806,#1386,.T.);
#1384 = VERTEX_POINT('',#1385);
#1385 = CARTESIAN_POINT('',(-9.725,-3.425,14.260002722319));
#1386 = ( BOUNDED_CURVE() B_SPLINE_CURVE(2,(#1387,#1388,#1389),
.UNSPECIFIED.,.F.,.F.) B_SPLINE_CURVE_WITH_KNOTS((3,3),(3.14159265359,
4.712388980385),.PIECEWISE_BEZIER_KNOTS.) CURVE() 
GEOMETRIC_REPRESENTATION_ITEM() RATIONAL_B_SPLINE_CURVE((1.,
0.707106781187,1.)) REPRESENTATION_ITEM('') );
#1387 = CARTESIAN_POINT('',(-9.725,-3.425,14.260002722319));
#1388 = CARTESIAN_POINT('',(-9.825,-3.425,14.260002722319));
#1389 = CARTESIAN_POINT('',(-9.825,-3.425,14.160002722319));
#1390 = ORIENTED_EDGE('',*,*,#1391,.F.);
#1391 = EDGE_CURVE('',#1375,#1384,#1392,.T.);
#1392 = B_SPLINE_CURVE_WITH_KNOTS('',1,(#1393,#1394),.UNSPECIFIED.,.F.,
  .F.,(2,2),(-6.95,-0.1),.PIECEWISE_BEZIER_KNOTS.);
#1393 = CARTESIAN_POINT('',(-9.725,3.425,14.260002722319));
#1394 = CARTESIAN_POINT('',(-9.725,-3.425,14.260002722319));
#1395 = ( BOUNDED_SURFACE() B_SPLINE_SURFACE(2,1,(
    (#1396,#1397)
    ,(#1398,#1399)
    ,(#1400,#1401
)),.UNSPECIFIED.,.F.,.F.,.F.) B_SPLINE_SURFACE_WITH_KNOTS((3,3),(2,2),(
    3.14159265359,4.712388980385),(-6.95,-1.E-01),
.PIECEWISE_BEZIER_KNOTS.) GEOMETRIC_REPRESENTATION_ITEM() 
RATIONAL_B_SPLINE_SURFACE((
    (1.,1.)
    ,(0.707106781187,0.707106781187)
,(1.,1.))) REPRESENTATION_ITEM('') SURFACE() );
#1396 = CARTESIAN_POINT('',(-9.725,3.425,14.260002722319));
#1397 = CARTESIAN_POINT('',(-9.725,-3.425,14.260002722319));
#1398 = CARTESIAN_POINT('',(-9.825,3.425,14.260002722319));
#1399 = CARTESIAN_POINT('',(-9.825,-3.425,14.260002722319));
#1400 = CARTESIAN_POINT('',(-9.825,3.425,14.160002722319));
#1401 = CARTESIAN_POINT('',(-9.825,-3.425,14.160002722319));
#1402 = ADVANCED_FACE('',(#1403),#1425,.F.);
#1403 = FACE_BOUND('',#1404,.T.);
#1404 = EDGE_LOOP('',(#1405,#1412,#1419,#1424));
#1405 = ORIENTED_EDGE('',*,*,#1406,.T.);
#1406 = EDGE_CURVE('',#1384,#1407,#1409,.T.);
#1407 = VERTEX_POINT('',#1408);
#1408 = CARTESIAN_POINT('',(9.725,-3.425,14.260002722319));
#1409 = B_SPLINE_CURVE_WITH_KNOTS('',1,(#1410,#1411),.UNSPECIFIED.,.F.,
  .F.,(2,2),(-19.55,-1.E-01),.PIECEWISE_BEZIER_KNOTS.);
#1410 = CARTESIAN_POINT('',(-9.725,-3.425,14.260002722319));
#1411 = CARTESIAN_POINT('',(9.725,-3.425,14.260002722319));
#1412 = ORIENTED_EDGE('',*,*,#1413,.T.);
#1413 = EDGE_CURVE('',#1407,#1414,#1416,.T.);
#1414 = VERTEX_POINT('',#1415);
#1415 = CARTESIAN_POINT('',(9.725,3.425,14.260002722319));
#1416 = B_SPLINE_CURVE_WITH_KNOTS('',1,(#1417,#1418),.UNSPECIFIED.,.F.,
  .F.,(2,2),(-3.425,3.425),.PIECEWISE_BEZIER_KNOTS.);
#1417 = CARTESIAN_POINT('',(9.725,-3.425,14.260002722319));
#1418 = CARTESIAN_POINT('',(9.725,3.425,14.260002722319));
#1419 = ORIENTED_EDGE('',*,*,#1420,.T.);
#1420 = EDGE_CURVE('',#1414,#1375,#1421,.T.);
#1421 = B_SPLINE_CURVE_WITH_KNOTS('',1,(#1422,#1423),.UNSPECIFIED.,.F.,
  .F.,(2,2),(-9.725,9.725),.PIECEWISE_BEZIER_KNOTS.);
#1422 = CARTESIAN_POINT('',(9.725,3.425,14.260002722319));
#1423 = CARTESIAN_POINT('',(-9.725,3.425,14.260002722319));
#1424 = ORIENTED_EDGE('',*,*,#1391,.T.);
#1425 = B_SPLINE_SURFACE_WITH_KNOTS('',1,1,(
    (#1426,#1427)
    ,(#1428,#1429
  )),.UNSPECIFIED.,.F.,.F.,.F.,(2,2),(2,2),(-9.725,9.725),(-3.425,3.425)
  ,.PIECEWISE_BEZIER_KNOTS.);
#1426 = CARTESIAN_POINT('',(9.725,-3.425,14.260002722319));
#1427 = CARTESIAN_POINT('',(9.725,3.425,14.260002722319));
#1428 = CARTESIAN_POINT('',(-9.725,-3.425,14.260002722319));
#1429 = CARTESIAN_POINT('',(-9.725,3.425,14.260002722319));
#1430 = ADVANCED_FACE('',(#1431),#1442,.T.);
#1431 = FACE_BOUND('',#1432,.T.);
#1432 = EDGE_LOOP('',(#1433,#1434,#1435,#1441));
#1433 = ORIENTED_EDGE('',*,*,#728,.F.);
#1434 = ORIENTED_EDGE('',*,*,#819,.F.);
#1435 = ORIENTED_EDGE('',*,*,#1436,.F.);
#1436 = EDGE_CURVE('',#757,#813,#1437,.T.);
#1437 = ( BOUNDED_CURVE() B_SPLINE_CURVE(2,(#1438,#1439,#1440),
.UNSPECIFIED.,.F.,.F.) B_SPLINE_CURVE_WITH_KNOTS((3,3),(1.570796326795,
3.14159265359),.PIECEWISE_BEZIER_KNOTS.) CURVE() 
GEOMETRIC_REPRESENTATION_ITEM() RATIONAL_B_SPLINE_CURVE((1.,
0.707106781187,1.)) REPRESENTATION_ITEM('') );
#1438 = CARTESIAN_POINT('',(-9.725,3.525,14.160002722319));
#1439 = CARTESIAN_POINT('',(-9.825,3.525,14.160002722319));
#1440 = CARTESIAN_POINT('',(-9.825,3.425,14.160002722319));
#1441 = ORIENTED_EDGE('',*,*,#791,.F.);
#1442 = ( BOUNDED_SURFACE() B_SPLINE_SURFACE(2,1,(
    (#1443,#1444)
    ,(#1445,#1446)
    ,(#1447,#1448
)),.UNSPECIFIED.,.F.,.F.,.F.) B_SPLINE_SURFACE_WITH_KNOTS((3,3),(2,2),(
    1.570796326795,3.14159265359),(-10.16,-1.E-01),
.PIECEWISE_BEZIER_KNOTS.) GEOMETRIC_REPRESENTATION_ITEM() 
RATIONAL_B_SPLINE_SURFACE((
    (1.,1.)
    ,(0.707106781187,0.707106781187)
,(1.,1.))) REPRESENTATION_ITEM('') SURFACE() );
#1443 = CARTESIAN_POINT('',(-9.725,3.525,4.100002722319));
#1444 = CARTESIAN_POINT('',(-9.725,3.525,14.160002722319));
#1445 = CARTESIAN_POINT('',(-9.825,3.525,4.100002722319));
#1446 = CARTESIAN_POINT('',(-9.825,3.525,14.160002722319));
#1447 = CARTESIAN_POINT('',(-9.825,3.425,4.100002722319));
#1448 = CARTESIAN_POINT('',(-9.825,3.425,14.160002722319));
#1449 = ADVANCED_FACE('',(#1450),#1460,.T.);
#1450 = FACE_BOUND('',#1451,.T.);
#1451 = EDGE_LOOP('',(#1452,#1453,#1454));
#1452 = ORIENTED_EDGE('',*,*,#1383,.T.);
#1453 = ORIENTED_EDGE('',*,*,#1357,.T.);
#1454 = ORIENTED_EDGE('',*,*,#1455,.F.);
#1455 = EDGE_CURVE('',#1384,#97,#1456,.T.);
#1456 = ( BOUNDED_CURVE() B_SPLINE_CURVE(2,(#1457,#1458,#1459),
.UNSPECIFIED.,.F.,.F.) B_SPLINE_CURVE_WITH_KNOTS((3,3),(0.,
1.570796326795),.PIECEWISE_BEZIER_KNOTS.) CURVE() 
GEOMETRIC_REPRESENTATION_ITEM() RATIONAL_B_SPLINE_CURVE((1.,
0.707106781187,1.)) REPRESENTATION_ITEM('') );
#1457 = CARTESIAN_POINT('',(-9.725,-3.425,14.260002722319));
#1458 = CARTESIAN_POINT('',(-9.725,-3.525,14.260002722319));
#1459 = CARTESIAN_POINT('',(-9.725,-3.525,14.160002722319));
#1460 = ( BOUNDED_SURFACE() B_SPLINE_SURFACE(2,2,(
    (#1461,#1462,#1463)
    ,(#1464,#1465,#1466)
    ,(#1467,#1468,#1469
)),.UNSPECIFIED.,.F.,.F.,.F.) B_SPLINE_SURFACE_WITH_KNOTS((3,3),(3,3),(
    3.14159265359,4.712388980385),(-1.570796326795,0.),
.PIECEWISE_BEZIER_KNOTS.) GEOMETRIC_REPRESENTATION_ITEM() 
RATIONAL_B_SPLINE_SURFACE((
    (1.,0.707106781187,1.)
    ,(0.707106781187,0.5,0.707106781187)
,(1.,0.707106781187,1.))) REPRESENTATION_ITEM('') SURFACE() );
#1461 = CARTESIAN_POINT('',(-9.725,-3.525,14.160002722319));
#1462 = CARTESIAN_POINT('',(-9.825,-3.525,14.160002722319));
#1463 = CARTESIAN_POINT('',(-9.825,-3.425,14.160002722319));
#1464 = CARTESIAN_POINT('',(-9.725,-3.525,14.160002722319));
#1465 = CARTESIAN_POINT('',(-9.825,-3.525,14.260002722319));
#1466 = CARTESIAN_POINT('',(-9.825,-3.425,14.260002722319));
#1467 = CARTESIAN_POINT('',(-9.725,-3.525,14.160002722319));
#1468 = CARTESIAN_POINT('',(-9.725,-3.525,14.260002722319));
#1469 = CARTESIAN_POINT('',(-9.725,-3.425,14.260002722319));
#1470 = ADVANCED_FACE('',(#1471),#1481,.T.);
#1471 = FACE_BOUND('',#1472,.T.);
#1472 = EDGE_LOOP('',(#1473,#1474,#1475));
#1473 = ORIENTED_EDGE('',*,*,#1436,.T.);
#1474 = ORIENTED_EDGE('',*,*,#1374,.T.);
#1475 = ORIENTED_EDGE('',*,*,#1476,.F.);
#1476 = EDGE_CURVE('',#757,#1375,#1477,.T.);
#1477 = ( BOUNDED_CURVE() B_SPLINE_CURVE(2,(#1478,#1479,#1480),
.UNSPECIFIED.,.F.,.F.) B_SPLINE_CURVE_WITH_KNOTS((3,3),(4.712388980385,
6.28318530718),.PIECEWISE_BEZIER_KNOTS.) CURVE() 
GEOMETRIC_REPRESENTATION_ITEM() RATIONAL_B_SPLINE_CURVE((1.,
0.707106781187,1.)) REPRESENTATION_ITEM('') );
#1478 = CARTESIAN_POINT('',(-9.725,3.525,14.160002722319));
#1479 = CARTESIAN_POINT('',(-9.725,3.525,14.260002722319));
#1480 = CARTESIAN_POINT('',(-9.725,3.425,14.260002722319));
#1481 = ( BOUNDED_SURFACE() B_SPLINE_SURFACE(2,2,(
    (#1482,#1483,#1484)
    ,(#1485,#1486,#1487)
    ,(#1488,#1489,#1490
)),.UNSPECIFIED.,.F.,.F.,.F.) B_SPLINE_SURFACE_WITH_KNOTS((3,3),(3,3),(
    3.14159265359,4.712388980385),(0.,1.570796326795),
.PIECEWISE_BEZIER_KNOTS.) GEOMETRIC_REPRESENTATION_ITEM() 
RATIONAL_B_SPLINE_SURFACE((
    (1.,0.707106781187,1.)
    ,(0.707106781187,0.5,0.707106781187)
,(1.,0.707106781187,1.))) REPRESENTATION_ITEM('') SURFACE() );
#1482 = CARTESIAN_POINT('',(-9.825,3.425,14.160002722319));
#1483 = CARTESIAN_POINT('',(-9.825,3.525,14.160002722319));
#1484 = CARTESIAN_POINT('',(-9.725,3.525,14.160002722319));
#1485 = CARTESIAN_POINT('',(-9.825,3.425,14.260002722319));
#1486 = CARTESIAN_POINT('',(-9.825,3.525,14.260002722319));
#1487 = CARTESIAN_POINT('',(-9.725,3.525,14.160002722319));
#1488 = CARTESIAN_POINT('',(-9.725,3.425,14.260002722319));
#1489 = CARTESIAN_POINT('',(-9.725,3.525,14.260002722319));
#1490 = CARTESIAN_POINT('',(-9.725,3.525,14.160002722319));
#1491 = ADVANCED_FACE('',(#1492),#1503,.T.);
#1492 = FACE_BOUND('',#1493,.T.);
#1493 = EDGE_LOOP('',(#1494,#1495,#1496,#1502));
#1494 = ORIENTED_EDGE('',*,*,#848,.F.);
#1495 = ORIENTED_EDGE('',*,*,#883,.F.);
#1496 = ORIENTED_EDGE('',*,*,#1497,.F.);
#1497 = EDGE_CURVE('',#90,#877,#1498,.T.);
#1498 = ( BOUNDED_CURVE() B_SPLINE_CURVE(2,(#1499,#1500,#1501),
.UNSPECIFIED.,.F.,.F.) B_SPLINE_CURVE_WITH_KNOTS((3,3),(4.712388980385,
6.28318530718),.PIECEWISE_BEZIER_KNOTS.) CURVE() 
GEOMETRIC_REPRESENTATION_ITEM() RATIONAL_B_SPLINE_CURVE((1.,
0.707106781187,1.)) REPRESENTATION_ITEM('') );
#1499 = CARTESIAN_POINT('',(9.725,-3.525,14.160002722319));
#1500 = CARTESIAN_POINT('',(9.825,-3.525,14.160002722319));
#1501 = CARTESIAN_POINT('',(9.825,-3.425,14.160002722319));
#1502 = ORIENTED_EDGE('',*,*,#89,.F.);
#1503 = ( BOUNDED_SURFACE() B_SPLINE_SURFACE(2,1,(
    (#1504,#1505)
    ,(#1506,#1507)
    ,(#1508,#1509
)),.UNSPECIFIED.,.F.,.F.,.F.) B_SPLINE_SURFACE_WITH_KNOTS((3,3),(2,2),(
    4.712388980385,6.28318530718),(-10.16,-1.E-01),
.PIECEWISE_BEZIER_KNOTS.) GEOMETRIC_REPRESENTATION_ITEM() 
RATIONAL_B_SPLINE_SURFACE((
    (1.,1.)
    ,(0.707106781187,0.707106781187)
,(1.,1.))) REPRESENTATION_ITEM('') SURFACE() );
#1504 = CARTESIAN_POINT('',(9.725,-3.525,4.100002722319));
#1505 = CARTESIAN_POINT('',(9.725,-3.525,14.160002722319));
#1506 = CARTESIAN_POINT('',(9.825,-3.525,4.100002722319));
#1507 = CARTESIAN_POINT('',(9.825,-3.525,14.160002722319));
#1508 = CARTESIAN_POINT('',(9.825,-3.425,4.100002722319));
#1509 = CARTESIAN_POINT('',(9.825,-3.425,14.160002722319));
#1510 = ADVANCED_FACE('',(#1511),#1522,.T.);
#1511 = FACE_BOUND('',#1512,.T.);
#1512 = EDGE_LOOP('',(#1513,#1514,#1515,#1521));
#1513 = ORIENTED_EDGE('',*,*,#1455,.T.);
#1514 = ORIENTED_EDGE('',*,*,#96,.F.);
#1515 = ORIENTED_EDGE('',*,*,#1516,.F.);
#1516 = EDGE_CURVE('',#1407,#90,#1517,.T.);
#1517 = ( BOUNDED_CURVE() B_SPLINE_CURVE(2,(#1518,#1519,#1520),
.UNSPECIFIED.,.F.,.F.) B_SPLINE_CURVE_WITH_KNOTS((3,3),(3.14159265359,
4.712388980385),.PIECEWISE_BEZIER_KNOTS.) CURVE() 
GEOMETRIC_REPRESENTATION_ITEM() RATIONAL_B_SPLINE_CURVE((1.,
0.707106781187,1.)) REPRESENTATION_ITEM('') );
#1518 = CARTESIAN_POINT('',(9.725,-3.425,14.260002722319));
#1519 = CARTESIAN_POINT('',(9.725,-3.525,14.260002722319));
#1520 = CARTESIAN_POINT('',(9.725,-3.525,14.160002722319));
#1521 = ORIENTED_EDGE('',*,*,#1406,.F.);
#1522 = ( BOUNDED_SURFACE() B_SPLINE_SURFACE(2,1,(
    (#1523,#1524)
    ,(#1525,#1526)
    ,(#1527,#1528
)),.UNSPECIFIED.,.F.,.F.,.F.) B_SPLINE_SURFACE_WITH_KNOTS((3,3),(2,2),(
    1.570796326795,3.14159265359),(-19.55,-1.E-01),
.PIECEWISE_BEZIER_KNOTS.) GEOMETRIC_REPRESENTATION_ITEM() 
RATIONAL_B_SPLINE_SURFACE((
    (1.,1.)
    ,(0.707106781187,0.707106781187)
,(1.,1.))) REPRESENTATION_ITEM('') SURFACE() );
#1523 = CARTESIAN_POINT('',(-9.725,-3.425,14.260002722319));
#1524 = CARTESIAN_POINT('',(9.725,-3.425,14.260002722319));
#1525 = CARTESIAN_POINT('',(-9.725,-3.525,14.260002722319));
#1526 = CARTESIAN_POINT('',(9.725,-3.525,14.260002722319));
#1527 = CARTESIAN_POINT('',(-9.725,-3.525,14.160002722319));
#1528 = CARTESIAN_POINT('',(9.725,-3.525,14.160002722319));
#1529 = ADVANCED_FACE('',(#1530),#1541,.T.);
#1530 = FACE_BOUND('',#1531,.T.);
#1531 = EDGE_LOOP('',(#1532,#1533,#1534,#1540));
#1532 = ORIENTED_EDGE('',*,*,#1476,.T.);
#1533 = ORIENTED_EDGE('',*,*,#1420,.F.);
#1534 = ORIENTED_EDGE('',*,*,#1535,.F.);
#1535 = EDGE_CURVE('',#759,#1414,#1536,.T.);
#1536 = ( BOUNDED_CURVE() B_SPLINE_CURVE(2,(#1537,#1538,#1539),
.UNSPECIFIED.,.F.,.F.) B_SPLINE_CURVE_WITH_KNOTS((3,3),(1.570796326795,
3.14159265359),.PIECEWISE_BEZIER_KNOTS.) CURVE() 
GEOMETRIC_REPRESENTATION_ITEM() RATIONAL_B_SPLINE_CURVE((1.,
0.707106781187,1.)) REPRESENTATION_ITEM('') );
#1537 = CARTESIAN_POINT('',(9.725,3.525,14.160002722319));
#1538 = CARTESIAN_POINT('',(9.725,3.525,14.260002722319));
#1539 = CARTESIAN_POINT('',(9.725,3.425,14.260002722319));
#1540 = ORIENTED_EDGE('',*,*,#756,.F.);
#1541 = ( BOUNDED_SURFACE() B_SPLINE_SURFACE(2,1,(
    (#1542,#1543)
    ,(#1544,#1545)
    ,(#1546,#1547
)),.UNSPECIFIED.,.F.,.F.,.F.) B_SPLINE_SURFACE_WITH_KNOTS((3,3),(2,2),(
    1.570796326795,3.14159265359),(-9.725,9.725),
.PIECEWISE_BEZIER_KNOTS.) GEOMETRIC_REPRESENTATION_ITEM() 
RATIONAL_B_SPLINE_SURFACE((
    (1.,1.)
    ,(0.707106781187,0.707106781187)
,(1.,1.))) REPRESENTATION_ITEM('') SURFACE() );
#1542 = CARTESIAN_POINT('',(9.725,3.425,14.260002722319));
#1543 = CARTESIAN_POINT('',(-9.725,3.425,14.260002722319));
#1544 = CARTESIAN_POINT('',(9.725,3.525,14.260002722319));
#1545 = CARTESIAN_POINT('',(-9.725,3.525,14.260002722319));
#1546 = CARTESIAN_POINT('',(9.725,3.525,14.160002722319));
#1547 = CARTESIAN_POINT('',(-9.725,3.525,14.160002722319));
#1548 = ADVANCED_FACE('',(#1549),#1560,.T.);
#1549 = FACE_BOUND('',#1550,.T.);
#1550 = EDGE_LOOP('',(#1551,#1552,#1553,#1559));
#1551 = ORIENTED_EDGE('',*,*,#833,.F.);
#1552 = ORIENTED_EDGE('',*,*,#765,.F.);
#1553 = ORIENTED_EDGE('',*,*,#1554,.F.);
#1554 = EDGE_CURVE('',#870,#759,#1555,.T.);
#1555 = ( BOUNDED_CURVE() B_SPLINE_CURVE(2,(#1556,#1557,#1558),
.UNSPECIFIED.,.F.,.F.) B_SPLINE_CURVE_WITH_KNOTS((3,3),(0.,
1.570796326795),.PIECEWISE_BEZIER_KNOTS.) CURVE() 
GEOMETRIC_REPRESENTATION_ITEM() RATIONAL_B_SPLINE_CURVE((1.,
0.707106781187,1.)) REPRESENTATION_ITEM('') );
#1556 = CARTESIAN_POINT('',(9.825,3.425,14.160002722319));
#1557 = CARTESIAN_POINT('',(9.825,3.525,14.160002722319));
#1558 = CARTESIAN_POINT('',(9.725,3.525,14.160002722319));
#1559 = ORIENTED_EDGE('',*,*,#869,.F.);
#1560 = ( BOUNDED_SURFACE() B_SPLINE_SURFACE(2,1,(
    (#1561,#1562)
    ,(#1563,#1564)
    ,(#1565,#1566
)),.UNSPECIFIED.,.F.,.F.,.F.) B_SPLINE_SURFACE_WITH_KNOTS((3,3),(2,2),(
    1.570796326795,3.14159265359),(1.E-01,10.16),
.PIECEWISE_BEZIER_KNOTS.) GEOMETRIC_REPRESENTATION_ITEM() 
RATIONAL_B_SPLINE_SURFACE((
    (1.,1.)
    ,(0.707106781187,0.707106781187)
,(1.,1.))) REPRESENTATION_ITEM('') SURFACE() );
#1561 = CARTESIAN_POINT('',(9.725,3.525,14.160002722319));
#1562 = CARTESIAN_POINT('',(9.725,3.525,4.100002722319));
#1563 = CARTESIAN_POINT('',(9.825,3.525,14.160002722319));
#1564 = CARTESIAN_POINT('',(9.825,3.525,4.100002722319));
#1565 = CARTESIAN_POINT('',(9.825,3.425,14.160002722319));
#1566 = CARTESIAN_POINT('',(9.825,3.425,4.100002722319));
#1567 = ADVANCED_FACE('',(#1568),#1578,.T.);
#1568 = FACE_BOUND('',#1569,.T.);
#1569 = EDGE_LOOP('',(#1570,#1571,#1572));
#1570 = ORIENTED_EDGE('',*,*,#1516,.T.);
#1571 = ORIENTED_EDGE('',*,*,#1497,.T.);
#1572 = ORIENTED_EDGE('',*,*,#1573,.F.);
#1573 = EDGE_CURVE('',#1407,#877,#1574,.T.);
#1574 = ( BOUNDED_CURVE() B_SPLINE_CURVE(2,(#1575,#1576,#1577),
.UNSPECIFIED.,.F.,.F.) B_SPLINE_CURVE_WITH_KNOTS((3,3),(3.14159265359,
4.712388980385),.PIECEWISE_BEZIER_KNOTS.) CURVE() 
GEOMETRIC_REPRESENTATION_ITEM() RATIONAL_B_SPLINE_CURVE((1.,
0.707106781187,1.)) REPRESENTATION_ITEM('') );
#1575 = CARTESIAN_POINT('',(9.725,-3.425,14.260002722319));
#1576 = CARTESIAN_POINT('',(9.825,-3.425,14.260002722319));
#1577 = CARTESIAN_POINT('',(9.825,-3.425,14.160002722319));
#1578 = ( BOUNDED_SURFACE() B_SPLINE_SURFACE(2,2,(
    (#1579,#1580,#1581)
    ,(#1582,#1583,#1584)
    ,(#1585,#1586,#1587
)),.UNSPECIFIED.,.F.,.F.,.F.) B_SPLINE_SURFACE_WITH_KNOTS((3,3),(3,3),(
    4.712388980385,6.28318530718),(-1.570796326795,8.881784197001E-16),
.PIECEWISE_BEZIER_KNOTS.) GEOMETRIC_REPRESENTATION_ITEM() 
RATIONAL_B_SPLINE_SURFACE((
    (1.,0.707106781187,1.)
    ,(0.707106781187,0.5,0.707106781187)
,(1.,0.707106781187,1.))) REPRESENTATION_ITEM('') SURFACE() );
#1579 = CARTESIAN_POINT('',(9.725,-3.525,14.160002722319));
#1580 = CARTESIAN_POINT('',(9.725,-3.525,14.260002722319));
#1581 = CARTESIAN_POINT('',(9.725,-3.425,14.260002722319));
#1582 = CARTESIAN_POINT('',(9.725,-3.525,14.160002722319));
#1583 = CARTESIAN_POINT('',(9.825,-3.525,14.260002722319));
#1584 = CARTESIAN_POINT('',(9.825,-3.425,14.260002722319));
#1585 = CARTESIAN_POINT('',(9.725,-3.525,14.160002722319));
#1586 = CARTESIAN_POINT('',(9.825,-3.525,14.160002722319));
#1587 = CARTESIAN_POINT('',(9.825,-3.425,14.160002722319));
#1588 = ADVANCED_FACE('',(#1589),#1599,.T.);
#1589 = FACE_BOUND('',#1590,.T.);
#1590 = EDGE_LOOP('',(#1591,#1592,#1593));
#1591 = ORIENTED_EDGE('',*,*,#1554,.T.);
#1592 = ORIENTED_EDGE('',*,*,#1535,.T.);
#1593 = ORIENTED_EDGE('',*,*,#1594,.F.);
#1594 = EDGE_CURVE('',#870,#1414,#1595,.T.);
#1595 = ( BOUNDED_CURVE() B_SPLINE_CURVE(2,(#1596,#1597,#1598),
.UNSPECIFIED.,.F.,.F.) B_SPLINE_CURVE_WITH_KNOTS((3,3),(3.14159265359,
4.712388980385),.PIECEWISE_BEZIER_KNOTS.) CURVE() 
GEOMETRIC_REPRESENTATION_ITEM() RATIONAL_B_SPLINE_CURVE((1.,
0.707106781187,1.)) REPRESENTATION_ITEM('') );
#1596 = CARTESIAN_POINT('',(9.825,3.425,14.160002722319));
#1597 = CARTESIAN_POINT('',(9.825,3.425,14.260002722319));
#1598 = CARTESIAN_POINT('',(9.725,3.425,14.260002722319));
#1599 = ( BOUNDED_SURFACE() B_SPLINE_SURFACE(2,2,(
    (#1600,#1601,#1602)
    ,(#1603,#1604,#1605)
    ,(#1606,#1607,#1608
)),.UNSPECIFIED.,.F.,.F.,.F.) B_SPLINE_SURFACE_WITH_KNOTS((3,3),(3,3),(
    4.712388980385,6.28318530718),(-1.625479321917E-15,1.570796326795),
.PIECEWISE_BEZIER_KNOTS.) GEOMETRIC_REPRESENTATION_ITEM() 
RATIONAL_B_SPLINE_SURFACE((
    (1.,0.707106781187,1.)
    ,(0.707106781187,0.5,0.707106781187)
,(1.,0.707106781187,1.))) REPRESENTATION_ITEM('') SURFACE() );
#1600 = CARTESIAN_POINT('',(9.725,3.425,14.260002722319));
#1601 = CARTESIAN_POINT('',(9.725,3.525,14.260002722319));
#1602 = CARTESIAN_POINT('',(9.725,3.525,14.160002722319));
#1603 = CARTESIAN_POINT('',(9.825,3.425,14.260002722319));
#1604 = CARTESIAN_POINT('',(9.825,3.525,14.260002722319));
#1605 = CARTESIAN_POINT('',(9.725,3.525,14.160002722319));
#1606 = CARTESIAN_POINT('',(9.825,3.425,14.160002722319));
#1607 = CARTESIAN_POINT('',(9.825,3.525,14.160002722319));
#1608 = CARTESIAN_POINT('',(9.725,3.525,14.160002722319));
#1609 = ADVANCED_FACE('',(#1610),#1616,.T.);
#1610 = FACE_BOUND('',#1611,.T.);
#1611 = EDGE_LOOP('',(#1612,#1613,#1614,#1615));
#1612 = ORIENTED_EDGE('',*,*,#1573,.T.);
#1613 = ORIENTED_EDGE('',*,*,#876,.F.);
#1614 = ORIENTED_EDGE('',*,*,#1594,.T.);
#1615 = ORIENTED_EDGE('',*,*,#1413,.F.);
#1616 = ( BOUNDED_SURFACE() B_SPLINE_SURFACE(2,1,(
    (#1617,#1618)
    ,(#1619,#1620)
    ,(#1621,#1622
)),.UNSPECIFIED.,.F.,.F.,.F.) B_SPLINE_SURFACE_WITH_KNOTS((3,3),(2,2),(
    0.,1.570796326795),(-3.425,3.425),.PIECEWISE_BEZIER_KNOTS.) 
GEOMETRIC_REPRESENTATION_ITEM() RATIONAL_B_SPLINE_SURFACE((
    (1.,1.)
    ,(0.707106781187,0.707106781187)
,(1.,1.))) REPRESENTATION_ITEM('') SURFACE() );
#1617 = CARTESIAN_POINT('',(9.725,-3.425,14.260002722319));
#1618 = CARTESIAN_POINT('',(9.725,3.425,14.260002722319));
#1619 = CARTESIAN_POINT('',(9.825,-3.425,14.260002722319));
#1620 = CARTESIAN_POINT('',(9.825,3.425,14.260002722319));
#1621 = CARTESIAN_POINT('',(9.825,-3.425,14.160002722319));
#1622 = CARTESIAN_POINT('',(9.825,3.425,14.160002722319));
#1623 = ADVANCED_FACE('',(#1624),#1649,.T.);
#1624 = FACE_BOUND('',#1625,.T.);
#1625 = EDGE_LOOP('',(#1626,#1633,#1634,#1641));
#1626 = ORIENTED_EDGE('',*,*,#1627,.T.);
#1627 = EDGE_CURVE('',#1628,#361,#1630,.T.);
#1628 = VERTEX_POINT('',#1629);
#1629 = CARTESIAN_POINT('',(-0.710555822518,-0.238519872749,
    4.610002722319));
#1630 = B_SPLINE_CURVE_WITH_KNOTS('',1,(#1631,#1632),.UNSPECIFIED.,.F.,
  .F.,(2,2),(-1.E-02,0.),.PIECEWISE_BEZIER_KNOTS.);
#1631 = CARTESIAN_POINT('',(-0.710555822518,-0.238519872749,
    4.610002722319));
#1632 = CARTESIAN_POINT('',(-0.710555822518,-0.238519872749,
    4.600002722319));
#1633 = ORIENTED_EDGE('',*,*,#360,.T.);
#1634 = ORIENTED_EDGE('',*,*,#1635,.F.);
#1635 = EDGE_CURVE('',#1636,#349,#1638,.T.);
#1636 = VERTEX_POINT('',#1637);
#1637 = CARTESIAN_POINT('',(-0.75828829203,-9.827597030999E-02,
    4.610002722319));
#1638 = B_SPLINE_CURVE_WITH_KNOTS('',1,(#1639,#1640),.UNSPECIFIED.,.F.,
  .F.,(2,2),(-1.E-02,0.),.PIECEWISE_BEZIER_KNOTS.);
#1639 = CARTESIAN_POINT('',(-0.75828829203,-9.827597030999E-02,
    4.610002722319));
#1640 = CARTESIAN_POINT('',(-0.75828829203,-9.827597030999E-02,
    4.600002722319));
#1641 = ORIENTED_EDGE('',*,*,#1642,.F.);
#1642 = EDGE_CURVE('',#1628,#1636,#1643,.T.);
#1643 = B_SPLINE_CURVE_WITH_KNOTS('',3,(#1644,#1645,#1646,#1647,#1648),
  .UNSPECIFIED.,.F.,.F.,(4,1,4),(0.,0.5,1.),.UNSPECIFIED.);
#1644 = CARTESIAN_POINT('',(-0.710555822518,-0.238519872749,
    4.610002722319));
#1645 = CARTESIAN_POINT('',(-0.718511234103,-0.215145889009,
    4.610002722319));
#1646 = CARTESIAN_POINT('',(-0.734422057274,-0.16839792153,
    4.610002722319));
#1647 = CARTESIAN_POINT('',(-0.750332880445,-0.12164995405,
    4.610002722319));
#1648 = CARTESIAN_POINT('',(-0.75828829203,-9.827597030999E-02,
    4.610002722319));
#1649 = B_SPLINE_SURFACE_WITH_KNOTS('',1,1,(
    (#1650,#1651)
    ,(#1652,#1653
    )),.UNSPECIFIED.,.F.,.F.,.F.,(2,2),(2,2),(0.,0.148144324282),(0.,
    1.E-02),.PIECEWISE_BEZIER_KNOTS.);
#1650 = CARTESIAN_POINT('',(-0.710555822518,-0.238519872749,
    4.600002722319));
#1651 = CARTESIAN_POINT('',(-0.710555822518,-0.238519872749,
    4.610002722319));
#1652 = CARTESIAN_POINT('',(-0.75828829203,-9.827597030999E-02,
    4.600002722319));
#1653 = CARTESIAN_POINT('',(-0.75828829203,-9.827597030999E-02,
    4.610002722319));
#1654 = ADVANCED_FACE('',(#1655),#1671,.T.);
#1655 = FACE_BOUND('',#1656,.T.);
#1656 = EDGE_LOOP('',(#1657,#1658,#1659,#1666));
#1657 = ORIENTED_EDGE('',*,*,#1635,.T.);
#1658 = ORIENTED_EDGE('',*,*,#348,.T.);
#1659 = ORIENTED_EDGE('',*,*,#1660,.F.);
#1660 = EDGE_CURVE('',#1661,#351,#1663,.T.);
#1661 = VERTEX_POINT('',#1662);
#1662 = CARTESIAN_POINT('',(-0.964843170079,-9.827597030999E-02,
    4.610002722319));
#1663 = B_SPLINE_CURVE_WITH_KNOTS('',1,(#1664,#1665),.UNSPECIFIED.,.F.,
  .F.,(2,2),(-1.E-02,0.),.PIECEWISE_BEZIER_KNOTS.);
#1664 = CARTESIAN_POINT('',(-0.964843170079,-9.827597030999E-02,
    4.610002722319));
#1665 = CARTESIAN_POINT('',(-0.964843170079,-9.827597030999E-02,
    4.600002722319));
#1666 = ORIENTED_EDGE('',*,*,#1667,.F.);
#1667 = EDGE_CURVE('',#1636,#1661,#1668,.T.);
#1668 = B_SPLINE_CURVE_WITH_KNOTS('',1,(#1669,#1670),.UNSPECIFIED.,.F.,
  .F.,(2,2),(-8.56671170797,-8.360156829921),.PIECEWISE_BEZIER_KNOTS.);
#1669 = CARTESIAN_POINT('',(-0.75828829203,-9.827597030999E-02,
    4.610002722319));
#1670 = CARTESIAN_POINT('',(-0.964843170079,-9.827597030999E-02,
    4.610002722319));
#1671 = B_SPLINE_SURFACE_WITH_KNOTS('',1,1,(
    (#1672,#1673)
    ,(#1674,#1675
    )),.UNSPECIFIED.,.F.,.F.,.F.,(2,2),(2,2),(0.,0.206554878049),(0.,
    1.E-02),.PIECEWISE_BEZIER_KNOTS.);
#1672 = CARTESIAN_POINT('',(-0.75828829203,-9.827597030999E-02,
    4.600002722319));
#1673 = CARTESIAN_POINT('',(-0.75828829203,-9.827597030999E-02,
    4.610002722319));
#1674 = CARTESIAN_POINT('',(-0.964843170079,-9.827597030999E-02,
    4.600002722319));
#1675 = CARTESIAN_POINT('',(-0.964843170079,-9.827597030999E-02,
    4.610002722319));
#1676 = ADVANCED_FACE('',(#1677),#1696,.T.);
#1677 = FACE_BOUND('',#1678,.T.);
#1678 = EDGE_LOOP('',(#1679,#1680,#1681,#1688));
#1679 = ORIENTED_EDGE('',*,*,#1660,.T.);
#1680 = ORIENTED_EDGE('',*,*,#420,.T.);
#1681 = ORIENTED_EDGE('',*,*,#1682,.F.);
#1682 = EDGE_CURVE('',#1683,#411,#1685,.T.);
#1683 = VERTEX_POINT('',#1684);
#1684 = CARTESIAN_POINT('',(-1.015433871299,-0.238519872749,
    4.610002722319));
#1685 = B_SPLINE_CURVE_WITH_KNOTS('',1,(#1686,#1687),.UNSPECIFIED.,.F.,
  .F.,(2,2),(-1.E-02,0.),.PIECEWISE_BEZIER_KNOTS.);
#1686 = CARTESIAN_POINT('',(-1.015433871299,-0.238519872749,
    4.610002722319));
#1687 = CARTESIAN_POINT('',(-1.015433871299,-0.238519872749,
    4.600002722319));
#1688 = ORIENTED_EDGE('',*,*,#1689,.F.);
#1689 = EDGE_CURVE('',#1661,#1683,#1690,.T.);
#1690 = B_SPLINE_CURVE_WITH_KNOTS('',3,(#1691,#1692,#1693,#1694,#1695),
  .UNSPECIFIED.,.F.,.F.,(4,1,4),(0.,0.5,1.),.UNSPECIFIED.);
#1691 = CARTESIAN_POINT('',(-0.964843170079,-9.827597030999E-02,
    4.610002722319));
#1692 = CARTESIAN_POINT('',(-0.973274953616,-0.12164995405,
    4.610002722319));
#1693 = CARTESIAN_POINT('',(-0.990138520689,-0.168397921529,
    4.610002722319));
#1694 = CARTESIAN_POINT('',(-1.007002087762,-0.215145889009,
    4.610002722319));
#1695 = CARTESIAN_POINT('',(-1.015433871299,-0.238519872749,
    4.610002722319));
#1696 = B_SPLINE_SURFACE_WITH_KNOTS('',1,1,(
    (#1697,#1698)
    ,(#1699,#1700
    )),.UNSPECIFIED.,.F.,.F.,.F.,(2,2),(2,2),(0.,0.149089809247),(0.,
    1.E-02),.PIECEWISE_BEZIER_KNOTS.);
#1697 = CARTESIAN_POINT('',(-0.964843170079,-9.827597030999E-02,
    4.600002722319));
#1698 = CARTESIAN_POINT('',(-0.964843170079,-9.827597030999E-02,
    4.610002722319));
#1699 = CARTESIAN_POINT('',(-1.015433871299,-0.238519872749,
    4.600002722319));
#1700 = CARTESIAN_POINT('',(-1.015433871299,-0.238519872749,
    4.610002722319));
#1701 = ADVANCED_FACE('',(#1702),#1718,.T.);
#1702 = FACE_BOUND('',#1703,.T.);
#1703 = EDGE_LOOP('',(#1704,#1705,#1706,#1713));
#1704 = ORIENTED_EDGE('',*,*,#1682,.T.);
#1705 = ORIENTED_EDGE('',*,*,#410,.T.);
#1706 = ORIENTED_EDGE('',*,*,#1707,.F.);
#1707 = EDGE_CURVE('',#1708,#401,#1710,.T.);
#1708 = VERTEX_POINT('',#1709);
#1709 = CARTESIAN_POINT('',(-1.088604603006,-0.238519872749,
    4.610002722319));
#1710 = B_SPLINE_CURVE_WITH_KNOTS('',1,(#1711,#1712),.UNSPECIFIED.,.F.,
  .F.,(2,2),(-1.E-02,0.),.PIECEWISE_BEZIER_KNOTS.);
#1711 = CARTESIAN_POINT('',(-1.088604603006,-0.238519872749,
    4.610002722319));
#1712 = CARTESIAN_POINT('',(-1.088604603006,-0.238519872749,
    4.600002722319));
#1713 = ORIENTED_EDGE('',*,*,#1714,.F.);
#1714 = EDGE_CURVE('',#1683,#1708,#1715,.T.);
#1715 = B_SPLINE_CURVE_WITH_KNOTS('',1,(#1716,#1717),.UNSPECIFIED.,.F.,
  .F.,(2,2),(-8.309566128701,-8.236395396994),.PIECEWISE_BEZIER_KNOTS.);
#1716 = CARTESIAN_POINT('',(-1.015433871299,-0.238519872749,
    4.610002722319));
#1717 = CARTESIAN_POINT('',(-1.088604603006,-0.238519872749,
    4.610002722319));
#1718 = B_SPLINE_SURFACE_WITH_KNOTS('',1,1,(
    (#1719,#1720)
    ,(#1721,#1722
    )),.UNSPECIFIED.,.F.,.F.,.F.,(2,2),(2,2),(0.,7.317073170732E-02),(0.
    ,1.E-02),.PIECEWISE_BEZIER_KNOTS.);
#1719 = CARTESIAN_POINT('',(-1.015433871299,-0.238519872749,
    4.600002722319));
#1720 = CARTESIAN_POINT('',(-1.015433871299,-0.238519872749,
    4.610002722319));
#1721 = CARTESIAN_POINT('',(-1.088604603006,-0.238519872749,
    4.600002722319));
#1722 = CARTESIAN_POINT('',(-1.088604603006,-0.238519872749,
    4.610002722319));
#1723 = ADVANCED_FACE('',(#1724),#1743,.T.);
#1724 = FACE_BOUND('',#1725,.T.);
#1725 = EDGE_LOOP('',(#1726,#1727,#1728,#1735));
#1726 = ORIENTED_EDGE('',*,*,#1707,.T.);
#1727 = ORIENTED_EDGE('',*,*,#400,.T.);
#1728 = ORIENTED_EDGE('',*,*,#1729,.F.);
#1729 = EDGE_CURVE('',#1730,#391,#1732,.T.);
#1730 = VERTEX_POINT('',#1731);
#1731 = CARTESIAN_POINT('',(-0.893482651786,0.261480127251,
    4.610002722319));
#1732 = B_SPLINE_CURVE_WITH_KNOTS('',1,(#1733,#1734),.UNSPECIFIED.,.F.,
  .F.,(2,2),(-1.E-02,0.),.PIECEWISE_BEZIER_KNOTS.);
#1733 = CARTESIAN_POINT('',(-0.893482651786,0.261480127251,
    4.610002722319));
#1734 = CARTESIAN_POINT('',(-0.893482651786,0.261480127251,
    4.600002722319));
#1735 = ORIENTED_EDGE('',*,*,#1736,.F.);
#1736 = EDGE_CURVE('',#1708,#1730,#1737,.T.);
#1737 = B_SPLINE_CURVE_WITH_KNOTS('',3,(#1738,#1739,#1740,#1741,#1742),
  .UNSPECIFIED.,.F.,.F.,(4,1,4),(0.,0.5,1.),.UNSPECIFIED.);
#1738 = CARTESIAN_POINT('',(-1.088604603006,-0.238519872749,
    4.610002722319));
#1739 = CARTESIAN_POINT('',(-1.056084277803,-0.155186539416,
    4.610002722319));
#1740 = CARTESIAN_POINT('',(-0.991043627396,1.148012725099E-02,
    4.610002722319));
#1741 = CARTESIAN_POINT('',(-0.92600297699,0.178146793918,4.610002722319
    ));
#1742 = CARTESIAN_POINT('',(-0.893482651786,0.261480127251,
    4.610002722319));
#1743 = B_SPLINE_SURFACE_WITH_KNOTS('',1,1,(
    (#1744,#1745)
    ,(#1746,#1747
    )),.UNSPECIFIED.,.F.,.F.,.F.,(2,2),(2,2),(0.,0.536723928894),(0.,
    1.E-02),.PIECEWISE_BEZIER_KNOTS.);
#1744 = CARTESIAN_POINT('',(-1.088604603006,-0.238519872749,
    4.600002722319));
#1745 = CARTESIAN_POINT('',(-1.088604603006,-0.238519872749,
    4.610002722319));
#1746 = CARTESIAN_POINT('',(-0.893482651786,0.261480127251,
    4.600002722319));
#1747 = CARTESIAN_POINT('',(-0.893482651786,0.261480127251,
    4.610002722319));
#1748 = ADVANCED_FACE('',(#1749),#1765,.T.);
#1749 = FACE_BOUND('',#1750,.T.);
#1750 = EDGE_LOOP('',(#1751,#1752,#1753,#1760));
#1751 = ORIENTED_EDGE('',*,*,#1729,.T.);
#1752 = ORIENTED_EDGE('',*,*,#390,.T.);
#1753 = ORIENTED_EDGE('',*,*,#1754,.F.);
#1754 = EDGE_CURVE('',#1755,#381,#1757,.T.);
#1755 = VERTEX_POINT('',#1756);
#1756 = CARTESIAN_POINT('',(-0.826409481055,0.261480127251,
    4.610002722319));
#1757 = B_SPLINE_CURVE_WITH_KNOTS('',1,(#1758,#1759),.UNSPECIFIED.,.F.,
  .F.,(2,2),(-1.E-02,0.),.PIECEWISE_BEZIER_KNOTS.);
#1758 = CARTESIAN_POINT('',(-0.826409481055,0.261480127251,
    4.610002722319));
#1759 = CARTESIAN_POINT('',(-0.826409481055,0.261480127251,
    4.600002722319));
#1760 = ORIENTED_EDGE('',*,*,#1761,.F.);
#1761 = EDGE_CURVE('',#1730,#1755,#1762,.T.);
#1762 = B_SPLINE_CURVE_WITH_KNOTS('',1,(#1763,#1764),.UNSPECIFIED.,.F.,
  .F.,(2,2),(8.431517348214,8.498590518945),.PIECEWISE_BEZIER_KNOTS.);
#1763 = CARTESIAN_POINT('',(-0.893482651786,0.261480127251,
    4.610002722319));
#1764 = CARTESIAN_POINT('',(-0.826409481055,0.261480127251,
    4.610002722319));
#1765 = B_SPLINE_SURFACE_WITH_KNOTS('',1,1,(
    (#1766,#1767)
    ,(#1768,#1769
    )),.UNSPECIFIED.,.F.,.F.,.F.,(2,2),(2,2),(0.,6.707317073171E-02),(0.
    ,1.E-02),.PIECEWISE_BEZIER_KNOTS.);
#1766 = CARTESIAN_POINT('',(-0.893482651786,0.261480127251,
    4.600002722319));
#1767 = CARTESIAN_POINT('',(-0.893482651786,0.261480127251,
    4.610002722319));
#1768 = CARTESIAN_POINT('',(-0.826409481055,0.261480127251,
    4.600002722319));
#1769 = CARTESIAN_POINT('',(-0.826409481055,0.261480127251,
    4.610002722319));
#1770 = ADVANCED_FACE('',(#1771),#1790,.T.);
#1771 = FACE_BOUND('',#1772,.T.);
#1772 = EDGE_LOOP('',(#1773,#1774,#1775,#1782));
#1773 = ORIENTED_EDGE('',*,*,#1754,.T.);
#1774 = ORIENTED_EDGE('',*,*,#380,.T.);
#1775 = ORIENTED_EDGE('',*,*,#1776,.F.);
#1776 = EDGE_CURVE('',#1777,#371,#1779,.T.);
#1777 = VERTEX_POINT('',#1778);
#1778 = CARTESIAN_POINT('',(-0.637385090811,-0.238519872749,
    4.610002722319));
#1779 = B_SPLINE_CURVE_WITH_KNOTS('',1,(#1780,#1781),.UNSPECIFIED.,.F.,
  .F.,(2,2),(-1.E-02,0.),.PIECEWISE_BEZIER_KNOTS.);
#1780 = CARTESIAN_POINT('',(-0.637385090811,-0.238519872749,
    4.610002722319));
#1781 = CARTESIAN_POINT('',(-0.637385090811,-0.238519872749,
    4.600002722319));
#1782 = ORIENTED_EDGE('',*,*,#1783,.F.);
#1783 = EDGE_CURVE('',#1755,#1777,#1784,.T.);
#1784 = B_SPLINE_CURVE_WITH_KNOTS('',3,(#1785,#1786,#1787,#1788,#1789),
  .UNSPECIFIED.,.F.,.F.,(4,1,4),(0.,0.5,1.),.UNSPECIFIED.);
#1785 = CARTESIAN_POINT('',(-0.826409481055,0.261480127251,
    4.610002722319));
#1786 = CARTESIAN_POINT('',(-0.794905416014,0.178146793918,
    4.610002722319));
#1787 = CARTESIAN_POINT('',(-0.731897285933,1.148012725099E-02,
    4.610002722319));
#1788 = CARTESIAN_POINT('',(-0.668889155851,-0.155186539416,
    4.610002722319));
#1789 = CARTESIAN_POINT('',(-0.637385090811,-0.238519872749,
    4.610002722319));
#1790 = B_SPLINE_SURFACE_WITH_KNOTS('',1,1,(
    (#1791,#1792)
    ,(#1793,#1794
    )),.UNSPECIFIED.,.F.,.F.,.F.,(2,2),(2,2),(0.,0.534537388877),(0.,
    1.E-02),.PIECEWISE_BEZIER_KNOTS.);
#1791 = CARTESIAN_POINT('',(-0.826409481055,0.261480127251,
    4.600002722319));
#1792 = CARTESIAN_POINT('',(-0.826409481055,0.261480127251,
    4.610002722319));
#1793 = CARTESIAN_POINT('',(-0.637385090811,-0.238519872749,
    4.600002722319));
#1794 = CARTESIAN_POINT('',(-0.637385090811,-0.238519872749,
    4.610002722319));
#1795 = ADVANCED_FACE('',(#1796),#1806,.T.);
#1796 = FACE_BOUND('',#1797,.T.);
#1797 = EDGE_LOOP('',(#1798,#1803,#1804,#1805));
#1798 = ORIENTED_EDGE('',*,*,#1799,.F.);
#1799 = EDGE_CURVE('',#1777,#1628,#1800,.T.);
#1800 = B_SPLINE_CURVE_WITH_KNOTS('',1,(#1801,#1802),.UNSPECIFIED.,.F.,
  .F.,(2,2),(-8.687614909189,-8.614444177482),.PIECEWISE_BEZIER_KNOTS.);
#1801 = CARTESIAN_POINT('',(-0.637385090811,-0.238519872749,
    4.610002722319));
#1802 = CARTESIAN_POINT('',(-0.710555822518,-0.238519872749,
    4.610002722319));
#1803 = ORIENTED_EDGE('',*,*,#1776,.T.);
#1804 = ORIENTED_EDGE('',*,*,#370,.T.);
#1805 = ORIENTED_EDGE('',*,*,#1627,.F.);
#1806 = B_SPLINE_SURFACE_WITH_KNOTS('',1,1,(
    (#1807,#1808)
    ,(#1809,#1810
    )),.UNSPECIFIED.,.F.,.F.,.F.,(2,2),(2,2),(0.,7.317073170732E-02),(0.
    ,1.E-02),.PIECEWISE_BEZIER_KNOTS.);
#1807 = CARTESIAN_POINT('',(-0.637385090811,-0.238519872749,
    4.600002722319));
#1808 = CARTESIAN_POINT('',(-0.637385090811,-0.238519872749,
    4.610002722319));
#1809 = CARTESIAN_POINT('',(-0.710555822518,-0.238519872749,
    4.600002722319));
#1810 = CARTESIAN_POINT('',(-0.710555822518,-0.238519872749,
    4.610002722319));
#1811 = ADVANCED_FACE('',(#1812,#1861),#1871,.F.);
#1812 = FACE_BOUND('',#1813,.T.);
#1813 = EDGE_LOOP('',(#1814,#1826,#1836,#1846,#1856));
#1814 = ORIENTED_EDGE('',*,*,#1815,.T.);
#1815 = EDGE_CURVE('',#1816,#1818,#1820,.T.);
#1816 = VERTEX_POINT('',#1817);
#1817 = CARTESIAN_POINT('',(-0.775151859103,-4.33979215295E-02,
    4.610002722319));
#1818 = VERTEX_POINT('',#1819);
#1819 = CARTESIAN_POINT('',(-0.849751706664,0.165443541885,
    4.610002722319));
#1820 = B_SPLINE_CURVE_WITH_KNOTS('',3,(#1821,#1822,#1823,#1824,#1825),
  .UNSPECIFIED.,.F.,.F.,(4,1,4),(0.,0.5,1.),.QUASI_UNIFORM_KNOTS.);
#1821 = CARTESIAN_POINT('',(-0.775151859103,-4.33979215295E-02,
    4.610002722319));
#1822 = CARTESIAN_POINT('',(-0.78758516703,-8.591010960394E-03,
    4.610002722319));
#1823 = CARTESIAN_POINT('',(-0.812451782884,6.102281017782E-02,
    4.610002722319));
#1824 = CARTESIAN_POINT('',(-0.837318398738,0.130636631316,
    4.610002722319));
#1825 = CARTESIAN_POINT('',(-0.849751706664,0.165443541885,
    4.610002722319));
#1826 = ORIENTED_EDGE('',*,*,#1827,.T.);
#1827 = EDGE_CURVE('',#1818,#1828,#1830,.T.);
#1828 = VERTEX_POINT('',#1829);
#1829 = CARTESIAN_POINT('',(-0.857754755445,0.200504517495,
    4.610002722319));
#1830 = B_SPLINE_CURVE_WITH_KNOTS('',3,(#1831,#1832,#1833,#1834,#1835),
  .UNSPECIFIED.,.F.,.F.,(4,1,4),(0.,0.439928498486,1.),.UNSPECIFIED.);
#1831 = CARTESIAN_POINT('',(-0.849751706664,0.165443541885,
    4.610002722319));
#1832 = CARTESIAN_POINT('',(-0.851309816332,0.170494875544,
    4.610002722319));
#1833 = CARTESIAN_POINT('',(-0.85485155021,0.181977045208,4.610002722319
    ));
#1834 = CARTESIAN_POINT('',(-0.856712493912,0.193853085677,
    4.610002722319));
#1835 = CARTESIAN_POINT('',(-0.857754755445,0.200504517495,
    4.610002722319));
#1836 = ORIENTED_EDGE('',*,*,#1837,.T.);
#1837 = EDGE_CURVE('',#1828,#1838,#1840,.T.);
#1838 = VERTEX_POINT('',#1839);
#1839 = CARTESIAN_POINT('',(-0.867091645689,0.165443541885,
    4.610002722319));
#1840 = B_SPLINE_CURVE_WITH_KNOTS('',3,(#1841,#1842,#1843,#1844,#1845),
  .UNSPECIFIED.,.F.,.F.,(4,1,4),(0.,0.445878683459,1.),.UNSPECIFIED.);
#1841 = CARTESIAN_POINT('',(-0.857754755445,0.200504517495,
    4.610002722319));
#1842 = CARTESIAN_POINT('',(-0.85928588211,0.195332025009,4.610002722319
    ));
#1843 = CARTESIAN_POINT('',(-0.862719835609,0.183731352725,
    4.610002722319));
#1844 = CARTESIAN_POINT('',(-0.865532878602,0.171964053322,
    4.610002722319));
#1845 = CARTESIAN_POINT('',(-0.867091645689,0.165443541885,
    4.610002722319));
#1846 = ORIENTED_EDGE('',*,*,#1847,.T.);
#1847 = EDGE_CURVE('',#1838,#1848,#1850,.T.);
#1848 = VERTEX_POINT('',#1849);
#1849 = CARTESIAN_POINT('',(-0.942358413982,-4.33979215295E-02,
    4.610002722319));
#1850 = B_SPLINE_CURVE_WITH_KNOTS('',3,(#1851,#1852,#1853,#1854,#1855),
  .UNSPECIFIED.,.F.,.F.,(4,1,4),(0.,0.5,1.),.QUASI_UNIFORM_KNOTS.);
#1851 = CARTESIAN_POINT('',(-0.867091645689,0.165443541885,
    4.610002722319));
#1852 = CARTESIAN_POINT('',(-0.879636107071,0.130636631316,
    4.610002722319));
#1853 = CARTESIAN_POINT('',(-0.904725029835,6.102281017782E-02,
    4.610002722319));
#1854 = CARTESIAN_POINT('',(-0.929813952599,-8.591010960394E-03,
    4.610002722319));
#1855 = CARTESIAN_POINT('',(-0.942358413982,-4.33979215295E-02,
    4.610002722319));
#1856 = ORIENTED_EDGE('',*,*,#1857,.T.);
#1857 = EDGE_CURVE('',#1848,#1816,#1858,.T.);
#1858 = B_SPLINE_CURVE_WITH_KNOTS('',1,(#1859,#1860),.UNSPECIFIED.,.F.,
  .F.,(2,2),(8.382641586018,8.549848140897),.PIECEWISE_BEZIER_KNOTS.);
#1859 = CARTESIAN_POINT('',(-0.942358413982,-4.33979215295E-02,
    4.610002722319));
#1860 = CARTESIAN_POINT('',(-0.775151859103,-4.33979215295E-02,
    4.610002722319));
#1861 = FACE_BOUND('',#1862,.T.);
#1862 = EDGE_LOOP('',(#1863,#1864,#1865,#1866,#1867,#1868,#1869,#1870));
#1863 = ORIENTED_EDGE('',*,*,#1783,.T.);
#1864 = ORIENTED_EDGE('',*,*,#1799,.T.);
#1865 = ORIENTED_EDGE('',*,*,#1642,.T.);
#1866 = ORIENTED_EDGE('',*,*,#1667,.T.);
#1867 = ORIENTED_EDGE('',*,*,#1689,.T.);
#1868 = ORIENTED_EDGE('',*,*,#1714,.T.);
#1869 = ORIENTED_EDGE('',*,*,#1736,.T.);
#1870 = ORIENTED_EDGE('',*,*,#1761,.T.);
#1871 = B_SPLINE_SURFACE_WITH_KNOTS('',1,1,(
    (#1872,#1873)
    ,(#1874,#1875
    )),.UNSPECIFIED.,.F.,.F.,.F.,(2,2),(2,2),(8.236395396994,
    8.687614909189),(-3.763519872749,-3.263519872749),
  .PIECEWISE_BEZIER_KNOTS.);
#1872 = CARTESIAN_POINT('',(-1.088604603006,-0.238519872749,
    4.610002722319));
#1873 = CARTESIAN_POINT('',(-1.088604603006,0.261480127251,
    4.610002722319));
#1874 = CARTESIAN_POINT('',(-0.637385090811,-0.238519872749,
    4.610002722319));
#1875 = CARTESIAN_POINT('',(-0.637385090811,0.261480127251,
    4.610002722319));
#1876 = ADVANCED_FACE('',(#1877),#1902,.T.);
#1877 = FACE_BOUND('',#1878,.T.);
#1878 = EDGE_LOOP('',(#1879,#1886,#1887,#1894));
#1879 = ORIENTED_EDGE('',*,*,#1880,.F.);
#1880 = EDGE_CURVE('',#1818,#1881,#1883,.T.);
#1881 = VERTEX_POINT('',#1882);
#1882 = CARTESIAN_POINT('',(-0.849751706664,0.165443541885,
    4.600002722319));
#1883 = B_SPLINE_CURVE_WITH_KNOTS('',1,(#1884,#1885),.UNSPECIFIED.,.F.,
  .F.,(2,2),(-1.E-02,0.),.PIECEWISE_BEZIER_KNOTS.);
#1884 = CARTESIAN_POINT('',(-0.849751706664,0.165443541885,
    4.610002722319));
#1885 = CARTESIAN_POINT('',(-0.849751706664,0.165443541885,
    4.600002722319));
#1886 = ORIENTED_EDGE('',*,*,#1815,.F.);
#1887 = ORIENTED_EDGE('',*,*,#1888,.T.);
#1888 = EDGE_CURVE('',#1816,#1889,#1891,.T.);
#1889 = VERTEX_POINT('',#1890);
#1890 = CARTESIAN_POINT('',(-0.775151859103,-4.33979215295E-02,
    4.600002722319));
#1891 = B_SPLINE_CURVE_WITH_KNOTS('',1,(#1892,#1893),.UNSPECIFIED.,.F.,
  .F.,(2,2),(-1.E-02,0.),.PIECEWISE_BEZIER_KNOTS.);
#1892 = CARTESIAN_POINT('',(-0.775151859103,-4.33979215295E-02,
    4.610002722319));
#1893 = CARTESIAN_POINT('',(-0.775151859103,-4.33979215295E-02,
    4.600002722319));
#1894 = ORIENTED_EDGE('',*,*,#1895,.T.);
#1895 = EDGE_CURVE('',#1889,#1881,#1896,.T.);
#1896 = B_SPLINE_CURVE_WITH_KNOTS('',3,(#1897,#1898,#1899,#1900,#1901),
  .UNSPECIFIED.,.F.,.F.,(4,1,4),(0.,0.5,0.999980955454),.UNSPECIFIED.);
#1897 = CARTESIAN_POINT('',(-0.775151859103,-4.33979215295E-02,
    4.600002722319));
#1898 = CARTESIAN_POINT('',(-0.78758516703,-8.591010960394E-03,
    4.600002722319));
#1899 = CARTESIAN_POINT('',(-0.812451309311,6.102148441418E-02,
    4.600002722319));
#1900 = CARTESIAN_POINT('',(-0.837317451591,0.130633979789,
    4.600002722319));
#1901 = CARTESIAN_POINT('',(-0.849751706664,0.165443541885,
    4.600002722319));
#1902 = B_SPLINE_SURFACE_WITH_KNOTS('',1,1,(
    (#1903,#1904)
    ,(#1905,#1906
    )),.UNSPECIFIED.,.F.,.F.,.F.,(2,2),(2,2),(0.,0.221765403292),(0.,
    1.E-02),.PIECEWISE_BEZIER_KNOTS.);
#1903 = CARTESIAN_POINT('',(-0.775151859103,-4.33979215295E-02,
    4.600002722319));
#1904 = CARTESIAN_POINT('',(-0.775151859103,-4.33979215295E-02,
    4.610002722319));
#1905 = CARTESIAN_POINT('',(-0.849751706664,0.165443541885,
    4.600002722319));
#1906 = CARTESIAN_POINT('',(-0.849751706664,0.165443541885,
    4.610002722319));
#1907 = ADVANCED_FACE('',(#1908),#1927,.T.);
#1908 = FACE_BOUND('',#1909,.T.);
#1909 = EDGE_LOOP('',(#1910,#1911,#1912,#1919));
#1910 = ORIENTED_EDGE('',*,*,#1888,.F.);
#1911 = ORIENTED_EDGE('',*,*,#1857,.F.);
#1912 = ORIENTED_EDGE('',*,*,#1913,.T.);
#1913 = EDGE_CURVE('',#1848,#1914,#1916,.T.);
#1914 = VERTEX_POINT('',#1915);
#1915 = CARTESIAN_POINT('',(-0.942358413982,-4.33979215295E-02,
    4.600002722319));
#1916 = B_SPLINE_CURVE_WITH_KNOTS('',1,(#1917,#1918),.UNSPECIFIED.,.F.,
  .F.,(2,2),(-1.E-02,0.),.PIECEWISE_BEZIER_KNOTS.);
#1917 = CARTESIAN_POINT('',(-0.942358413982,-4.33979215295E-02,
    4.610002722319));
#1918 = CARTESIAN_POINT('',(-0.942358413982,-4.33979215295E-02,
    4.600002722319));
#1919 = ORIENTED_EDGE('',*,*,#1920,.T.);
#1920 = EDGE_CURVE('',#1914,#1889,#1921,.T.);
#1921 = B_SPLINE_CURVE_WITH_KNOTS('',3,(#1922,#1923,#1924,#1925,#1926),
  .UNSPECIFIED.,.F.,.F.,(4,1,4),(0.,0.5,0.999996824634),.UNSPECIFIED.);
#1922 = CARTESIAN_POINT('',(-0.942358413982,-4.33979215295E-02,
    4.600002722319));
#1923 = CARTESIAN_POINT('',(-0.914490654835,-4.33979215295E-02,
    4.600002722319));
#1924 = CARTESIAN_POINT('',(-0.858755136542,-4.33979215295E-02,
    4.600002722319));
#1925 = CARTESIAN_POINT('',(-0.80301961825,-4.33979215295E-02,
    4.600002722319));
#1926 = CARTESIAN_POINT('',(-0.775151859103,-4.33979215295E-02,
    4.600002722319));
#1927 = B_SPLINE_SURFACE_WITH_KNOTS('',1,1,(
    (#1928,#1929)
    ,(#1930,#1931
    )),.UNSPECIFIED.,.F.,.F.,.F.,(2,2),(2,2),(0.,0.167206554878),(0.,
    1.E-02),.PIECEWISE_BEZIER_KNOTS.);
#1928 = CARTESIAN_POINT('',(-0.942358413982,-4.33979215295E-02,
    4.600002722319));
#1929 = CARTESIAN_POINT('',(-0.942358413982,-4.33979215295E-02,
    4.610002722319));
#1930 = CARTESIAN_POINT('',(-0.775151859103,-4.33979215295E-02,
    4.600002722319));
#1931 = CARTESIAN_POINT('',(-0.775151859103,-4.33979215295E-02,
    4.610002722319));
#1932 = ADVANCED_FACE('',(#1933),#1952,.T.);
#1933 = FACE_BOUND('',#1934,.T.);
#1934 = EDGE_LOOP('',(#1935,#1936,#1937,#1944));
#1935 = ORIENTED_EDGE('',*,*,#1913,.F.);
#1936 = ORIENTED_EDGE('',*,*,#1847,.F.);
#1937 = ORIENTED_EDGE('',*,*,#1938,.T.);
#1938 = EDGE_CURVE('',#1838,#1939,#1941,.T.);
#1939 = VERTEX_POINT('',#1940);
#1940 = CARTESIAN_POINT('',(-0.867091645689,0.165443541885,
    4.600002722319));
#1941 = B_SPLINE_CURVE_WITH_KNOTS('',1,(#1942,#1943),.UNSPECIFIED.,.F.,
  .F.,(2,2),(-1.E-02,0.),.PIECEWISE_BEZIER_KNOTS.);
#1942 = CARTESIAN_POINT('',(-0.867091645689,0.165443541885,
    4.610002722319));
#1943 = CARTESIAN_POINT('',(-0.867091645689,0.165443541885,
    4.600002722319));
#1944 = ORIENTED_EDGE('',*,*,#1945,.T.);
#1945 = EDGE_CURVE('',#1939,#1914,#1946,.T.);
#1946 = B_SPLINE_CURVE_WITH_KNOTS('',3,(#1947,#1948,#1949,#1950,#1951),
  .UNSPECIFIED.,.F.,.F.,(4,1,4),(0.,0.5,0.999997605839),.UNSPECIFIED.);
#1947 = CARTESIAN_POINT('',(-0.867091645689,0.165443541885,
    4.600002722319));
#1948 = CARTESIAN_POINT('',(-0.879636107071,0.130636631316,
    4.600002722319));
#1949 = CARTESIAN_POINT('',(-0.904725029835,6.102281017782E-02,
    4.600002722319));
#1950 = CARTESIAN_POINT('',(-0.929813952599,-8.591010960394E-03,
    4.600002722319));
#1951 = CARTESIAN_POINT('',(-0.942358413982,-4.33979215295E-02,
    4.600002722319));
#1952 = B_SPLINE_SURFACE_WITH_KNOTS('',1,1,(
    (#1953,#1954)
    ,(#1955,#1956
    )),.UNSPECIFIED.,.F.,.F.,.F.,(2,2),(2,2),(0.,0.221990637754),(0.,
    1.E-02),.PIECEWISE_BEZIER_KNOTS.);
#1953 = CARTESIAN_POINT('',(-0.867091645689,0.165443541885,
    4.600002722319));
#1954 = CARTESIAN_POINT('',(-0.867091645689,0.165443541885,
    4.610002722319));
#1955 = CARTESIAN_POINT('',(-0.942358413982,-4.33979215295E-02,
    4.600002722319));
#1956 = CARTESIAN_POINT('',(-0.942358413982,-4.33979215295E-02,
    4.610002722319));
#1957 = ADVANCED_FACE('',(#1958),#1977,.T.);
#1958 = FACE_BOUND('',#1959,.T.);
#1959 = EDGE_LOOP('',(#1960,#1961,#1962,#1969));
#1960 = ORIENTED_EDGE('',*,*,#1938,.F.);
#1961 = ORIENTED_EDGE('',*,*,#1837,.F.);
#1962 = ORIENTED_EDGE('',*,*,#1963,.T.);
#1963 = EDGE_CURVE('',#1828,#1964,#1966,.T.);
#1964 = VERTEX_POINT('',#1965);
#1965 = CARTESIAN_POINT('',(-0.857754755445,0.200504517495,
    4.600002722319));
#1966 = B_SPLINE_CURVE_WITH_KNOTS('',1,(#1967,#1968),.UNSPECIFIED.,.F.,
  .F.,(2,2),(-1.E-02,0.),.PIECEWISE_BEZIER_KNOTS.);
#1967 = CARTESIAN_POINT('',(-0.857754755445,0.200504517495,
    4.610002722319));
#1968 = CARTESIAN_POINT('',(-0.857754755445,0.200504517495,
    4.600002722319));
#1969 = ORIENTED_EDGE('',*,*,#1970,.T.);
#1970 = EDGE_CURVE('',#1964,#1939,#1971,.T.);
#1971 = B_SPLINE_CURVE_WITH_KNOTS('',3,(#1972,#1973,#1974,#1975,#1976),
  .UNSPECIFIED.,.F.,.F.,(4,1,4),(0.,0.445878683459,0.999875930168),
  .UNSPECIFIED.);
#1972 = CARTESIAN_POINT('',(-0.857754755445,0.200504517495,
    4.600002722319));
#1973 = CARTESIAN_POINT('',(-0.85928588211,0.195332025009,4.600002722319
    ));
#1974 = CARTESIAN_POINT('',(-0.862719409559,0.183732792018,
    4.600002722319));
#1975 = CARTESIAN_POINT('',(-0.865532180565,0.171966973253,
    4.600002722319));
#1976 = CARTESIAN_POINT('',(-0.867091645689,0.165443541885,
    4.600002722319));
#1977 = B_SPLINE_SURFACE_WITH_KNOTS('',3,1,(
    (#1978,#1979)
    ,(#1980,#1981)
    ,(#1982,#1983)
    ,(#1984,#1985)
    ,(#1986,#1987
    )),.UNSPECIFIED.,.F.,.F.,.F.,(4,1,4),(2,2),(0.,0.445878683459,1.),(
    0.,1.),.UNSPECIFIED.);
#1978 = CARTESIAN_POINT('',(-0.857754755445,0.200504517495,
    4.600002722319));
#1979 = CARTESIAN_POINT('',(-0.857754755445,0.200504517495,
    4.610002722319));
#1980 = CARTESIAN_POINT('',(-0.85928588211,0.195332025009,4.600002722319
    ));
#1981 = CARTESIAN_POINT('',(-0.85928588211,0.195332025009,4.610002722319
    ));
#1982 = CARTESIAN_POINT('',(-0.862719835609,0.183731352725,
    4.600002722319));
#1983 = CARTESIAN_POINT('',(-0.862719835609,0.183731352725,
    4.610002722319));
#1984 = CARTESIAN_POINT('',(-0.865532878602,0.171964053322,
    4.600002722319));
#1985 = CARTESIAN_POINT('',(-0.865532878602,0.171964053322,
    4.610002722319));
#1986 = CARTESIAN_POINT('',(-0.867091645689,0.165443541885,
    4.600002722319));
#1987 = CARTESIAN_POINT('',(-0.867091645689,0.165443541885,
    4.610002722319));
#1988 = ADVANCED_FACE('',(#1989),#2002,.T.);
#1989 = FACE_BOUND('',#1990,.T.);
#1990 = EDGE_LOOP('',(#1991,#1992,#1993,#2001));
#1991 = ORIENTED_EDGE('',*,*,#1827,.F.);
#1992 = ORIENTED_EDGE('',*,*,#1880,.T.);
#1993 = ORIENTED_EDGE('',*,*,#1994,.T.);
#1994 = EDGE_CURVE('',#1881,#1964,#1995,.T.);
#1995 = B_SPLINE_CURVE_WITH_KNOTS('',3,(#1996,#1997,#1998,#1999,#2000),
  .UNSPECIFIED.,.F.,.F.,(4,1,4),(0.,0.439928498486,1.),.UNSPECIFIED.);
#1996 = CARTESIAN_POINT('',(-0.849751706664,0.165443541885,
    4.600002722319));
#1997 = CARTESIAN_POINT('',(-0.851309816332,0.170494875544,
    4.600002722319));
#1998 = CARTESIAN_POINT('',(-0.85485155021,0.181977045208,4.600002722319
    ));
#1999 = CARTESIAN_POINT('',(-0.856712493912,0.193853085677,
    4.600002722319));
#2000 = CARTESIAN_POINT('',(-0.857754755445,0.200504517495,
    4.600002722319));
#2001 = ORIENTED_EDGE('',*,*,#1963,.F.);
#2002 = B_SPLINE_SURFACE_WITH_KNOTS('',3,1,(
    (#2003,#2004)
    ,(#2005,#2006)
    ,(#2007,#2008)
    ,(#2009,#2010)
    ,(#2011,#2012
    )),.UNSPECIFIED.,.F.,.F.,.F.,(4,1,4),(2,2),(0.,0.439928498486,1.),(
    0.,1.),.UNSPECIFIED.);
#2003 = CARTESIAN_POINT('',(-0.849751706664,0.165443541885,
    4.600002722319));
#2004 = CARTESIAN_POINT('',(-0.849751706664,0.165443541885,
    4.610002722319));
#2005 = CARTESIAN_POINT('',(-0.851309816332,0.170494875544,
    4.600002722319));
#2006 = CARTESIAN_POINT('',(-0.851309816332,0.170494875544,
    4.610002722319));
#2007 = CARTESIAN_POINT('',(-0.85485155021,0.181977045208,4.600002722319
    ));
#2008 = CARTESIAN_POINT('',(-0.85485155021,0.181977045208,4.610002722319
    ));
#2009 = CARTESIAN_POINT('',(-0.856712493912,0.193853085677,
    4.600002722319));
#2010 = CARTESIAN_POINT('',(-0.856712493912,0.193853085677,
    4.610002722319));
#2011 = CARTESIAN_POINT('',(-0.857754755445,0.200504517495,
    4.600002722319));
#2012 = CARTESIAN_POINT('',(-0.857754755445,0.200504517495,
    4.610002722319));
#2013 = ADVANCED_FACE('',(#2014),#2036,.T.);
#2014 = FACE_BOUND('',#2015,.T.);
#2015 = EDGE_LOOP('',(#2016,#2023,#2024,#2031));
#2016 = ORIENTED_EDGE('',*,*,#2017,.T.);
#2017 = EDGE_CURVE('',#2018,#443,#2020,.T.);
#2018 = VERTEX_POINT('',#2019);
#2019 = CARTESIAN_POINT('',(-0.198360700567,0.261480127251,
    4.610002722319));
#2020 = B_SPLINE_CURVE_WITH_KNOTS('',1,(#2021,#2022),.UNSPECIFIED.,.F.,
  .F.,(2,2),(-1.E-02,0.),.PIECEWISE_BEZIER_KNOTS.);
#2021 = CARTESIAN_POINT('',(-0.198360700567,0.261480127251,
    4.610002722319));
#2022 = CARTESIAN_POINT('',(-0.198360700567,0.261480127251,
    4.600002722319));
#2023 = ORIENTED_EDGE('',*,*,#442,.T.);
#2024 = ORIENTED_EDGE('',*,*,#2025,.F.);
#2025 = EDGE_CURVE('',#2026,#431,#2028,.T.);
#2026 = VERTEX_POINT('',#2027);
#2027 = CARTESIAN_POINT('',(-0.198360700567,-0.238519872749,
    4.610002722319));
#2028 = B_SPLINE_CURVE_WITH_KNOTS('',1,(#2029,#2030),.UNSPECIFIED.,.F.,
  .F.,(2,2),(-1.E-02,0.),.PIECEWISE_BEZIER_KNOTS.);
#2029 = CARTESIAN_POINT('',(-0.198360700567,-0.238519872749,
    4.610002722319));
#2030 = CARTESIAN_POINT('',(-0.198360700567,-0.238519872749,
    4.600002722319));
#2031 = ORIENTED_EDGE('',*,*,#2032,.F.);
#2032 = EDGE_CURVE('',#2018,#2026,#2033,.T.);
#2033 = B_SPLINE_CURVE_WITH_KNOTS('',1,(#2034,#2035),.UNSPECIFIED.,.F.,
  .F.,(2,2),(3.263519872749,3.763519872749),.PIECEWISE_BEZIER_KNOTS.);
#2034 = CARTESIAN_POINT('',(-0.198360700567,0.261480127251,
    4.610002722319));
#2035 = CARTESIAN_POINT('',(-0.198360700567,-0.238519872749,
    4.610002722319));
#2036 = B_SPLINE_SURFACE_WITH_KNOTS('',1,1,(
    (#2037,#2038)
    ,(#2039,#2040
    )),.UNSPECIFIED.,.F.,.F.,.F.,(2,2),(2,2),(0.,0.5),(0.,1.E-02),
  .PIECEWISE_BEZIER_KNOTS.);
#2037 = CARTESIAN_POINT('',(-0.198360700567,0.261480127251,
    4.600002722319));
#2038 = CARTESIAN_POINT('',(-0.198360700567,0.261480127251,
    4.610002722319));
#2039 = CARTESIAN_POINT('',(-0.198360700567,-0.238519872749,
    4.600002722319));
#2040 = CARTESIAN_POINT('',(-0.198360700567,-0.238519872749,
    4.610002722319));
#2041 = ADVANCED_FACE('',(#2042),#2058,.T.);
#2042 = FACE_BOUND('',#2043,.T.);
#2043 = EDGE_LOOP('',(#2044,#2045,#2046,#2053));
#2044 = ORIENTED_EDGE('',*,*,#2025,.T.);
#2045 = ORIENTED_EDGE('',*,*,#430,.T.);
#2046 = ORIENTED_EDGE('',*,*,#2047,.F.);
#2047 = EDGE_CURVE('',#2048,#433,#2050,.T.);
#2048 = VERTEX_POINT('',#2049);
#2049 = CARTESIAN_POINT('',(-0.334317255445,-0.238519872749,
    4.610002722319));
#2050 = B_SPLINE_CURVE_WITH_KNOTS('',1,(#2051,#2052),.UNSPECIFIED.,.F.,
  .F.,(2,2),(-1.E-02,0.),.PIECEWISE_BEZIER_KNOTS.);
#2051 = CARTESIAN_POINT('',(-0.334317255445,-0.238519872749,
    4.610002722319));
#2052 = CARTESIAN_POINT('',(-0.334317255445,-0.238519872749,
    4.600002722319));
#2053 = ORIENTED_EDGE('',*,*,#2054,.F.);
#2054 = EDGE_CURVE('',#2026,#2048,#2055,.T.);
#2055 = B_SPLINE_CURVE_WITH_KNOTS('',1,(#2056,#2057),.UNSPECIFIED.,.F.,
  .F.,(2,2),(-9.126639299433,-8.990682744555),.PIECEWISE_BEZIER_KNOTS.);
#2056 = CARTESIAN_POINT('',(-0.198360700567,-0.238519872749,
    4.610002722319));
#2057 = CARTESIAN_POINT('',(-0.334317255445,-0.238519872749,
    4.610002722319));
#2058 = B_SPLINE_SURFACE_WITH_KNOTS('',1,1,(
    (#2059,#2060)
    ,(#2061,#2062
    )),.UNSPECIFIED.,.F.,.F.,.F.,(2,2),(2,2),(0.,0.135956554878),(0.,
    1.E-02),.PIECEWISE_BEZIER_KNOTS.);
#2059 = CARTESIAN_POINT('',(-0.198360700567,-0.238519872749,
    4.600002722319));
#2060 = CARTESIAN_POINT('',(-0.198360700567,-0.238519872749,
    4.610002722319));
#2061 = CARTESIAN_POINT('',(-0.334317255445,-0.238519872749,
    4.600002722319));
#2062 = CARTESIAN_POINT('',(-0.334317255445,-0.238519872749,
    4.610002722319));
#2063 = ADVANCED_FACE('',(#2064),#2083,.F.);
#2064 = FACE_BOUND('',#2065,.F.);
#2065 = EDGE_LOOP('',(#2066,#2076,#2081,#2082));
#2066 = ORIENTED_EDGE('',*,*,#2067,.T.);
#2067 = EDGE_CURVE('',#2048,#2068,#2070,.T.);
#2068 = VERTEX_POINT('',#2069);
#2069 = CARTESIAN_POINT('',(-0.600799724957,1.776823700709E-02,
    4.610002722319));
#2070 = B_SPLINE_CURVE_WITH_KNOTS('',3,(#2071,#2072,#2073,#2074,#2075),
  .UNSPECIFIED.,.F.,.F.,(4,1,4),(0.,0.444969328518,1.),.UNSPECIFIED.);
#2071 = CARTESIAN_POINT('',(-0.334317255445,-0.238519872749,
    4.610002722319));
#2072 = CARTESIAN_POINT('',(-0.398695263216,-0.229010220623,
    4.610002722319));
#2073 = CARTESIAN_POINT('',(-0.5433749156,-0.207638742822,4.610002722319
    ));
#2074 = CARTESIAN_POINT('',(-0.580303325059,-6.26853448197E-02,
    4.610002722319));
#2075 = CARTESIAN_POINT('',(-0.600799724957,1.776823700709E-02,
    4.610002722319));
#2076 = ORIENTED_EDGE('',*,*,#2077,.T.);
#2077 = EDGE_CURVE('',#2068,#463,#2078,.T.);
#2078 = B_SPLINE_CURVE_WITH_KNOTS('',1,(#2079,#2080),.UNSPECIFIED.,.F.,
  .F.,(2,2),(-1.E-02,0.),.PIECEWISE_BEZIER_KNOTS.);
#2079 = CARTESIAN_POINT('',(-0.600799724957,1.776823700709E-02,
    4.610002722319));
#2080 = CARTESIAN_POINT('',(-0.600799724957,1.776823700709E-02,
    4.600002722319));
#2081 = ORIENTED_EDGE('',*,*,#472,.F.);
#2082 = ORIENTED_EDGE('',*,*,#2047,.F.);
#2083 = B_SPLINE_SURFACE_WITH_KNOTS('',3,1,(
    (#2084,#2085)
    ,(#2086,#2087)
    ,(#2088,#2089)
    ,(#2090,#2091)
    ,(#2092,#2093
    )),.UNSPECIFIED.,.F.,.F.,.F.,(4,1,4),(2,2),(0.,0.555030671482,1.),(
    0.,1.),.UNSPECIFIED.);
#2084 = CARTESIAN_POINT('',(-0.600799724957,1.776823700709E-02,
    4.600002722319));
#2085 = CARTESIAN_POINT('',(-0.600799724957,1.776823700709E-02,
    4.610002722319));
#2086 = CARTESIAN_POINT('',(-0.580303325059,-6.26853448197E-02,
    4.600002722319));
#2087 = CARTESIAN_POINT('',(-0.580303325059,-6.26853448197E-02,
    4.610002722319));
#2088 = CARTESIAN_POINT('',(-0.5433749156,-0.207638742822,4.600002722319
    ));
#2089 = CARTESIAN_POINT('',(-0.5433749156,-0.207638742822,4.610002722319
    ));
#2090 = CARTESIAN_POINT('',(-0.398695263216,-0.229010220623,
    4.600002722319));
#2091 = CARTESIAN_POINT('',(-0.398695263216,-0.229010220623,
    4.610002722319));
#2092 = CARTESIAN_POINT('',(-0.334317255445,-0.238519872749,
    4.600002722319));
#2093 = CARTESIAN_POINT('',(-0.334317255445,-0.238519872749,
    4.610002722319));
#2094 = ADVANCED_FACE('',(#2095),#2114,.F.);
#2095 = FACE_BOUND('',#2096,.F.);
#2096 = EDGE_LOOP('',(#2097,#2107,#2112,#2113));
#2097 = ORIENTED_EDGE('',*,*,#2098,.T.);
#2098 = EDGE_CURVE('',#2068,#2099,#2101,.T.);
#2099 = VERTEX_POINT('',#2100);
#2100 = CARTESIAN_POINT('',(-0.339462072518,0.261480127251,
    4.610002722319));
#2101 = B_SPLINE_CURVE_WITH_KNOTS('',3,(#2102,#2103,#2104,#2105,#2106),
  .UNSPECIFIED.,.F.,.F.,(4,1,4),(0.,0.441155726213,1.),.UNSPECIFIED.);
#2102 = CARTESIAN_POINT('',(-0.600799724957,1.776823700709E-02,
    4.610002722319));
#2103 = CARTESIAN_POINT('',(-0.588652289085,7.89787822148E-02,
    4.610002722319));
#2104 = CARTESIAN_POINT('',(-0.561116806375,0.217729208812,
    4.610002722319));
#2105 = CARTESIAN_POINT('',(-0.41892509577,0.245795462237,4.610002722319
    ));
#2106 = CARTESIAN_POINT('',(-0.339462072518,0.261480127251,
    4.610002722319));
#2107 = ORIENTED_EDGE('',*,*,#2108,.T.);
#2108 = EDGE_CURVE('',#2099,#453,#2109,.T.);
#2109 = B_SPLINE_CURVE_WITH_KNOTS('',1,(#2110,#2111),.UNSPECIFIED.,.F.,
  .F.,(2,2),(-1.E-02,0.),.PIECEWISE_BEZIER_KNOTS.);
#2110 = CARTESIAN_POINT('',(-0.339462072518,0.261480127251,
    4.610002722319));
#2111 = CARTESIAN_POINT('',(-0.339462072518,0.261480127251,
    4.600002722319));
#2112 = ORIENTED_EDGE('',*,*,#462,.F.);
#2113 = ORIENTED_EDGE('',*,*,#2077,.F.);
#2114 = B_SPLINE_SURFACE_WITH_KNOTS('',3,1,(
    (#2115,#2116)
    ,(#2117,#2118)
    ,(#2119,#2120)
    ,(#2121,#2122)
    ,(#2123,#2124
    )),.UNSPECIFIED.,.F.,.F.,.F.,(4,1,4),(2,2),(0.,0.558844273787,1.),(
    0.,1.),.UNSPECIFIED.);
#2115 = CARTESIAN_POINT('',(-0.339462072518,0.261480127251,
    4.600002722319));
#2116 = CARTESIAN_POINT('',(-0.339462072518,0.261480127251,
    4.610002722319));
#2117 = CARTESIAN_POINT('',(-0.41892509577,0.245795462237,4.600002722319
    ));
#2118 = CARTESIAN_POINT('',(-0.41892509577,0.245795462237,4.610002722319
    ));
#2119 = CARTESIAN_POINT('',(-0.561116806375,0.217729208812,
    4.600002722319));
#2120 = CARTESIAN_POINT('',(-0.561116806375,0.217729208812,
    4.610002722319));
#2121 = CARTESIAN_POINT('',(-0.588652289085,7.89787822148E-02,
    4.600002722319));
#2122 = CARTESIAN_POINT('',(-0.588652289085,7.89787822148E-02,
    4.610002722319));
#2123 = CARTESIAN_POINT('',(-0.600799724957,1.776823700709E-02,
    4.600002722319));
#2124 = CARTESIAN_POINT('',(-0.600799724957,1.776823700709E-02,
    4.610002722319));
#2125 = ADVANCED_FACE('',(#2126),#2136,.T.);
#2126 = FACE_BOUND('',#2127,.T.);
#2127 = EDGE_LOOP('',(#2128,#2133,#2134,#2135));
#2128 = ORIENTED_EDGE('',*,*,#2129,.F.);
#2129 = EDGE_CURVE('',#2099,#2018,#2130,.T.);
#2130 = B_SPLINE_CURVE_WITH_KNOTS('',1,(#2131,#2132),.UNSPECIFIED.,.F.,
  .F.,(2,2),(8.985537927482,9.126639299433),.PIECEWISE_BEZIER_KNOTS.);
#2131 = CARTESIAN_POINT('',(-0.339462072518,0.261480127251,
    4.610002722319));
#2132 = CARTESIAN_POINT('',(-0.198360700567,0.261480127251,
    4.610002722319));
#2133 = ORIENTED_EDGE('',*,*,#2108,.T.);
#2134 = ORIENTED_EDGE('',*,*,#452,.T.);
#2135 = ORIENTED_EDGE('',*,*,#2017,.F.);
#2136 = B_SPLINE_SURFACE_WITH_KNOTS('',1,1,(
    (#2137,#2138)
    ,(#2139,#2140
    )),.UNSPECIFIED.,.F.,.F.,.F.,(2,2),(2,2),(-6.661338147751E-16,
    0.141101371951),(0.,1.E-02),.PIECEWISE_BEZIER_KNOTS.);
#2137 = CARTESIAN_POINT('',(-0.339462072518,0.261480127251,
    4.600002722319));
#2138 = CARTESIAN_POINT('',(-0.339462072518,0.261480127251,
    4.610002722319));
#2139 = CARTESIAN_POINT('',(-0.198360700567,0.261480127251,
    4.600002722319));
#2140 = CARTESIAN_POINT('',(-0.198360700567,0.261480127251,
    4.610002722319));
#2141 = ADVANCED_FACE('',(#2142,#2185),#2192,.F.);
#2142 = FACE_BOUND('',#2143,.T.);
#2143 = EDGE_LOOP('',(#2144,#2156,#2166,#2173,#2180));
#2144 = ORIENTED_EDGE('',*,*,#2145,.T.);
#2145 = EDGE_CURVE('',#2146,#2148,#2150,.T.);
#2146 = VERTEX_POINT('',#2147);
#2147 = CARTESIAN_POINT('',(-0.339176249347,0.20660207847,4.610002722319
    ));
#2148 = VERTEX_POINT('',#2149);
#2149 = CARTESIAN_POINT('',(-0.533726554225,1.633912115343E-02,
    4.610002722319));
#2150 = B_SPLINE_CURVE_WITH_KNOTS('',3,(#2151,#2152,#2153,#2154,#2155),
  .UNSPECIFIED.,.F.,.F.,(4,1,4),(0.,0.445607266854,1.),.UNSPECIFIED.);
#2151 = CARTESIAN_POINT('',(-0.339176249347,0.20660207847,4.610002722319
    ));
#2152 = CARTESIAN_POINT('',(-0.387548145144,0.200398256476,
    4.610002722319));
#2153 = CARTESIAN_POINT('',(-0.496100898645,0.186476082275,
    4.610002722319));
#2154 = CARTESIAN_POINT('',(-0.520306914781,7.702050036604E-02,
    4.610002722319));
#2155 = CARTESIAN_POINT('',(-0.533726554225,1.633912115343E-02,
    4.610002722319));
#2156 = ORIENTED_EDGE('',*,*,#2157,.T.);
#2157 = EDGE_CURVE('',#2148,#2158,#2160,.T.);
#2158 = VERTEX_POINT('',#2159);
#2159 = CARTESIAN_POINT('',(-0.33641329203,-0.183641823969,
    4.610002722319));
#2160 = B_SPLINE_CURVE_WITH_KNOTS('',3,(#2161,#2162,#2163,#2164,#2165),
  .UNSPECIFIED.,.F.,.F.,(4,1,4),(0.,0.444566447868,1.),.UNSPECIFIED.);
#2161 = CARTESIAN_POINT('',(-0.533726554225,1.633912115343E-02,
    4.610002722319));
#2162 = CARTESIAN_POINT('',(-0.527242040594,-3.351838595702E-02,
    4.610002722319));
#2163 = CARTESIAN_POINT('',(-0.512655888935,-0.145666991299,
    4.610002722319));
#2164 = CARTESIAN_POINT('',(-0.399348189829,-0.170081298563,
    4.610002722319));
#2165 = CARTESIAN_POINT('',(-0.33641329203,-0.183641823969,
    4.610002722319));
#2166 = ORIENTED_EDGE('',*,*,#2167,.T.);
#2167 = EDGE_CURVE('',#2158,#2168,#2170,.T.);
#2168 = VERTEX_POINT('',#2169);
#2169 = CARTESIAN_POINT('',(-0.265433871299,-0.183641823969,
    4.610002722319));
#2170 = B_SPLINE_CURVE_WITH_KNOTS('',1,(#2171,#2172),.UNSPECIFIED.,.F.,
  .F.,(2,2),(8.98858670797,9.059566128701),.PIECEWISE_BEZIER_KNOTS.);
#2171 = CARTESIAN_POINT('',(-0.33641329203,-0.183641823969,
    4.610002722319));
#2172 = CARTESIAN_POINT('',(-0.265433871299,-0.183641823969,
    4.610002722319));
#2173 = ORIENTED_EDGE('',*,*,#2174,.T.);
#2174 = EDGE_CURVE('',#2168,#2175,#2177,.T.);
#2175 = VERTEX_POINT('',#2176);
#2176 = CARTESIAN_POINT('',(-0.265433871299,0.20660207847,4.610002722319
    ));
#2177 = B_SPLINE_CURVE_WITH_KNOTS('',1,(#2178,#2179),.UNSPECIFIED.,.F.,
  .F.,(2,2),(-3.708641823969,-3.31839792153),.PIECEWISE_BEZIER_KNOTS.);
#2178 = CARTESIAN_POINT('',(-0.265433871299,-0.183641823969,
    4.610002722319));
#2179 = CARTESIAN_POINT('',(-0.265433871299,0.20660207847,4.610002722319
    ));
#2180 = ORIENTED_EDGE('',*,*,#2181,.T.);
#2181 = EDGE_CURVE('',#2175,#2146,#2182,.T.);
#2182 = B_SPLINE_CURVE_WITH_KNOTS('',1,(#2183,#2184),.UNSPECIFIED.,.F.,
  .F.,(2,2),(-9.059566128701,-8.985823750653),.PIECEWISE_BEZIER_KNOTS.);
#2183 = CARTESIAN_POINT('',(-0.265433871299,0.20660207847,4.610002722319
    ));
#2184 = CARTESIAN_POINT('',(-0.339176249347,0.20660207847,4.610002722319
    ));
#2185 = FACE_BOUND('',#2186,.T.);
#2186 = EDGE_LOOP('',(#2187,#2188,#2189,#2190,#2191));
#2187 = ORIENTED_EDGE('',*,*,#2098,.T.);
#2188 = ORIENTED_EDGE('',*,*,#2129,.T.);
#2189 = ORIENTED_EDGE('',*,*,#2032,.T.);
#2190 = ORIENTED_EDGE('',*,*,#2054,.T.);
#2191 = ORIENTED_EDGE('',*,*,#2067,.T.);
#2192 = B_SPLINE_SURFACE_WITH_KNOTS('',1,1,(
    (#2193,#2194)
    ,(#2195,#2196
    )),.UNSPECIFIED.,.F.,.F.,.F.,(2,2),(2,2),(8.724200275043,
    9.126639299433),(-3.763519872749,-3.263519872749),
  .PIECEWISE_BEZIER_KNOTS.);
#2193 = CARTESIAN_POINT('',(-0.600799724957,-0.238519872749,
    4.610002722319));
#2194 = CARTESIAN_POINT('',(-0.600799724957,0.261480127251,
    4.610002722319));
#2195 = CARTESIAN_POINT('',(-0.198360700567,-0.238519872749,
    4.610002722319));
#2196 = CARTESIAN_POINT('',(-0.198360700567,0.261480127251,
    4.610002722319));
#2197 = ADVANCED_FACE('',(#2198),#2223,.T.);
#2198 = FACE_BOUND('',#2199,.T.);
#2199 = EDGE_LOOP('',(#2200,#2207,#2208,#2215));
#2200 = ORIENTED_EDGE('',*,*,#2201,.F.);
#2201 = EDGE_CURVE('',#2148,#2202,#2204,.T.);
#2202 = VERTEX_POINT('',#2203);
#2203 = CARTESIAN_POINT('',(-0.533726554225,1.633912115343E-02,
    4.600002722319));
#2204 = B_SPLINE_CURVE_WITH_KNOTS('',1,(#2205,#2206),.UNSPECIFIED.,.F.,
  .F.,(2,2),(-1.E-02,0.),.PIECEWISE_BEZIER_KNOTS.);
#2205 = CARTESIAN_POINT('',(-0.533726554225,1.633912115343E-02,
    4.610002722319));
#2206 = CARTESIAN_POINT('',(-0.533726554225,1.633912115343E-02,
    4.600002722319));
#2207 = ORIENTED_EDGE('',*,*,#2145,.F.);
#2208 = ORIENTED_EDGE('',*,*,#2209,.T.);
#2209 = EDGE_CURVE('',#2146,#2210,#2212,.T.);
#2210 = VERTEX_POINT('',#2211);
#2211 = CARTESIAN_POINT('',(-0.339176249347,0.20660207847,4.600002722319
    ));
#2212 = B_SPLINE_CURVE_WITH_KNOTS('',1,(#2213,#2214),.UNSPECIFIED.,.F.,
  .F.,(2,2),(-1.E-02,0.),.PIECEWISE_BEZIER_KNOTS.);
#2213 = CARTESIAN_POINT('',(-0.339176249347,0.20660207847,4.610002722319
    ));
#2214 = CARTESIAN_POINT('',(-0.339176249347,0.20660207847,4.600002722319
    ));
#2215 = ORIENTED_EDGE('',*,*,#2216,.T.);
#2216 = EDGE_CURVE('',#2210,#2202,#2217,.T.);
#2217 = B_SPLINE_CURVE_WITH_KNOTS('',3,(#2218,#2219,#2220,#2221,#2222),
  .UNSPECIFIED.,.F.,.F.,(4,1,4),(0.,0.445607266854,0.999998175393),
  .UNSPECIFIED.);
#2218 = CARTESIAN_POINT('',(-0.339176249347,0.20660207847,4.600002722319
    ));
#2219 = CARTESIAN_POINT('',(-0.387548145144,0.200398256476,
    4.600002722319));
#2220 = CARTESIAN_POINT('',(-0.496100898645,0.186476082275,
    4.600002722319));
#2221 = CARTESIAN_POINT('',(-0.520306914781,7.702050036604E-02,
    4.600002722319));
#2222 = CARTESIAN_POINT('',(-0.533726554225,1.633912115343E-02,
    4.600002722319));
#2223 = B_SPLINE_SURFACE_WITH_KNOTS('',3,1,(
    (#2224,#2225)
    ,(#2226,#2227)
    ,(#2228,#2229)
    ,(#2230,#2231)
    ,(#2232,#2233
    )),.UNSPECIFIED.,.F.,.F.,.F.,(4,1,4),(2,2),(0.,0.445607266854,1.),(
    0.,1.),.UNSPECIFIED.);
#2224 = CARTESIAN_POINT('',(-0.339176249347,0.20660207847,4.600002722319
    ));
#2225 = CARTESIAN_POINT('',(-0.339176249347,0.20660207847,4.610002722319
    ));
#2226 = CARTESIAN_POINT('',(-0.387548145144,0.200398256476,
    4.600002722319));
#2227 = CARTESIAN_POINT('',(-0.387548145144,0.200398256476,
    4.610002722319));
#2228 = CARTESIAN_POINT('',(-0.496100898645,0.186476082275,
    4.600002722319));
#2229 = CARTESIAN_POINT('',(-0.496100898645,0.186476082275,
    4.610002722319));
#2230 = CARTESIAN_POINT('',(-0.520306914781,7.702050036604E-02,
    4.600002722319));
#2231 = CARTESIAN_POINT('',(-0.520306914781,7.702050036604E-02,
    4.610002722319));
#2232 = CARTESIAN_POINT('',(-0.533726554225,1.633912115343E-02,
    4.600002722319));
#2233 = CARTESIAN_POINT('',(-0.533726554225,1.633912115343E-02,
    4.610002722319));
#2234 = ADVANCED_FACE('',(#2235),#2254,.T.);
#2235 = FACE_BOUND('',#2236,.T.);
#2236 = EDGE_LOOP('',(#2237,#2238,#2239,#2246));
#2237 = ORIENTED_EDGE('',*,*,#2209,.F.);
#2238 = ORIENTED_EDGE('',*,*,#2181,.F.);
#2239 = ORIENTED_EDGE('',*,*,#2240,.T.);
#2240 = EDGE_CURVE('',#2175,#2241,#2243,.T.);
#2241 = VERTEX_POINT('',#2242);
#2242 = CARTESIAN_POINT('',(-0.265433871299,0.20660207847,4.600002722319
    ));
#2243 = B_SPLINE_CURVE_WITH_KNOTS('',1,(#2244,#2245),.UNSPECIFIED.,.F.,
  .F.,(2,2),(-1.E-02,0.),.PIECEWISE_BEZIER_KNOTS.);
#2244 = CARTESIAN_POINT('',(-0.265433871299,0.20660207847,4.610002722319
    ));
#2245 = CARTESIAN_POINT('',(-0.265433871299,0.20660207847,4.600002722319
    ));
#2246 = ORIENTED_EDGE('',*,*,#2247,.T.);
#2247 = EDGE_CURVE('',#2241,#2210,#2248,.T.);
#2248 = B_SPLINE_CURVE_WITH_KNOTS('',3,(#2249,#2250,#2251,#2252,#2253),
  .UNSPECIFIED.,.F.,.F.,(4,1,4),(0.,0.5,0.999990302469),.UNSPECIFIED.);
#2249 = CARTESIAN_POINT('',(-0.265433871299,0.20660207847,4.600002722319
    ));
#2250 = CARTESIAN_POINT('',(-0.27772426764,0.20660207847,4.600002722319)
  );
#2251 = CARTESIAN_POINT('',(-0.30230482195,0.20660207847,4.600002722319)
  );
#2252 = CARTESIAN_POINT('',(-0.32688537626,0.20660207847,4.600002722319)
  );
#2253 = CARTESIAN_POINT('',(-0.339176249347,0.20660207847,4.600002722319
    ));
#2254 = B_SPLINE_SURFACE_WITH_KNOTS('',1,1,(
    (#2255,#2256)
    ,(#2257,#2258
    )),.UNSPECIFIED.,.F.,.F.,.F.,(2,2),(2,2),(0.,7.374237804878E-02),(0.
    ,1.E-02),.PIECEWISE_BEZIER_KNOTS.);
#2255 = CARTESIAN_POINT('',(-0.265433871299,0.20660207847,4.600002722319
    ));
#2256 = CARTESIAN_POINT('',(-0.265433871299,0.20660207847,4.610002722319
    ));
#2257 = CARTESIAN_POINT('',(-0.339176249347,0.206602078471,
    4.600002722319));
#2258 = CARTESIAN_POINT('',(-0.339176249347,0.206602078471,
    4.610002722319));
#2259 = ADVANCED_FACE('',(#2260),#2279,.T.);
#2260 = FACE_BOUND('',#2261,.T.);
#2261 = EDGE_LOOP('',(#2262,#2263,#2264,#2271));
#2262 = ORIENTED_EDGE('',*,*,#2240,.F.);
#2263 = ORIENTED_EDGE('',*,*,#2174,.F.);
#2264 = ORIENTED_EDGE('',*,*,#2265,.T.);
#2265 = EDGE_CURVE('',#2168,#2266,#2268,.T.);
#2266 = VERTEX_POINT('',#2267);
#2267 = CARTESIAN_POINT('',(-0.265433871299,-0.183641823969,
    4.600002722319));
#2268 = B_SPLINE_CURVE_WITH_KNOTS('',1,(#2269,#2270),.UNSPECIFIED.,.F.,
  .F.,(2,2),(-1.E-02,0.),.PIECEWISE_BEZIER_KNOTS.);
#2269 = CARTESIAN_POINT('',(-0.265433871299,-0.183641823969,
    4.610002722319));
#2270 = CARTESIAN_POINT('',(-0.265433871299,-0.183641823969,
    4.600002722319));
#2271 = ORIENTED_EDGE('',*,*,#2272,.T.);
#2272 = EDGE_CURVE('',#2266,#2241,#2273,.T.);
#2273 = B_SPLINE_CURVE_WITH_KNOTS('',3,(#2274,#2275,#2276,#2277,#2278),
  .UNSPECIFIED.,.F.,.F.,(4,1,4),(0.,0.5,0.99999871875),.UNSPECIFIED.);
#2274 = CARTESIAN_POINT('',(-0.265433871299,-0.183641823969,
    4.600002722319));
#2275 = CARTESIAN_POINT('',(-0.265433871299,-0.118601173562,
    4.600002722319));
#2276 = CARTESIAN_POINT('',(-0.265433871299,1.148012725099E-02,
    4.600002722319));
#2277 = CARTESIAN_POINT('',(-0.265433871299,0.141561428064,
    4.600002722319));
#2278 = CARTESIAN_POINT('',(-0.265433871299,0.20660207847,4.600002722319
    ));
#2279 = B_SPLINE_SURFACE_WITH_KNOTS('',1,1,(
    (#2280,#2281)
    ,(#2282,#2283
    )),.UNSPECIFIED.,.F.,.F.,.F.,(2,2),(2,2),(0.,0.390243902439),(0.,
    1.E-02),.PIECEWISE_BEZIER_KNOTS.);
#2280 = CARTESIAN_POINT('',(-0.265433871299,-0.183641823969,
    4.600002722319));
#2281 = CARTESIAN_POINT('',(-0.265433871299,-0.183641823969,
    4.610002722319));
#2282 = CARTESIAN_POINT('',(-0.265433871299,0.20660207847,4.600002722319
    ));
#2283 = CARTESIAN_POINT('',(-0.265433871299,0.20660207847,4.610002722319
    ));
#2284 = ADVANCED_FACE('',(#2285),#2304,.T.);
#2285 = FACE_BOUND('',#2286,.T.);
#2286 = EDGE_LOOP('',(#2287,#2288,#2289,#2296));
#2287 = ORIENTED_EDGE('',*,*,#2265,.F.);
#2288 = ORIENTED_EDGE('',*,*,#2167,.F.);
#2289 = ORIENTED_EDGE('',*,*,#2290,.T.);
#2290 = EDGE_CURVE('',#2158,#2291,#2293,.T.);
#2291 = VERTEX_POINT('',#2292);
#2292 = CARTESIAN_POINT('',(-0.33641329203,-0.183641823969,
    4.600002722319));
#2293 = B_SPLINE_CURVE_WITH_KNOTS('',1,(#2294,#2295),.UNSPECIFIED.,.F.,
  .F.,(2,2),(-1.E-02,0.),.PIECEWISE_BEZIER_KNOTS.);
#2294 = CARTESIAN_POINT('',(-0.33641329203,-0.183641823969,
    4.610002722319));
#2295 = CARTESIAN_POINT('',(-0.33641329203,-0.183641823969,
    4.600002722319));
#2296 = ORIENTED_EDGE('',*,*,#2297,.T.);
#2297 = EDGE_CURVE('',#2291,#2266,#2298,.T.);
#2298 = B_SPLINE_CURVE_WITH_KNOTS('',3,(#2299,#2300,#2301,#2302,#2303),
  .UNSPECIFIED.,.F.,.F.,(4,1,4),(0.,0.5,0.999992955705),.UNSPECIFIED.);
#2299 = CARTESIAN_POINT('',(-0.33641329203,-0.183641823969,
    4.600002722319));
#2300 = CARTESIAN_POINT('',(-0.324583388575,-0.183641823969,
    4.600002722319));
#2301 = CARTESIAN_POINT('',(-0.300923748331,-0.183641823969,
    4.600002722319));
#2302 = CARTESIAN_POINT('',(-0.277264108087,-0.183641823969,
    4.600002722319));
#2303 = CARTESIAN_POINT('',(-0.265433871299,-0.183641823969,
    4.600002722319));
#2304 = B_SPLINE_SURFACE_WITH_KNOTS('',1,1,(
    (#2305,#2306)
    ,(#2307,#2308
    )),.UNSPECIFIED.,.F.,.F.,.F.,(2,2),(2,2),(0.,7.097942073171E-02),(0.
    ,1.E-02),.PIECEWISE_BEZIER_KNOTS.);
#2305 = CARTESIAN_POINT('',(-0.33641329203,-0.183641823969,
    4.600002722319));
#2306 = CARTESIAN_POINT('',(-0.33641329203,-0.183641823969,
    4.610002722319));
#2307 = CARTESIAN_POINT('',(-0.265433871299,-0.183641823969,
    4.600002722319));
#2308 = CARTESIAN_POINT('',(-0.265433871299,-0.183641823969,
    4.610002722319));
#2309 = ADVANCED_FACE('',(#2310),#2323,.T.);
#2310 = FACE_BOUND('',#2311,.T.);
#2311 = EDGE_LOOP('',(#2312,#2313,#2314,#2322));
#2312 = ORIENTED_EDGE('',*,*,#2157,.F.);
#2313 = ORIENTED_EDGE('',*,*,#2201,.T.);
#2314 = ORIENTED_EDGE('',*,*,#2315,.T.);
#2315 = EDGE_CURVE('',#2202,#2291,#2316,.T.);
#2316 = B_SPLINE_CURVE_WITH_KNOTS('',3,(#2317,#2318,#2319,#2320,#2321),
  .UNSPECIFIED.,.F.,.F.,(4,1,4),(0.,0.444566447868,1.),.UNSPECIFIED.);
#2317 = CARTESIAN_POINT('',(-0.533726554225,1.633912115343E-02,
    4.600002722319));
#2318 = CARTESIAN_POINT('',(-0.527242040594,-3.351838595702E-02,
    4.600002722319));
#2319 = CARTESIAN_POINT('',(-0.512655888935,-0.145666991299,
    4.600002722319));
#2320 = CARTESIAN_POINT('',(-0.399348189829,-0.170081298563,
    4.600002722319));
#2321 = CARTESIAN_POINT('',(-0.33641329203,-0.183641823969,
    4.600002722319));
#2322 = ORIENTED_EDGE('',*,*,#2290,.F.);
#2323 = B_SPLINE_SURFACE_WITH_KNOTS('',3,1,(
    (#2324,#2325)
    ,(#2326,#2327)
    ,(#2328,#2329)
    ,(#2330,#2331)
    ,(#2332,#2333
    )),.UNSPECIFIED.,.F.,.F.,.F.,(4,1,4),(2,2),(0.,0.444566447868,1.),(
    0.,1.),.UNSPECIFIED.);
#2324 = CARTESIAN_POINT('',(-0.533726554225,1.633912115343E-02,
    4.600002722319));
#2325 = CARTESIAN_POINT('',(-0.533726554225,1.633912115343E-02,
    4.610002722319));
#2326 = CARTESIAN_POINT('',(-0.527242040594,-3.351838595702E-02,
    4.600002722319));
#2327 = CARTESIAN_POINT('',(-0.527242040594,-3.351838595702E-02,
    4.610002722319));
#2328 = CARTESIAN_POINT('',(-0.512655888935,-0.145666991299,
    4.600002722319));
#2329 = CARTESIAN_POINT('',(-0.512655888935,-0.145666991299,
    4.610002722319));
#2330 = CARTESIAN_POINT('',(-0.399348189829,-0.170081298563,
    4.600002722319));
#2331 = CARTESIAN_POINT('',(-0.399348189829,-0.170081298563,
    4.610002722319));
#2332 = CARTESIAN_POINT('',(-0.33641329203,-0.183641823969,
    4.600002722319));
#2333 = CARTESIAN_POINT('',(-0.33641329203,-0.183641823969,
    4.610002722319));
#2334 = ADVANCED_FACE('',(#2335),#2357,.T.);
#2335 = FACE_BOUND('',#2336,.T.);
#2336 = EDGE_LOOP('',(#2337,#2344,#2345,#2352));
#2337 = ORIENTED_EDGE('',*,*,#2338,.T.);
#2338 = EDGE_CURVE('',#2339,#495,#2341,.T.);
#2339 = VERTEX_POINT('',#2340);
#2340 = CARTESIAN_POINT('',(-7.640948105469E-02,-1.291011665145E-02,
    4.610002722319));
#2341 = B_SPLINE_CURVE_WITH_KNOTS('',1,(#2342,#2343),.UNSPECIFIED.,.F.,
  .F.,(2,2),(-1.E-02,0.),.PIECEWISE_BEZIER_KNOTS.);
#2342 = CARTESIAN_POINT('',(-7.640948105469E-02,-1.291011665145E-02,
    4.610002722319));
#2343 = CARTESIAN_POINT('',(-7.640948105469E-02,-1.291011665145E-02,
    4.600002722319));
#2344 = ORIENTED_EDGE('',*,*,#494,.T.);
#2345 = ORIENTED_EDGE('',*,*,#2346,.F.);
#2346 = EDGE_CURVE('',#2347,#483,#2349,.T.);
#2347 = VERTEX_POINT('',#2348);
#2348 = CARTESIAN_POINT('',(-7.640948105469E-02,4.196793212904E-02,
    4.610002722319));
#2349 = B_SPLINE_CURVE_WITH_KNOTS('',1,(#2350,#2351),.UNSPECIFIED.,.F.,
  .F.,(2,2),(-1.E-02,0.),.PIECEWISE_BEZIER_KNOTS.);
#2350 = CARTESIAN_POINT('',(-7.640948105469E-02,4.196793212904E-02,
    4.610002722319));
#2351 = CARTESIAN_POINT('',(-7.640948105469E-02,4.196793212904E-02,
    4.600002722319));
#2352 = ORIENTED_EDGE('',*,*,#2353,.F.);
#2353 = EDGE_CURVE('',#2339,#2347,#2354,.T.);
#2354 = B_SPLINE_CURVE_WITH_KNOTS('',1,(#2355,#2356),.UNSPECIFIED.,.F.,
  .F.,(2,2),(-3.537910116651,-3.483032067871),.PIECEWISE_BEZIER_KNOTS.);
#2355 = CARTESIAN_POINT('',(-7.640948105469E-02,-1.291011665145E-02,
    4.610002722319));
#2356 = CARTESIAN_POINT('',(-7.640948105469E-02,4.196793212904E-02,
    4.610002722319));
#2357 = B_SPLINE_SURFACE_WITH_KNOTS('',1,1,(
    (#2358,#2359)
    ,(#2360,#2361
    )),.UNSPECIFIED.,.F.,.F.,.F.,(2,2),(2,2),(-4.440892098501E-16,
    5.487804878049E-02),(0.,1.E-02),.PIECEWISE_BEZIER_KNOTS.);
#2358 = CARTESIAN_POINT('',(-7.640948105469E-02,-1.291011665145E-02,
    4.600002722319));
#2359 = CARTESIAN_POINT('',(-7.640948105469E-02,-1.291011665145E-02,
    4.610002722319));
#2360 = CARTESIAN_POINT('',(-7.640948105469E-02,4.196793212904E-02,
    4.600002722319));
#2361 = CARTESIAN_POINT('',(-7.640948105469E-02,4.196793212904E-02,
    4.610002722319));
#2362 = ADVANCED_FACE('',(#2363),#2379,.T.);
#2363 = FACE_BOUND('',#2364,.T.);
#2364 = EDGE_LOOP('',(#2365,#2366,#2367,#2374));
#2365 = ORIENTED_EDGE('',*,*,#2346,.T.);
#2366 = ORIENTED_EDGE('',*,*,#482,.T.);
#2367 = ORIENTED_EDGE('',*,*,#2368,.F.);
#2368 = EDGE_CURVE('',#2369,#485,#2371,.T.);
#2369 = VERTEX_POINT('',#2370);
#2370 = CARTESIAN_POINT('',(0.100419787238,4.196793212904E-02,
    4.610002722319));
#2371 = B_SPLINE_CURVE_WITH_KNOTS('',1,(#2372,#2373),.UNSPECIFIED.,.F.,
  .F.,(2,2),(-1.E-02,0.),.PIECEWISE_BEZIER_KNOTS.);
#2372 = CARTESIAN_POINT('',(0.100419787238,4.196793212904E-02,
    4.610002722319));
#2373 = CARTESIAN_POINT('',(0.100419787238,4.196793212904E-02,
    4.600002722319));
#2374 = ORIENTED_EDGE('',*,*,#2375,.F.);
#2375 = EDGE_CURVE('',#2347,#2369,#2376,.T.);
#2376 = B_SPLINE_CURVE_WITH_KNOTS('',1,(#2377,#2378),.UNSPECIFIED.,.F.,
  .F.,(2,2),(9.248590518945,9.425419787238),.PIECEWISE_BEZIER_KNOTS.);
#2377 = CARTESIAN_POINT('',(-7.640948105469E-02,4.196793212904E-02,
    4.610002722319));
#2378 = CARTESIAN_POINT('',(0.100419787238,4.196793212904E-02,
    4.610002722319));
#2379 = B_SPLINE_SURFACE_WITH_KNOTS('',1,1,(
    (#2380,#2381)
    ,(#2382,#2383
    )),.UNSPECIFIED.,.F.,.F.,.F.,(2,2),(2,2),(-1.7763568394E-15,
    0.176829268293),(0.,1.E-02),.PIECEWISE_BEZIER_KNOTS.);
#2380 = CARTESIAN_POINT('',(-7.640948105469E-02,4.196793212904E-02,
    4.600002722319));
#2381 = CARTESIAN_POINT('',(-7.640948105469E-02,4.196793212904E-02,
    4.610002722319));
#2382 = CARTESIAN_POINT('',(0.100419787238,4.196793212904E-02,
    4.600002722319));
#2383 = CARTESIAN_POINT('',(0.100419787238,4.196793212904E-02,
    4.610002722319));
#2384 = ADVANCED_FACE('',(#2385),#2401,.T.);
#2385 = FACE_BOUND('',#2386,.T.);
#2386 = EDGE_LOOP('',(#2387,#2388,#2389,#2396));
#2387 = ORIENTED_EDGE('',*,*,#2368,.T.);
#2388 = ORIENTED_EDGE('',*,*,#594,.T.);
#2389 = ORIENTED_EDGE('',*,*,#2390,.F.);
#2390 = EDGE_CURVE('',#2391,#585,#2393,.T.);
#2391 = VERTEX_POINT('',#2392);
#2392 = CARTESIAN_POINT('',(0.100419787238,0.20660207847,4.610002722319)
  );
#2393 = B_SPLINE_CURVE_WITH_KNOTS('',1,(#2394,#2395),.UNSPECIFIED.,.F.,
  .F.,(2,2),(-1.E-02,0.),.PIECEWISE_BEZIER_KNOTS.);
#2394 = CARTESIAN_POINT('',(0.100419787238,0.20660207847,4.610002722319)
  );
#2395 = CARTESIAN_POINT('',(0.100419787238,0.20660207847,4.600002722319)
  );
#2396 = ORIENTED_EDGE('',*,*,#2397,.F.);
#2397 = EDGE_CURVE('',#2369,#2391,#2398,.T.);
#2398 = B_SPLINE_CURVE_WITH_KNOTS('',1,(#2399,#2400),.UNSPECIFIED.,.F.,
  .F.,(2,2),(-3.483032067871,-3.31839792153),.PIECEWISE_BEZIER_KNOTS.);
#2399 = CARTESIAN_POINT('',(0.100419787238,4.196793212904E-02,
    4.610002722319));
#2400 = CARTESIAN_POINT('',(0.100419787238,0.20660207847,4.610002722319)
  );
#2401 = B_SPLINE_SURFACE_WITH_KNOTS('',1,1,(
    (#2402,#2403)
    ,(#2404,#2405
    )),.UNSPECIFIED.,.F.,.F.,.F.,(2,2),(2,2),(0.,0.164634146341),(0.,
    1.E-02),.PIECEWISE_BEZIER_KNOTS.);
#2402 = CARTESIAN_POINT('',(0.100419787238,4.196793212904E-02,
    4.600002722319));
#2403 = CARTESIAN_POINT('',(0.100419787238,4.196793212904E-02,
    4.610002722319));
#2404 = CARTESIAN_POINT('',(0.100419787238,0.20660207847,4.600002722319)
  );
#2405 = CARTESIAN_POINT('',(0.100419787238,0.20660207847,4.610002722319)
  );
#2406 = ADVANCED_FACE('',(#2407),#2423,.T.);
#2407 = FACE_BOUND('',#2408,.T.);
#2408 = EDGE_LOOP('',(#2409,#2410,#2411,#2418));
#2409 = ORIENTED_EDGE('',*,*,#2390,.T.);
#2410 = ORIENTED_EDGE('',*,*,#584,.T.);
#2411 = ORIENTED_EDGE('',*,*,#2412,.F.);
#2412 = EDGE_CURVE('',#2413,#575,#2415,.T.);
#2413 = VERTEX_POINT('',#2414);
#2414 = CARTESIAN_POINT('',(-8.86046030059E-02,0.20660207847,
    4.610002722319));
#2415 = B_SPLINE_CURVE_WITH_KNOTS('',1,(#2416,#2417),.UNSPECIFIED.,.F.,
  .F.,(2,2),(-1.E-02,0.),.PIECEWISE_BEZIER_KNOTS.);
#2416 = CARTESIAN_POINT('',(-8.860460300591E-02,0.20660207847,
    4.610002722319));
#2417 = CARTESIAN_POINT('',(-8.860460300591E-02,0.20660207847,
    4.600002722319));
#2418 = ORIENTED_EDGE('',*,*,#2419,.F.);
#2419 = EDGE_CURVE('',#2391,#2413,#2420,.T.);
#2420 = B_SPLINE_CURVE_WITH_KNOTS('',1,(#2421,#2422),.UNSPECIFIED.,.F.,
  .F.,(2,2),(-9.425419787238,-9.236395396994),.PIECEWISE_BEZIER_KNOTS.);
#2421 = CARTESIAN_POINT('',(0.100419787238,0.20660207847,4.610002722319)
  );
#2422 = CARTESIAN_POINT('',(-8.86046030059E-02,0.20660207847,
    4.610002722319));
#2423 = B_SPLINE_SURFACE_WITH_KNOTS('',1,1,(
    (#2424,#2425)
    ,(#2426,#2427
    )),.UNSPECIFIED.,.F.,.F.,.F.,(2,2),(2,2),(0.,0.189024390244),(0.,
    1.E-02),.PIECEWISE_BEZIER_KNOTS.);
#2424 = CARTESIAN_POINT('',(0.100419787238,0.20660207847,4.600002722319)
  );
#2425 = CARTESIAN_POINT('',(0.100419787238,0.20660207847,4.610002722319)
  );
#2426 = CARTESIAN_POINT('',(-8.860460300591E-02,0.20660207847,
    4.600002722319));
#2427 = CARTESIAN_POINT('',(-8.860460300591E-02,0.20660207847,
    4.610002722319));
#2428 = ADVANCED_FACE('',(#2429),#2445,.T.);
#2429 = FACE_BOUND('',#2430,.T.);
#2430 = EDGE_LOOP('',(#2431,#2432,#2433,#2440));
#2431 = ORIENTED_EDGE('',*,*,#2412,.T.);
#2432 = ORIENTED_EDGE('',*,*,#574,.T.);
#2433 = ORIENTED_EDGE('',*,*,#2434,.F.);
#2434 = EDGE_CURVE('',#2435,#565,#2437,.T.);
#2435 = VERTEX_POINT('',#2436);
#2436 = CARTESIAN_POINT('',(-8.86046030059E-02,0.261480127251,
    4.610002722319));
#2437 = B_SPLINE_CURVE_WITH_KNOTS('',1,(#2438,#2439),.UNSPECIFIED.,.F.,
  .F.,(2,2),(-1.E-02,0.),.PIECEWISE_BEZIER_KNOTS.);
#2438 = CARTESIAN_POINT('',(-8.860460300591E-02,0.261480127251,
    4.610002722319));
#2439 = CARTESIAN_POINT('',(-8.860460300591E-02,0.261480127251,
    4.600002722319));
#2440 = ORIENTED_EDGE('',*,*,#2441,.F.);
#2441 = EDGE_CURVE('',#2413,#2435,#2442,.T.);
#2442 = B_SPLINE_CURVE_WITH_KNOTS('',1,(#2443,#2444),.UNSPECIFIED.,.F.,
  .F.,(2,2),(-3.31839792153,-3.263519872749),.PIECEWISE_BEZIER_KNOTS.);
#2443 = CARTESIAN_POINT('',(-8.86046030059E-02,0.20660207847,
    4.610002722319));
#2444 = CARTESIAN_POINT('',(-8.86046030059E-02,0.261480127251,
    4.610002722319));
#2445 = B_SPLINE_SURFACE_WITH_KNOTS('',1,1,(
    (#2446,#2447)
    ,(#2448,#2449
    )),.UNSPECIFIED.,.F.,.F.,.F.,(2,2),(2,2),(0.,5.487804878049E-02),(0.
    ,1.E-02),.PIECEWISE_BEZIER_KNOTS.);
#2446 = CARTESIAN_POINT('',(-8.860460300591E-02,0.20660207847,
    4.600002722319));
#2447 = CARTESIAN_POINT('',(-8.860460300591E-02,0.20660207847,
    4.610002722319));
#2448 = CARTESIAN_POINT('',(-8.860460300591E-02,0.261480127251,
    4.600002722319));
#2449 = CARTESIAN_POINT('',(-8.860460300591E-02,0.261480127251,
    4.610002722319));
#2450 = ADVANCED_FACE('',(#2451),#2467,.T.);
#2451 = FACE_BOUND('',#2452,.T.);
#2452 = EDGE_LOOP('',(#2453,#2454,#2455,#2462));
#2453 = ORIENTED_EDGE('',*,*,#2434,.T.);
#2454 = ORIENTED_EDGE('',*,*,#564,.T.);
#2455 = ORIENTED_EDGE('',*,*,#2456,.F.);
#2456 = EDGE_CURVE('',#2457,#555,#2459,.T.);
#2457 = VERTEX_POINT('',#2458);
#2458 = CARTESIAN_POINT('',(0.16749295797,0.261480127251,4.610002722319)
  );
#2459 = B_SPLINE_CURVE_WITH_KNOTS('',1,(#2460,#2461),.UNSPECIFIED.,.F.,
  .F.,(2,2),(-1.E-02,0.),.PIECEWISE_BEZIER_KNOTS.);
#2460 = CARTESIAN_POINT('',(0.16749295797,0.261480127251,4.610002722319)
  );
#2461 = CARTESIAN_POINT('',(0.16749295797,0.261480127251,4.600002722319)
  );
#2462 = ORIENTED_EDGE('',*,*,#2463,.F.);
#2463 = EDGE_CURVE('',#2435,#2457,#2464,.T.);
#2464 = B_SPLINE_CURVE_WITH_KNOTS('',1,(#2465,#2466),.UNSPECIFIED.,.F.,
  .F.,(2,2),(9.236395396994,9.49249295797),.PIECEWISE_BEZIER_KNOTS.);
#2465 = CARTESIAN_POINT('',(-8.86046030059E-02,0.261480127251,
    4.610002722319));
#2466 = CARTESIAN_POINT('',(0.16749295797,0.261480127251,4.610002722319)
  );
#2467 = B_SPLINE_SURFACE_WITH_KNOTS('',1,1,(
    (#2468,#2469)
    ,(#2470,#2471
    )),.UNSPECIFIED.,.F.,.F.,.F.,(2,2),(2,2),(0.,0.256097560976),(0.,
    1.E-02),.PIECEWISE_BEZIER_KNOTS.);
#2468 = CARTESIAN_POINT('',(-8.860460300591E-02,0.261480127251,
    4.600002722319));
#2469 = CARTESIAN_POINT('',(-8.860460300591E-02,0.261480127251,
    4.610002722319));
#2470 = CARTESIAN_POINT('',(0.16749295797,0.261480127251,4.600002722319)
  );
#2471 = CARTESIAN_POINT('',(0.16749295797,0.261480127251,4.610002722319)
  );
#2472 = ADVANCED_FACE('',(#2473),#2489,.T.);
#2473 = FACE_BOUND('',#2474,.T.);
#2474 = EDGE_LOOP('',(#2475,#2476,#2477,#2484));
#2475 = ORIENTED_EDGE('',*,*,#2456,.T.);
#2476 = ORIENTED_EDGE('',*,*,#554,.T.);
#2477 = ORIENTED_EDGE('',*,*,#2478,.F.);
#2478 = EDGE_CURVE('',#2479,#545,#2481,.T.);
#2479 = VERTEX_POINT('',#2480);
#2480 = CARTESIAN_POINT('',(0.16749295797,-0.238519872749,4.610002722319
    ));
#2481 = B_SPLINE_CURVE_WITH_KNOTS('',1,(#2482,#2483),.UNSPECIFIED.,.F.,
  .F.,(2,2),(-1.E-02,0.),.PIECEWISE_BEZIER_KNOTS.);
#2482 = CARTESIAN_POINT('',(0.16749295797,-0.238519872749,4.610002722319
    ));
#2483 = CARTESIAN_POINT('',(0.16749295797,-0.238519872749,4.600002722319
    ));
#2484 = ORIENTED_EDGE('',*,*,#2485,.F.);
#2485 = EDGE_CURVE('',#2457,#2479,#2486,.T.);
#2486 = B_SPLINE_CURVE_WITH_KNOTS('',1,(#2487,#2488),.UNSPECIFIED.,.F.,
  .F.,(2,2),(3.263519872749,3.763519872749),.PIECEWISE_BEZIER_KNOTS.);
#2487 = CARTESIAN_POINT('',(0.16749295797,0.261480127251,4.610002722319)
  );
#2488 = CARTESIAN_POINT('',(0.16749295797,-0.238519872749,4.610002722319
    ));
#2489 = B_SPLINE_SURFACE_WITH_KNOTS('',1,1,(
    (#2490,#2491)
    ,(#2492,#2493
    )),.UNSPECIFIED.,.F.,.F.,.F.,(2,2),(2,2),(-4.440892098501E-16,0.5),(
    0.,1.E-02),.PIECEWISE_BEZIER_KNOTS.);
#2490 = CARTESIAN_POINT('',(0.16749295797,0.261480127251,4.600002722319)
  );
#2491 = CARTESIAN_POINT('',(0.16749295797,0.261480127251,4.610002722319)
  );
#2492 = CARTESIAN_POINT('',(0.16749295797,-0.238519872749,4.600002722319
    ));
#2493 = CARTESIAN_POINT('',(0.16749295797,-0.238519872749,4.610002722319
    ));
#2494 = ADVANCED_FACE('',(#2495),#2511,.T.);
#2495 = FACE_BOUND('',#2496,.T.);
#2496 = EDGE_LOOP('',(#2497,#2498,#2499,#2506));
#2497 = ORIENTED_EDGE('',*,*,#2478,.T.);
#2498 = ORIENTED_EDGE('',*,*,#544,.T.);
#2499 = ORIENTED_EDGE('',*,*,#2500,.F.);
#2500 = EDGE_CURVE('',#2501,#535,#2503,.T.);
#2501 = VERTEX_POINT('',#2502);
#2502 = CARTESIAN_POINT('',(-0.100799724957,-0.238519872749,
    4.610002722319));
#2503 = B_SPLINE_CURVE_WITH_KNOTS('',1,(#2504,#2505),.UNSPECIFIED.,.F.,
  .F.,(2,2),(-1.E-02,0.),.PIECEWISE_BEZIER_KNOTS.);
#2504 = CARTESIAN_POINT('',(-0.100799724957,-0.238519872749,
    4.610002722319));
#2505 = CARTESIAN_POINT('',(-0.100799724957,-0.238519872749,
    4.600002722319));
#2506 = ORIENTED_EDGE('',*,*,#2507,.F.);
#2507 = EDGE_CURVE('',#2479,#2501,#2508,.T.);
#2508 = B_SPLINE_CURVE_WITH_KNOTS('',1,(#2509,#2510),.UNSPECIFIED.,.F.,
  .F.,(2,2),(-9.49249295797,-9.224200275043),.PIECEWISE_BEZIER_KNOTS.);
#2509 = CARTESIAN_POINT('',(0.16749295797,-0.238519872749,4.610002722319
    ));
#2510 = CARTESIAN_POINT('',(-0.100799724957,-0.238519872749,
    4.610002722319));
#2511 = B_SPLINE_SURFACE_WITH_KNOTS('',1,1,(
    (#2512,#2513)
    ,(#2514,#2515
    )),.UNSPECIFIED.,.F.,.F.,.F.,(2,2),(2,2),(0.,0.268292682927),(0.,
    1.E-02),.PIECEWISE_BEZIER_KNOTS.);
#2512 = CARTESIAN_POINT('',(0.16749295797,-0.238519872749,4.600002722319
    ));
#2513 = CARTESIAN_POINT('',(0.16749295797,-0.238519872749,4.610002722319
    ));
#2514 = CARTESIAN_POINT('',(-0.100799724957,-0.238519872749,
    4.600002722319));
#2515 = CARTESIAN_POINT('',(-0.100799724957,-0.238519872749,
    4.610002722319));
#2516 = ADVANCED_FACE('',(#2517),#2533,.T.);
#2517 = FACE_BOUND('',#2518,.T.);
#2518 = EDGE_LOOP('',(#2519,#2520,#2521,#2528));
#2519 = ORIENTED_EDGE('',*,*,#2500,.T.);
#2520 = ORIENTED_EDGE('',*,*,#534,.T.);
#2521 = ORIENTED_EDGE('',*,*,#2522,.F.);
#2522 = EDGE_CURVE('',#2523,#525,#2525,.T.);
#2523 = VERTEX_POINT('',#2524);
#2524 = CARTESIAN_POINT('',(-0.100799724957,-0.183641823969,
    4.610002722319));
#2525 = B_SPLINE_CURVE_WITH_KNOTS('',1,(#2526,#2527),.UNSPECIFIED.,.F.,
  .F.,(2,2),(-1.E-02,0.),.PIECEWISE_BEZIER_KNOTS.);
#2526 = CARTESIAN_POINT('',(-0.100799724957,-0.183641823969,
    4.610002722319));
#2527 = CARTESIAN_POINT('',(-0.100799724957,-0.183641823969,
    4.600002722319));
#2528 = ORIENTED_EDGE('',*,*,#2529,.F.);
#2529 = EDGE_CURVE('',#2501,#2523,#2530,.T.);
#2530 = B_SPLINE_CURVE_WITH_KNOTS('',1,(#2531,#2532),.UNSPECIFIED.,.F.,
  .F.,(2,2),(-3.763519872749,-3.708641823969),.PIECEWISE_BEZIER_KNOTS.);
#2531 = CARTESIAN_POINT('',(-0.100799724957,-0.238519872749,
    4.610002722319));
#2532 = CARTESIAN_POINT('',(-0.100799724957,-0.183641823969,
    4.610002722319));
#2533 = B_SPLINE_SURFACE_WITH_KNOTS('',1,1,(
    (#2534,#2535)
    ,(#2536,#2537
    )),.UNSPECIFIED.,.F.,.F.,.F.,(2,2),(2,2),(0.,5.487804878049E-02),(0.
    ,1.E-02),.PIECEWISE_BEZIER_KNOTS.);
#2534 = CARTESIAN_POINT('',(-0.100799724957,-0.238519872749,
    4.600002722319));
#2535 = CARTESIAN_POINT('',(-0.100799724957,-0.238519872749,
    4.610002722319));
#2536 = CARTESIAN_POINT('',(-0.100799724957,-0.183641823969,
    4.600002722319));
#2537 = CARTESIAN_POINT('',(-0.100799724957,-0.183641823969,
    4.610002722319));
#2538 = ADVANCED_FACE('',(#2539),#2555,.T.);
#2539 = FACE_BOUND('',#2540,.T.);
#2540 = EDGE_LOOP('',(#2541,#2542,#2543,#2550));
#2541 = ORIENTED_EDGE('',*,*,#2522,.T.);
#2542 = ORIENTED_EDGE('',*,*,#524,.T.);
#2543 = ORIENTED_EDGE('',*,*,#2544,.F.);
#2544 = EDGE_CURVE('',#2545,#515,#2547,.T.);
#2545 = VERTEX_POINT('',#2546);
#2546 = CARTESIAN_POINT('',(0.100419787238,-0.183641823969,
    4.610002722319));
#2547 = B_SPLINE_CURVE_WITH_KNOTS('',1,(#2548,#2549),.UNSPECIFIED.,.F.,
  .F.,(2,2),(-1.E-02,0.),.PIECEWISE_BEZIER_KNOTS.);
#2548 = CARTESIAN_POINT('',(0.100419787238,-0.183641823969,
    4.610002722319));
#2549 = CARTESIAN_POINT('',(0.100419787238,-0.183641823969,
    4.600002722319));
#2550 = ORIENTED_EDGE('',*,*,#2551,.F.);
#2551 = EDGE_CURVE('',#2523,#2545,#2552,.T.);
#2552 = B_SPLINE_CURVE_WITH_KNOTS('',1,(#2553,#2554),.UNSPECIFIED.,.F.,
  .F.,(2,2),(9.224200275043,9.425419787238),.PIECEWISE_BEZIER_KNOTS.);
#2553 = CARTESIAN_POINT('',(-0.100799724957,-0.183641823969,
    4.610002722319));
#2554 = CARTESIAN_POINT('',(0.100419787238,-0.183641823969,
    4.610002722319));
#2555 = B_SPLINE_SURFACE_WITH_KNOTS('',1,1,(
    (#2556,#2557)
    ,(#2558,#2559
    )),.UNSPECIFIED.,.F.,.F.,.F.,(2,2),(2,2),(0.,0.201219512195),(0.,
    1.E-02),.PIECEWISE_BEZIER_KNOTS.);
#2556 = CARTESIAN_POINT('',(-0.100799724957,-0.183641823969,
    4.600002722319));
#2557 = CARTESIAN_POINT('',(-0.100799724957,-0.183641823969,
    4.610002722319));
#2558 = CARTESIAN_POINT('',(0.100419787238,-0.183641823969,
    4.600002722319));
#2559 = CARTESIAN_POINT('',(0.100419787238,-0.183641823969,
    4.610002722319));
#2560 = ADVANCED_FACE('',(#2561),#2577,.T.);
#2561 = FACE_BOUND('',#2562,.T.);
#2562 = EDGE_LOOP('',(#2563,#2564,#2565,#2572));
#2563 = ORIENTED_EDGE('',*,*,#2544,.T.);
#2564 = ORIENTED_EDGE('',*,*,#514,.T.);
#2565 = ORIENTED_EDGE('',*,*,#2566,.F.);
#2566 = EDGE_CURVE('',#2567,#505,#2569,.T.);
#2567 = VERTEX_POINT('',#2568);
#2568 = CARTESIAN_POINT('',(0.100419787238,-1.291011665145E-02,
    4.610002722319));
#2569 = B_SPLINE_CURVE_WITH_KNOTS('',1,(#2570,#2571),.UNSPECIFIED.,.F.,
  .F.,(2,2),(-1.E-02,0.),.PIECEWISE_BEZIER_KNOTS.);
#2570 = CARTESIAN_POINT('',(0.100419787238,-1.291011665145E-02,
    4.610002722319));
#2571 = CARTESIAN_POINT('',(0.100419787238,-1.291011665145E-02,
    4.600002722319));
#2572 = ORIENTED_EDGE('',*,*,#2573,.F.);
#2573 = EDGE_CURVE('',#2545,#2567,#2574,.T.);
#2574 = B_SPLINE_CURVE_WITH_KNOTS('',1,(#2575,#2576),.UNSPECIFIED.,.F.,
  .F.,(2,2),(-3.708641823969,-3.537910116651),.PIECEWISE_BEZIER_KNOTS.);
#2575 = CARTESIAN_POINT('',(0.100419787238,-0.183641823969,
    4.610002722319));
#2576 = CARTESIAN_POINT('',(0.100419787238,-1.291011665145E-02,
    4.610002722319));
#2577 = B_SPLINE_SURFACE_WITH_KNOTS('',1,1,(
    (#2578,#2579)
    ,(#2580,#2581
    )),.UNSPECIFIED.,.F.,.F.,.F.,(2,2),(2,2),(-4.440892098501E-16,
    0.170731707317),(0.,1.E-02),.PIECEWISE_BEZIER_KNOTS.);
#2578 = CARTESIAN_POINT('',(0.100419787238,-0.183641823969,
    4.600002722319));
#2579 = CARTESIAN_POINT('',(0.100419787238,-0.183641823969,
    4.610002722319));
#2580 = CARTESIAN_POINT('',(0.100419787238,-1.291011665145E-02,
    4.600002722319));
#2581 = CARTESIAN_POINT('',(0.100419787238,-1.291011665145E-02,
    4.610002722319));
#2582 = ADVANCED_FACE('',(#2583),#2593,.T.);
#2583 = FACE_BOUND('',#2584,.T.);
#2584 = EDGE_LOOP('',(#2585,#2590,#2591,#2592));
#2585 = ORIENTED_EDGE('',*,*,#2586,.F.);
#2586 = EDGE_CURVE('',#2567,#2339,#2587,.T.);
#2587 = B_SPLINE_CURVE_WITH_KNOTS('',1,(#2588,#2589),.UNSPECIFIED.,.F.,
  .F.,(2,2),(-9.425419787238,-9.248590518945),.PIECEWISE_BEZIER_KNOTS.);
#2588 = CARTESIAN_POINT('',(0.100419787238,-1.291011665145E-02,
    4.610002722319));
#2589 = CARTESIAN_POINT('',(-7.640948105469E-02,-1.291011665145E-02,
    4.610002722319));
#2590 = ORIENTED_EDGE('',*,*,#2566,.T.);
#2591 = ORIENTED_EDGE('',*,*,#504,.T.);
#2592 = ORIENTED_EDGE('',*,*,#2338,.F.);
#2593 = B_SPLINE_SURFACE_WITH_KNOTS('',1,1,(
    (#2594,#2595)
    ,(#2596,#2597
    )),.UNSPECIFIED.,.F.,.F.,.F.,(2,2),(2,2),(0.,0.176829268293),(0.,
    1.E-02),.PIECEWISE_BEZIER_KNOTS.);
#2594 = CARTESIAN_POINT('',(0.100419787238,-1.291011665145E-02,
    4.600002722319));
#2595 = CARTESIAN_POINT('',(0.100419787238,-1.291011665145E-02,
    4.610002722319));
#2596 = CARTESIAN_POINT('',(-7.640948105469E-02,-1.291011665145E-02,
    4.600002722319));
#2597 = CARTESIAN_POINT('',(-7.640948105469E-02,-1.291011665145E-02,
    4.610002722319));
#2598 = ADVANCED_FACE('',(#2599),#2613,.F.);
#2599 = FACE_BOUND('',#2600,.T.);
#2600 = EDGE_LOOP('',(#2601,#2602,#2603,#2604,#2605,#2606,#2607,#2608,
    #2609,#2610,#2611,#2612));
#2601 = ORIENTED_EDGE('',*,*,#2573,.T.);
#2602 = ORIENTED_EDGE('',*,*,#2586,.T.);
#2603 = ORIENTED_EDGE('',*,*,#2353,.T.);
#2604 = ORIENTED_EDGE('',*,*,#2375,.T.);
#2605 = ORIENTED_EDGE('',*,*,#2397,.T.);
#2606 = ORIENTED_EDGE('',*,*,#2419,.T.);
#2607 = ORIENTED_EDGE('',*,*,#2441,.T.);
#2608 = ORIENTED_EDGE('',*,*,#2463,.T.);
#2609 = ORIENTED_EDGE('',*,*,#2485,.T.);
#2610 = ORIENTED_EDGE('',*,*,#2507,.T.);
#2611 = ORIENTED_EDGE('',*,*,#2529,.T.);
#2612 = ORIENTED_EDGE('',*,*,#2551,.T.);
#2613 = B_SPLINE_SURFACE_WITH_KNOTS('',1,1,(
    (#2614,#2615)
    ,(#2616,#2617
    )),.UNSPECIFIED.,.F.,.F.,.F.,(2,2),(2,2),(9.224200275043,
    9.49249295797),(-3.763519872749,-3.263519872749),
  .PIECEWISE_BEZIER_KNOTS.);
#2614 = CARTESIAN_POINT('',(-0.100799724957,-0.238519872749,
    4.610002722319));
#2615 = CARTESIAN_POINT('',(-0.100799724957,0.261480127251,
    4.610002722319));
#2616 = CARTESIAN_POINT('',(0.16749295797,-0.238519872749,4.610002722319
    ));
#2617 = CARTESIAN_POINT('',(0.16749295797,0.261480127251,4.610002722319)
  );
#2618 = ADVANCED_FACE('',(#2619),#2644,.F.);
#2619 = FACE_BOUND('',#2620,.F.);
#2620 = EDGE_LOOP('',(#2621,#2633,#2638,#2639));
#2621 = ORIENTED_EDGE('',*,*,#2622,.T.);
#2622 = EDGE_CURVE('',#2623,#2625,#2627,.T.);
#2623 = VERTEX_POINT('',#2624);
#2624 = CARTESIAN_POINT('',(0.382146159189,0.212699639446,4.610002722319
    ));
#2625 = VERTEX_POINT('',#2626);
#2626 = CARTESIAN_POINT('',(0.265053933579,0.180687444324,4.610002722319
    ));
#2627 = B_SPLINE_CURVE_WITH_KNOTS('',3,(#2628,#2629,#2630,#2631,#2632),
  .UNSPECIFIED.,.F.,.F.,(4,1,4),(0.,0.440436656024,1.),.UNSPECIFIED.);
#2628 = CARTESIAN_POINT('',(0.382146159189,0.212699639446,4.610002722319
    ));
#2629 = CARTESIAN_POINT('',(0.364001469066,0.211730817351,4.610002722319
    ));
#2630 = CARTESIAN_POINT('',(0.322804420921,0.20953113192,4.610002722319)
  );
#2631 = CARTESIAN_POINT('',(0.285774512797,0.191036411775,4.610002722319
    ));
#2632 = CARTESIAN_POINT('',(0.265053933579,0.180687444324,4.610002722319
    ));
#2633 = ORIENTED_EDGE('',*,*,#2634,.T.);
#2634 = EDGE_CURVE('',#2625,#607,#2635,.T.);
#2635 = B_SPLINE_CURVE_WITH_KNOTS('',1,(#2636,#2637),.UNSPECIFIED.,.F.,
  .F.,(2,2),(-1.E-02,0.),.PIECEWISE_BEZIER_KNOTS.);
#2636 = CARTESIAN_POINT('',(0.265053933579,0.180687444324,4.610002722319
    ));
#2637 = CARTESIAN_POINT('',(0.265053933579,0.180687444324,4.600002722319
    ));
#2638 = ORIENTED_EDGE('',*,*,#604,.F.);
#2639 = ORIENTED_EDGE('',*,*,#2640,.F.);
#2640 = EDGE_CURVE('',#2623,#605,#2641,.T.);
#2641 = B_SPLINE_CURVE_WITH_KNOTS('',1,(#2642,#2643),.UNSPECIFIED.,.F.,
  .F.,(2,2),(-1.E-02,0.),.PIECEWISE_BEZIER_KNOTS.);
#2642 = CARTESIAN_POINT('',(0.382146159189,0.212699639446,4.610002722319
    ));
#2643 = CARTESIAN_POINT('',(0.382146159189,0.212699639446,4.600002722319
    ));
#2644 = B_SPLINE_SURFACE_WITH_KNOTS('',3,1,(
    (#2645,#2646)
    ,(#2647,#2648)
    ,(#2649,#2650)
    ,(#2651,#2652)
    ,(#2653,#2654
    )),.UNSPECIFIED.,.F.,.F.,.F.,(4,1,4),(2,2),(0.,0.559563343976,1.),(
    0.,1.),.UNSPECIFIED.);
#2645 = CARTESIAN_POINT('',(0.265053933579,0.180687444324,4.600002722319
    ));
#2646 = CARTESIAN_POINT('',(0.265053933579,0.180687444324,4.610002722319
    ));
#2647 = CARTESIAN_POINT('',(0.285774512797,0.191036411775,4.600002722319
    ));
#2648 = CARTESIAN_POINT('',(0.285774512797,0.191036411775,4.610002722319
    ));
#2649 = CARTESIAN_POINT('',(0.322804420921,0.20953113192,4.600002722319)
  );
#2650 = CARTESIAN_POINT('',(0.322804420921,0.20953113192,4.610002722319)
  );
#2651 = CARTESIAN_POINT('',(0.364001469066,0.211730817351,4.600002722319
    ));
#2652 = CARTESIAN_POINT('',(0.364001469066,0.211730817351,4.610002722319
    ));
#2653 = CARTESIAN_POINT('',(0.382146159189,0.212699639446,4.600002722319
    ));
#2654 = CARTESIAN_POINT('',(0.382146159189,0.212699639446,4.610002722319
    ));
#2655 = ADVANCED_FACE('',(#2656),#2672,.T.);
#2656 = FACE_BOUND('',#2657,.T.);
#2657 = EDGE_LOOP('',(#2658,#2659,#2660,#2667));
#2658 = ORIENTED_EDGE('',*,*,#2634,.T.);
#2659 = ORIENTED_EDGE('',*,*,#696,.T.);
#2660 = ORIENTED_EDGE('',*,*,#2661,.F.);
#2661 = EDGE_CURVE('',#2662,#687,#2664,.T.);
#2662 = VERTEX_POINT('',#2663);
#2663 = CARTESIAN_POINT('',(0.265053933579,0.247760615056,4.610002722319
    ));
#2664 = B_SPLINE_CURVE_WITH_KNOTS('',1,(#2665,#2666),.UNSPECIFIED.,.F.,
  .F.,(2,2),(-1.E-02,0.),.PIECEWISE_BEZIER_KNOTS.);
#2665 = CARTESIAN_POINT('',(0.265053933579,0.247760615056,4.610002722319
    ));
#2666 = CARTESIAN_POINT('',(0.265053933579,0.247760615056,4.600002722319
    ));
#2667 = ORIENTED_EDGE('',*,*,#2668,.F.);
#2668 = EDGE_CURVE('',#2625,#2662,#2669,.T.);
#2669 = B_SPLINE_CURVE_WITH_KNOTS('',1,(#2670,#2671),.UNSPECIFIED.,.F.,
  .F.,(2,2),(-3.344312555676,-3.277239384944),.PIECEWISE_BEZIER_KNOTS.);
#2670 = CARTESIAN_POINT('',(0.265053933579,0.180687444324,4.610002722319
    ));
#2671 = CARTESIAN_POINT('',(0.265053933579,0.247760615056,4.610002722319
    ));
#2672 = B_SPLINE_SURFACE_WITH_KNOTS('',1,1,(
    (#2673,#2674)
    ,(#2675,#2676
    )),.UNSPECIFIED.,.F.,.F.,.F.,(2,2),(2,2),(0.,6.707317073171E-02),(0.
    ,1.E-02),.PIECEWISE_BEZIER_KNOTS.);
#2673 = CARTESIAN_POINT('',(0.265053933579,0.180687444324,4.600002722319
    ));
#2674 = CARTESIAN_POINT('',(0.265053933579,0.180687444324,4.610002722319
    ));
#2675 = CARTESIAN_POINT('',(0.265053933579,0.247760615056,4.600002722319
    ));
#2676 = CARTESIAN_POINT('',(0.265053933579,0.247760615056,4.610002722319
    ));
#2677 = ADVANCED_FACE('',(#2678),#2697,.F.);
#2678 = FACE_BOUND('',#2679,.F.);
#2679 = EDGE_LOOP('',(#2680,#2690,#2695,#2696));
#2680 = ORIENTED_EDGE('',*,*,#2681,.T.);
#2681 = EDGE_CURVE('',#2662,#2682,#2684,.T.);
#2682 = VERTEX_POINT('',#2683);
#2683 = CARTESIAN_POINT('',(0.382717805531,0.267577688227,4.610002722319
    ));
#2684 = B_SPLINE_CURVE_WITH_KNOTS('',3,(#2685,#2686,#2687,#2688,#2689),
  .UNSPECIFIED.,.F.,.F.,(4,1,4),(0.,0.43977387616,1.),.UNSPECIFIED.);
#2685 = CARTESIAN_POINT('',(0.265053933579,0.247760615056,4.610002722319
    ));
#2686 = CARTESIAN_POINT('',(0.281814772162,0.253361627921,4.610002722319
    ));
#2687 = CARTESIAN_POINT('',(0.319927173764,0.266097747934,4.610002722319
    ));
#2688 = CARTESIAN_POINT('',(0.360171745245,0.267046290116,4.610002722319
    ));
#2689 = CARTESIAN_POINT('',(0.382717805531,0.267577688227,4.610002722319
    ));
#2690 = ORIENTED_EDGE('',*,*,#2691,.T.);
#2691 = EDGE_CURVE('',#2682,#677,#2692,.T.);
#2692 = B_SPLINE_CURVE_WITH_KNOTS('',1,(#2693,#2694),.UNSPECIFIED.,.F.,
  .F.,(2,2),(-1.E-02,0.),.PIECEWISE_BEZIER_KNOTS.);
#2693 = CARTESIAN_POINT('',(0.382717805531,0.267577688227,4.610002722319
    ));
#2694 = CARTESIAN_POINT('',(0.382717805531,0.267577688227,4.600002722319
    ));
#2695 = ORIENTED_EDGE('',*,*,#686,.F.);
#2696 = ORIENTED_EDGE('',*,*,#2661,.F.);
#2697 = B_SPLINE_SURFACE_WITH_KNOTS('',3,1,(
    (#2698,#2699)
    ,(#2700,#2701)
    ,(#2702,#2703)
    ,(#2704,#2705)
    ,(#2706,#2707
    )),.UNSPECIFIED.,.F.,.F.,.F.,(4,1,4),(2,2),(0.,0.56022612384,1.),(0.
    ,1.),.UNSPECIFIED.);
#2698 = CARTESIAN_POINT('',(0.382717805531,0.267577688227,4.600002722319
    ));
#2699 = CARTESIAN_POINT('',(0.382717805531,0.267577688227,4.610002722319
    ));
#2700 = CARTESIAN_POINT('',(0.360171745245,0.267046290116,4.600002722319
    ));
#2701 = CARTESIAN_POINT('',(0.360171745245,0.267046290116,4.610002722319
    ));
#2702 = CARTESIAN_POINT('',(0.319927173764,0.266097747934,4.600002722319
    ));
#2703 = CARTESIAN_POINT('',(0.319927173764,0.266097747934,4.610002722319
    ));
#2704 = CARTESIAN_POINT('',(0.281814772162,0.253361627921,4.600002722319
    ));
#2705 = CARTESIAN_POINT('',(0.281814772162,0.253361627921,4.610002722319
    ));
#2706 = CARTESIAN_POINT('',(0.265053933579,0.247760615056,4.600002722319
    ));
#2707 = CARTESIAN_POINT('',(0.265053933579,0.247760615056,4.610002722319
    ));
#2708 = ADVANCED_FACE('',(#2709),#2728,.F.);
#2709 = FACE_BOUND('',#2710,.F.);
#2710 = EDGE_LOOP('',(#2711,#2721,#2726,#2727));
#2711 = ORIENTED_EDGE('',*,*,#2712,.T.);
#2712 = EDGE_CURVE('',#2682,#2713,#2715,.T.);
#2713 = VERTEX_POINT('',#2714);
#2714 = CARTESIAN_POINT('',(0.637005153092,2.047962616841E-03,
    4.610002722319));
#2715 = B_SPLINE_CURVE_WITH_KNOTS('',3,(#2716,#2717,#2718,#2719,#2720),
  .UNSPECIFIED.,.F.,.F.,(4,1,4),(0.,0.442583305674,1.),.UNSPECIFIED.);
#2716 = CARTESIAN_POINT('',(0.382717805531,0.267577688227,4.610002722319
    ));
#2717 = CARTESIAN_POINT('',(0.445904275795,0.25562489847,4.610002722319)
  );
#2718 = CARTESIAN_POINT('',(0.588671681287,0.22861802857,4.610002722319)
  );
#2719 = CARTESIAN_POINT('',(0.619706067897,8.313990009058E-02,
    4.610002722319));
#2720 = CARTESIAN_POINT('',(0.637005153092,2.047962616841E-03,
    4.610002722319));
#2721 = ORIENTED_EDGE('',*,*,#2722,.T.);
#2722 = EDGE_CURVE('',#2713,#667,#2723,.T.);
#2723 = B_SPLINE_CURVE_WITH_KNOTS('',1,(#2724,#2725),.UNSPECIFIED.,.F.,
  .F.,(2,2),(-1.E-02,0.),.PIECEWISE_BEZIER_KNOTS.);
#2724 = CARTESIAN_POINT('',(0.637005153092,2.047962616841E-03,
    4.610002722319));
#2725 = CARTESIAN_POINT('',(0.637005153092,2.047962616841E-03,
    4.600002722319));
#2726 = ORIENTED_EDGE('',*,*,#676,.F.);
#2727 = ORIENTED_EDGE('',*,*,#2691,.F.);
#2728 = B_SPLINE_SURFACE_WITH_KNOTS('',3,1,(
    (#2729,#2730)
    ,(#2731,#2732)
    ,(#2733,#2734)
    ,(#2735,#2736)
    ,(#2737,#2738
    )),.UNSPECIFIED.,.F.,.F.,.F.,(4,1,4),(2,2),(0.,0.557416694326,1.),(
    0.,1.),.UNSPECIFIED.);
#2729 = CARTESIAN_POINT('',(0.637005153092,2.047962616841E-03,
    4.600002722319));
#2730 = CARTESIAN_POINT('',(0.637005153092,2.047962616841E-03,
    4.610002722319));
#2731 = CARTESIAN_POINT('',(0.619706067897,8.313990009058E-02,
    4.600002722319));
#2732 = CARTESIAN_POINT('',(0.619706067897,8.313990009058E-02,
    4.610002722319));
#2733 = CARTESIAN_POINT('',(0.588671681287,0.22861802857,4.600002722319)
  );
#2734 = CARTESIAN_POINT('',(0.588671681287,0.22861802857,4.610002722319)
  );
#2735 = CARTESIAN_POINT('',(0.445904275795,0.25562489847,4.600002722319)
  );
#2736 = CARTESIAN_POINT('',(0.445904275795,0.25562489847,4.610002722319)
  );
#2737 = CARTESIAN_POINT('',(0.382717805531,0.267577688227,4.600002722319
    ));
#2738 = CARTESIAN_POINT('',(0.382717805531,0.267577688227,4.610002722319
    ));
#2739 = ADVANCED_FACE('',(#2740),#2759,.F.);
#2740 = FACE_BOUND('',#2741,.F.);
#2741 = EDGE_LOOP('',(#2742,#2752,#2757,#2758));
#2742 = ORIENTED_EDGE('',*,*,#2743,.T.);
#2743 = EDGE_CURVE('',#2713,#2744,#2746,.T.);
#2744 = VERTEX_POINT('',#2745);
#2745 = CARTESIAN_POINT('',(0.402630153092,-0.244617433725,
    4.610002722319));
#2746 = B_SPLINE_CURVE_WITH_KNOTS('',3,(#2747,#2748,#2749,#2750,#2751),
  .UNSPECIFIED.,.F.,.F.,(4,1,4),(0.,0.445317252035,1.),.UNSPECIFIED.);
#2747 = CARTESIAN_POINT('',(0.637005153092,2.047962616841E-03,
    4.610002722319));
#2748 = CARTESIAN_POINT('',(0.628973174228,-5.759731471135E-02,
    4.610002722319));
#2749 = CARTESIAN_POINT('',(0.610936642235,-0.191536157313,
    4.610002722319));
#2750 = CARTESIAN_POINT('',(0.476950149225,-0.22567899223,4.610002722319
    ));
#2751 = CARTESIAN_POINT('',(0.402630153092,-0.244617433725,
    4.610002722319));
#2752 = ORIENTED_EDGE('',*,*,#2753,.T.);
#2753 = EDGE_CURVE('',#2744,#657,#2754,.T.);
#2754 = B_SPLINE_CURVE_WITH_KNOTS('',1,(#2755,#2756),.UNSPECIFIED.,.F.,
  .F.,(2,2),(-1.E-02,0.),.PIECEWISE_BEZIER_KNOTS.);
#2755 = CARTESIAN_POINT('',(0.402630153092,-0.244617433725,
    4.610002722319));
#2756 = CARTESIAN_POINT('',(0.402630153092,-0.244617433725,
    4.600002722319));
#2757 = ORIENTED_EDGE('',*,*,#666,.F.);
#2758 = ORIENTED_EDGE('',*,*,#2722,.F.);
#2759 = B_SPLINE_SURFACE_WITH_KNOTS('',3,1,(
    (#2760,#2761)
    ,(#2762,#2763)
    ,(#2764,#2765)
    ,(#2766,#2767)
    ,(#2768,#2769
    )),.UNSPECIFIED.,.F.,.F.,.F.,(4,1,4),(2,2),(0.,0.554682747965,1.),(
    0.,1.),.UNSPECIFIED.);
#2760 = CARTESIAN_POINT('',(0.402630153092,-0.244617433725,
    4.600002722319));
#2761 = CARTESIAN_POINT('',(0.402630153092,-0.244617433725,
    4.610002722319));
#2762 = CARTESIAN_POINT('',(0.476950149225,-0.22567899223,4.600002722319
    ));
#2763 = CARTESIAN_POINT('',(0.476950149225,-0.22567899223,4.610002722319
    ));
#2764 = CARTESIAN_POINT('',(0.610936642235,-0.191536157313,
    4.600002722319));
#2765 = CARTESIAN_POINT('',(0.610936642235,-0.191536157313,
    4.610002722319));
#2766 = CARTESIAN_POINT('',(0.628973174228,-5.759731471135E-02,
    4.600002722319));
#2767 = CARTESIAN_POINT('',(0.628973174228,-5.759731471135E-02,
    4.610002722319));
#2768 = CARTESIAN_POINT('',(0.637005153092,2.047962616841E-03,
    4.600002722319));
#2769 = CARTESIAN_POINT('',(0.637005153092,2.047962616841E-03,
    4.610002722319));
#2770 = ADVANCED_FACE('',(#2771),#2790,.F.);
#2771 = FACE_BOUND('',#2772,.F.);
#2772 = EDGE_LOOP('',(#2773,#2783,#2788,#2789));
#2773 = ORIENTED_EDGE('',*,*,#2774,.T.);
#2774 = EDGE_CURVE('',#2744,#2775,#2777,.T.);
#2775 = VERTEX_POINT('',#2776);
#2776 = CARTESIAN_POINT('',(0.265053933579,-0.212605238603,
    4.610002722319));
#2777 = B_SPLINE_CURVE_WITH_KNOTS('',3,(#2778,#2779,#2780,#2781,#2782),
  .UNSPECIFIED.,.F.,.F.,(4,1,4),(0.,0.440890142866,1.),.UNSPECIFIED.);
#2778 = CARTESIAN_POINT('',(0.402630153092,-0.244617433725,
    4.610002722319));
#2779 = CARTESIAN_POINT('',(0.38152024776,-0.244028877599,4.610002722319
    ));
#2780 = CARTESIAN_POINT('',(0.333640054306,-0.242693950668,
    4.610002722319));
#2781 = CARTESIAN_POINT('',(0.289649491093,-0.223395302835,
    4.610002722319));
#2782 = CARTESIAN_POINT('',(0.265053933579,-0.212605238603,
    4.610002722319));
#2783 = ORIENTED_EDGE('',*,*,#2784,.T.);
#2784 = EDGE_CURVE('',#2775,#647,#2785,.T.);
#2785 = B_SPLINE_CURVE_WITH_KNOTS('',1,(#2786,#2787),.UNSPECIFIED.,.F.,
  .F.,(2,2),(-1.E-02,0.),.PIECEWISE_BEZIER_KNOTS.);
#2786 = CARTESIAN_POINT('',(0.265053933579,-0.212605238603,
    4.610002722319));
#2787 = CARTESIAN_POINT('',(0.265053933579,-0.212605238603,
    4.600002722319));
#2788 = ORIENTED_EDGE('',*,*,#656,.F.);
#2789 = ORIENTED_EDGE('',*,*,#2753,.F.);
#2790 = B_SPLINE_SURFACE_WITH_KNOTS('',3,1,(
    (#2791,#2792)
    ,(#2793,#2794)
    ,(#2795,#2796)
    ,(#2797,#2798)
    ,(#2799,#2800
    )),.UNSPECIFIED.,.F.,.F.,.F.,(4,1,4),(2,2),(0.,0.559109857134,1.),(
    0.,1.),.UNSPECIFIED.);
#2791 = CARTESIAN_POINT('',(0.265053933579,-0.212605238603,
    4.600002722319));
#2792 = CARTESIAN_POINT('',(0.265053933579,-0.212605238603,
    4.610002722319));
#2793 = CARTESIAN_POINT('',(0.289649491093,-0.223395302835,
    4.600002722319));
#2794 = CARTESIAN_POINT('',(0.289649491093,-0.223395302835,
    4.610002722319));
#2795 = CARTESIAN_POINT('',(0.333640054306,-0.242693950668,
    4.600002722319));
#2796 = CARTESIAN_POINT('',(0.333640054306,-0.242693950668,
    4.610002722319));
#2797 = CARTESIAN_POINT('',(0.38152024776,-0.244028877599,4.600002722319
    ));
#2798 = CARTESIAN_POINT('',(0.38152024776,-0.244028877599,4.610002722319
    ));
#2799 = CARTESIAN_POINT('',(0.402630153092,-0.244617433725,
    4.600002722319));
#2800 = CARTESIAN_POINT('',(0.402630153092,-0.244617433725,
    4.610002722319));
#2801 = ADVANCED_FACE('',(#2802),#2818,.T.);
#2802 = FACE_BOUND('',#2803,.T.);
#2803 = EDGE_LOOP('',(#2804,#2805,#2806,#2813));
#2804 = ORIENTED_EDGE('',*,*,#2784,.T.);
#2805 = ORIENTED_EDGE('',*,*,#646,.T.);
#2806 = ORIENTED_EDGE('',*,*,#2807,.F.);
#2807 = EDGE_CURVE('',#2808,#637,#2810,.T.);
#2808 = VERTEX_POINT('',#2809);
#2809 = CARTESIAN_POINT('',(0.265053933579,-0.157727189822,
    4.610002722319));
#2810 = B_SPLINE_CURVE_WITH_KNOTS('',1,(#2811,#2812),.UNSPECIFIED.,.F.,
  .F.,(2,2),(-1.E-02,0.),.PIECEWISE_BEZIER_KNOTS.);
#2811 = CARTESIAN_POINT('',(0.265053933579,-0.157727189822,
    4.610002722319));
#2812 = CARTESIAN_POINT('',(0.265053933579,-0.157727189822,
    4.600002722319));
#2813 = ORIENTED_EDGE('',*,*,#2814,.F.);
#2814 = EDGE_CURVE('',#2775,#2808,#2815,.T.);
#2815 = B_SPLINE_CURVE_WITH_KNOTS('',1,(#2816,#2817),.UNSPECIFIED.,.F.,
  .F.,(2,2),(-3.737605238603,-3.682727189822),.PIECEWISE_BEZIER_KNOTS.);
#2816 = CARTESIAN_POINT('',(0.265053933579,-0.212605238603,
    4.610002722319));
#2817 = CARTESIAN_POINT('',(0.265053933579,-0.157727189822,
    4.610002722319));
#2818 = B_SPLINE_SURFACE_WITH_KNOTS('',1,1,(
    (#2819,#2820)
    ,(#2821,#2822
    )),.UNSPECIFIED.,.F.,.F.,.F.,(2,2),(2,2),(-4.440892098501E-16,
    5.487804878049E-02),(0.,1.E-02),.PIECEWISE_BEZIER_KNOTS.);
#2819 = CARTESIAN_POINT('',(0.265053933579,-0.212605238603,
    4.600002722319));
#2820 = CARTESIAN_POINT('',(0.265053933579,-0.212605238603,
    4.610002722319));
#2821 = CARTESIAN_POINT('',(0.265053933579,-0.157727189822,
    4.600002722319));
#2822 = CARTESIAN_POINT('',(0.265053933579,-0.157727189822,
    4.610002722319));
#2823 = ADVANCED_FACE('',(#2824),#2843,.F.);
#2824 = FACE_BOUND('',#2825,.F.);
#2825 = EDGE_LOOP('',(#2826,#2836,#2841,#2842));
#2826 = ORIENTED_EDGE('',*,*,#2827,.T.);
#2827 = EDGE_CURVE('',#2808,#2828,#2830,.T.);
#2828 = VERTEX_POINT('',#2829);
#2829 = CARTESIAN_POINT('',(0.393388537238,-0.189739384944,
    4.610002722319));
#2830 = B_SPLINE_CURVE_WITH_KNOTS('',3,(#2831,#2832,#2833,#2834,#2835),
  .UNSPECIFIED.,.F.,.F.,(4,1,4),(0.,0.440010228627,1.),.UNSPECIFIED.);
#2831 = CARTESIAN_POINT('',(0.265053933579,-0.157727189822,
    4.610002722319));
#2832 = CARTESIAN_POINT('',(0.282814006386,-0.166404726363,
    4.610002722319));
#2833 = CARTESIAN_POINT('',(0.323176869908,-0.186125941862,
    4.610002722319));
#2834 = CARTESIAN_POINT('',(0.368184644073,-0.188442266718,
    4.610002722319));
#2835 = CARTESIAN_POINT('',(0.393388537238,-0.189739384944,
    4.610002722319));
#2836 = ORIENTED_EDGE('',*,*,#2837,.T.);
#2837 = EDGE_CURVE('',#2828,#627,#2838,.T.);
#2838 = B_SPLINE_CURVE_WITH_KNOTS('',1,(#2839,#2840),.UNSPECIFIED.,.F.,
  .F.,(2,2),(-1.E-02,0.),.PIECEWISE_BEZIER_KNOTS.);
#2839 = CARTESIAN_POINT('',(0.393388537238,-0.189739384944,
    4.610002722319));
#2840 = CARTESIAN_POINT('',(0.393388537238,-0.189739384944,
    4.600002722319));
#2841 = ORIENTED_EDGE('',*,*,#636,.F.);
#2842 = ORIENTED_EDGE('',*,*,#2807,.F.);
#2843 = B_SPLINE_SURFACE_WITH_KNOTS('',3,1,(
    (#2844,#2845)
    ,(#2846,#2847)
    ,(#2848,#2849)
    ,(#2850,#2851)
    ,(#2852,#2853
    )),.UNSPECIFIED.,.F.,.F.,.F.,(4,1,4),(2,2),(0.,0.559989771373,1.),(
    0.,1.),.UNSPECIFIED.);
#2844 = CARTESIAN_POINT('',(0.393388537238,-0.189739384944,
    4.600002722319));
#2845 = CARTESIAN_POINT('',(0.393388537238,-0.189739384944,
    4.610002722319));
#2846 = CARTESIAN_POINT('',(0.368184644073,-0.188442266718,
    4.600002722319));
#2847 = CARTESIAN_POINT('',(0.368184644073,-0.188442266718,
    4.610002722319));
#2848 = CARTESIAN_POINT('',(0.323176869908,-0.186125941862,
    4.600002722319));
#2849 = CARTESIAN_POINT('',(0.323176869908,-0.186125941862,
    4.610002722319));
#2850 = CARTESIAN_POINT('',(0.282814006386,-0.166404726363,
    4.600002722319));
#2851 = CARTESIAN_POINT('',(0.282814006386,-0.166404726363,
    4.610002722319));
#2852 = CARTESIAN_POINT('',(0.265053933579,-0.157727189822,
    4.600002722319));
#2853 = CARTESIAN_POINT('',(0.265053933579,-0.157727189822,
    4.610002722319));
#2854 = ADVANCED_FACE('',(#2855),#2874,.F.);
#2855 = FACE_BOUND('',#2856,.F.);
#2856 = EDGE_LOOP('',(#2857,#2867,#2872,#2873));
#2857 = ORIENTED_EDGE('',*,*,#2858,.T.);
#2858 = EDGE_CURVE('',#2828,#2859,#2861,.T.);
#2859 = VERTEX_POINT('',#2860);
#2860 = CARTESIAN_POINT('',(0.56993198236,6.144761397329E-03,
    4.610002722319));
#2861 = B_SPLINE_CURVE_WITH_KNOTS('',3,(#2862,#2863,#2864,#2865,#2866),
  .UNSPECIFIED.,.F.,.F.,(4,1,4),(0.,0.440948198198,1.),.UNSPECIFIED.);
#2862 = CARTESIAN_POINT('',(0.393388537238,-0.189739384944,
    4.610002722319));
#2863 = CARTESIAN_POINT('',(0.438711616829,-0.180391426802,
    4.610002722319));
#2864 = CARTESIAN_POINT('',(0.541497113573,-0.1591917526,4.610002722319)
  );
#2865 = CARTESIAN_POINT('',(0.559735679318,-5.314234884926E-02,
    4.610002722319));
#2866 = CARTESIAN_POINT('',(0.56993198236,6.144761397329E-03,
    4.610002722319));
#2867 = ORIENTED_EDGE('',*,*,#2868,.T.);
#2868 = EDGE_CURVE('',#2859,#617,#2869,.T.);
#2869 = B_SPLINE_CURVE_WITH_KNOTS('',1,(#2870,#2871),.UNSPECIFIED.,.F.,
  .F.,(2,2),(-1.E-02,0.),.PIECEWISE_BEZIER_KNOTS.);
#2870 = CARTESIAN_POINT('',(0.56993198236,6.144761397329E-03,
    4.610002722319));
#2871 = CARTESIAN_POINT('',(0.56993198236,6.144761397329E-03,
    4.600002722319));
#2872 = ORIENTED_EDGE('',*,*,#626,.F.);
#2873 = ORIENTED_EDGE('',*,*,#2837,.F.);
#2874 = B_SPLINE_SURFACE_WITH_KNOTS('',3,1,(
    (#2875,#2876)
    ,(#2877,#2878)
    ,(#2879,#2880)
    ,(#2881,#2882)
    ,(#2883,#2884
    )),.UNSPECIFIED.,.F.,.F.,.F.,(4,1,4),(2,2),(0.,0.559051801802,1.),(
    0.,1.),.UNSPECIFIED.);
#2875 = CARTESIAN_POINT('',(0.56993198236,6.144761397329E-03,
    4.600002722319));
#2876 = CARTESIAN_POINT('',(0.56993198236,6.144761397329E-03,
    4.610002722319));
#2877 = CARTESIAN_POINT('',(0.559735679318,-5.314234884926E-02,
    4.600002722319));
#2878 = CARTESIAN_POINT('',(0.559735679318,-5.314234884926E-02,
    4.610002722319));
#2879 = CARTESIAN_POINT('',(0.541497113573,-0.1591917526,4.600002722319)
  );
#2880 = CARTESIAN_POINT('',(0.541497113573,-0.1591917526,4.610002722319)
  );
#2881 = CARTESIAN_POINT('',(0.438711616829,-0.180391426802,
    4.600002722319));
#2882 = CARTESIAN_POINT('',(0.438711616829,-0.180391426802,
    4.610002722319));
#2883 = CARTESIAN_POINT('',(0.393388537238,-0.189739384944,
    4.600002722319));
#2884 = CARTESIAN_POINT('',(0.393388537238,-0.189739384944,
    4.610002722319));
#2885 = ADVANCED_FACE('',(#2886),#2899,.F.);
#2886 = FACE_BOUND('',#2887,.F.);
#2887 = EDGE_LOOP('',(#2888,#2889,#2890,#2891));
#2888 = ORIENTED_EDGE('',*,*,#2640,.T.);
#2889 = ORIENTED_EDGE('',*,*,#616,.F.);
#2890 = ORIENTED_EDGE('',*,*,#2868,.F.);
#2891 = ORIENTED_EDGE('',*,*,#2892,.T.);
#2892 = EDGE_CURVE('',#2859,#2623,#2893,.T.);
#2893 = B_SPLINE_CURVE_WITH_KNOTS('',3,(#2894,#2895,#2896,#2897,#2898),
  .UNSPECIFIED.,.F.,.F.,(4,1,4),(0.,0.44618891039,1.),.UNSPECIFIED.);
#2894 = CARTESIAN_POINT('',(0.56993198236,6.144761397329E-03,
    4.610002722319));
#2895 = CARTESIAN_POINT('',(0.564135244378,5.51304771754E-02,
    4.610002722319));
#2896 = CARTESIAN_POINT('',(0.551143576842,0.16491741862,4.610002722319)
  );
#2897 = CARTESIAN_POINT('',(0.442380408151,0.195669046759,4.610002722319
    ));
#2898 = CARTESIAN_POINT('',(0.382146159189,0.212699639446,4.610002722319
    ));
#2899 = B_SPLINE_SURFACE_WITH_KNOTS('',3,1,(
    (#2900,#2901)
    ,(#2902,#2903)
    ,(#2904,#2905)
    ,(#2906,#2907)
    ,(#2908,#2909
    )),.UNSPECIFIED.,.F.,.F.,.F.,(4,1,4),(2,2),(0.,0.55381108961,1.),(0.
    ,1.),.UNSPECIFIED.);
#2900 = CARTESIAN_POINT('',(0.382146159189,0.212699639446,4.600002722319
    ));
#2901 = CARTESIAN_POINT('',(0.382146159189,0.212699639446,4.610002722319
    ));
#2902 = CARTESIAN_POINT('',(0.442380408151,0.195669046759,4.600002722319
    ));
#2903 = CARTESIAN_POINT('',(0.442380408151,0.195669046759,4.610002722319
    ));
#2904 = CARTESIAN_POINT('',(0.551143576842,0.16491741862,4.600002722319)
  );
#2905 = CARTESIAN_POINT('',(0.551143576842,0.16491741862,4.610002722319)
  );
#2906 = CARTESIAN_POINT('',(0.564135244378,5.51304771754E-02,
    4.600002722319));
#2907 = CARTESIAN_POINT('',(0.564135244378,5.51304771754E-02,
    4.610002722319));
#2908 = CARTESIAN_POINT('',(0.56993198236,6.144761397329E-03,
    4.600002722319));
#2909 = CARTESIAN_POINT('',(0.56993198236,6.144761397329E-03,
    4.610002722319));
#2910 = ADVANCED_FACE('',(#2911),#2923,.F.);
#2911 = FACE_BOUND('',#2912,.T.);
#2912 = EDGE_LOOP('',(#2913,#2914,#2915,#2916,#2917,#2918,#2919,#2920,
    #2921,#2922));
#2913 = ORIENTED_EDGE('',*,*,#2858,.T.);
#2914 = ORIENTED_EDGE('',*,*,#2892,.T.);
#2915 = ORIENTED_EDGE('',*,*,#2622,.T.);
#2916 = ORIENTED_EDGE('',*,*,#2668,.T.);
#2917 = ORIENTED_EDGE('',*,*,#2681,.T.);
#2918 = ORIENTED_EDGE('',*,*,#2712,.T.);
#2919 = ORIENTED_EDGE('',*,*,#2743,.T.);
#2920 = ORIENTED_EDGE('',*,*,#2774,.T.);
#2921 = ORIENTED_EDGE('',*,*,#2814,.T.);
#2922 = ORIENTED_EDGE('',*,*,#2827,.T.);
#2923 = B_SPLINE_SURFACE_WITH_KNOTS('',1,1,(
    (#2924,#2925)
    ,(#2926,#2927
    )),.UNSPECIFIED.,.F.,.F.,.F.,(2,2),(2,2),(9.590053933579,
    9.962005153092),(-3.769617433725,-3.257422311773),
  .PIECEWISE_BEZIER_KNOTS.);
#2924 = CARTESIAN_POINT('',(0.265053933579,-0.244617433725,
    4.610002722319));
#2925 = CARTESIAN_POINT('',(0.265053933579,0.267577688227,4.610002722319
    ));
#2926 = CARTESIAN_POINT('',(0.637005153092,-0.244617433725,
    4.610002722319));
#2927 = CARTESIAN_POINT('',(0.637005153092,0.267577688227,4.610002722319
    ));
#2928 = ADVANCED_FACE('',(#2929),#2951,.T.);
#2929 = FACE_BOUND('',#2930,.T.);
#2930 = EDGE_LOOP('',(#2931,#2938,#2939,#2946));
#2931 = ORIENTED_EDGE('',*,*,#2932,.T.);
#2932 = EDGE_CURVE('',#2933,#157,#2935,.T.);
#2933 = VERTEX_POINT('',#2934);
#2934 = CARTESIAN_POINT('',(0.935785640897,0.261480127251,4.610002722319
    ));
#2935 = B_SPLINE_CURVE_WITH_KNOTS('',1,(#2936,#2937),.UNSPECIFIED.,.F.,
  .F.,(2,2),(-1.E-02,0.),.PIECEWISE_BEZIER_KNOTS.);
#2936 = CARTESIAN_POINT('',(0.935785640897,0.261480127251,4.610002722319
    ));
#2937 = CARTESIAN_POINT('',(0.935785640897,0.261480127251,4.600002722319
    ));
#2938 = ORIENTED_EDGE('',*,*,#156,.T.);
#2939 = ORIENTED_EDGE('',*,*,#2940,.F.);
#2940 = EDGE_CURVE('',#2941,#145,#2943,.T.);
#2941 = VERTEX_POINT('',#2942);
#2942 = CARTESIAN_POINT('',(0.935785640897,-0.238519872749,
    4.610002722319));
#2943 = B_SPLINE_CURVE_WITH_KNOTS('',1,(#2944,#2945),.UNSPECIFIED.,.F.,
  .F.,(2,2),(-1.E-02,0.),.PIECEWISE_BEZIER_KNOTS.);
#2944 = CARTESIAN_POINT('',(0.935785640897,-0.238519872749,
    4.610002722319));
#2945 = CARTESIAN_POINT('',(0.935785640897,-0.238519872749,
    4.600002722319));
#2946 = ORIENTED_EDGE('',*,*,#2947,.F.);
#2947 = EDGE_CURVE('',#2933,#2941,#2948,.T.);
#2948 = B_SPLINE_CURVE_WITH_KNOTS('',1,(#2949,#2950),.UNSPECIFIED.,.F.,
  .F.,(2,2),(3.263519872749,3.763519872749),.PIECEWISE_BEZIER_KNOTS.);
#2949 = CARTESIAN_POINT('',(0.935785640897,0.261480127251,4.610002722319
    ));
#2950 = CARTESIAN_POINT('',(0.935785640897,-0.238519872749,
    4.610002722319));
#2951 = B_SPLINE_SURFACE_WITH_KNOTS('',1,1,(
    (#2952,#2953)
    ,(#2954,#2955
    )),.UNSPECIFIED.,.F.,.F.,.F.,(2,2),(2,2),(0.,0.5),(0.,1.E-02),
  .PIECEWISE_BEZIER_KNOTS.);
#2952 = CARTESIAN_POINT('',(0.935785640897,0.261480127251,4.600002722319
    ));
#2953 = CARTESIAN_POINT('',(0.935785640897,0.261480127251,4.610002722319
    ));
#2954 = CARTESIAN_POINT('',(0.935785640897,-0.238519872749,
    4.600002722319));
#2955 = CARTESIAN_POINT('',(0.935785640897,-0.238519872749,
    4.610002722319));
#2956 = ADVANCED_FACE('',(#2957),#2973,.T.);
#2957 = FACE_BOUND('',#2958,.T.);
#2958 = EDGE_LOOP('',(#2959,#2960,#2961,#2968));
#2959 = ORIENTED_EDGE('',*,*,#2940,.T.);
#2960 = ORIENTED_EDGE('',*,*,#144,.T.);
#2961 = ORIENTED_EDGE('',*,*,#2962,.F.);
#2962 = EDGE_CURVE('',#2963,#147,#2965,.T.);
#2963 = VERTEX_POINT('',#2964);
#2964 = CARTESIAN_POINT('',(0.679688079921,-0.238519872749,
    4.610002722319));
#2965 = B_SPLINE_CURVE_WITH_KNOTS('',1,(#2966,#2967),.UNSPECIFIED.,.F.,
  .F.,(2,2),(-1.E-02,0.),.PIECEWISE_BEZIER_KNOTS.);
#2966 = CARTESIAN_POINT('',(0.679688079921,-0.238519872749,
    4.610002722319));
#2967 = CARTESIAN_POINT('',(0.679688079921,-0.238519872749,
    4.600002722319));
#2968 = ORIENTED_EDGE('',*,*,#2969,.F.);
#2969 = EDGE_CURVE('',#2941,#2963,#2970,.T.);
#2970 = B_SPLINE_CURVE_WITH_KNOTS('',1,(#2971,#2972),.UNSPECIFIED.,.F.,
  .F.,(2,2),(-10.26078564089,-10.00468807992),.PIECEWISE_BEZIER_KNOTS.);
#2971 = CARTESIAN_POINT('',(0.935785640897,-0.238519872749,
    4.610002722319));
#2972 = CARTESIAN_POINT('',(0.679688079921,-0.238519872749,
    4.610002722319));
#2973 = B_SPLINE_SURFACE_WITH_KNOTS('',1,1,(
    (#2974,#2975)
    ,(#2976,#2977
    )),.UNSPECIFIED.,.F.,.F.,.F.,(2,2),(2,2),(-1.7763568394E-15,
    0.256097560976),(0.,1.E-02),.PIECEWISE_BEZIER_KNOTS.);
#2974 = CARTESIAN_POINT('',(0.935785640897,-0.238519872749,
    4.600002722319));
#2975 = CARTESIAN_POINT('',(0.935785640897,-0.238519872749,
    4.610002722319));
#2976 = CARTESIAN_POINT('',(0.679688079921,-0.238519872749,
    4.600002722319));
#2977 = CARTESIAN_POINT('',(0.679688079921,-0.238519872749,
    4.610002722319));
#2978 = ADVANCED_FACE('',(#2979),#2995,.T.);
#2979 = FACE_BOUND('',#2980,.T.);
#2980 = EDGE_LOOP('',(#2981,#2982,#2983,#2990));
#2981 = ORIENTED_EDGE('',*,*,#2962,.T.);
#2982 = ORIENTED_EDGE('',*,*,#196,.T.);
#2983 = ORIENTED_EDGE('',*,*,#2984,.F.);
#2984 = EDGE_CURVE('',#2985,#187,#2987,.T.);
#2985 = VERTEX_POINT('',#2986);
#2986 = CARTESIAN_POINT('',(0.679688079921,-0.183641823969,
    4.610002722319));
#2987 = B_SPLINE_CURVE_WITH_KNOTS('',1,(#2988,#2989),.UNSPECIFIED.,.F.,
  .F.,(2,2),(-1.E-02,0.),.PIECEWISE_BEZIER_KNOTS.);
#2988 = CARTESIAN_POINT('',(0.679688079921,-0.183641823969,
    4.610002722319));
#2989 = CARTESIAN_POINT('',(0.679688079921,-0.183641823969,
    4.600002722319));
#2990 = ORIENTED_EDGE('',*,*,#2991,.F.);
#2991 = EDGE_CURVE('',#2963,#2985,#2992,.T.);
#2992 = B_SPLINE_CURVE_WITH_KNOTS('',1,(#2993,#2994),.UNSPECIFIED.,.F.,
  .F.,(2,2),(-3.763519872749,-3.708641823969),.PIECEWISE_BEZIER_KNOTS.);
#2993 = CARTESIAN_POINT('',(0.679688079921,-0.238519872749,
    4.610002722319));
#2994 = CARTESIAN_POINT('',(0.679688079921,-0.183641823969,
    4.610002722319));
#2995 = B_SPLINE_SURFACE_WITH_KNOTS('',1,1,(
    (#2996,#2997)
    ,(#2998,#2999
    )),.UNSPECIFIED.,.F.,.F.,.F.,(2,2),(2,2),(0.,5.487804878049E-02),(0.
    ,1.E-02),.PIECEWISE_BEZIER_KNOTS.);
#2996 = CARTESIAN_POINT('',(0.679688079921,-0.238519872749,
    4.600002722319));
#2997 = CARTESIAN_POINT('',(0.679688079921,-0.238519872749,
    4.610002722319));
#2998 = CARTESIAN_POINT('',(0.679688079921,-0.183641823969,
    4.600002722319));
#2999 = CARTESIAN_POINT('',(0.679688079921,-0.183641823969,
    4.610002722319));
#3000 = ADVANCED_FACE('',(#3001),#3017,.T.);
#3001 = FACE_BOUND('',#3002,.T.);
#3002 = EDGE_LOOP('',(#3003,#3004,#3005,#3012));
#3003 = ORIENTED_EDGE('',*,*,#2984,.T.);
#3004 = ORIENTED_EDGE('',*,*,#186,.T.);
#3005 = ORIENTED_EDGE('',*,*,#3006,.F.);
#3006 = EDGE_CURVE('',#3007,#177,#3009,.T.);
#3007 = VERTEX_POINT('',#3008);
#3008 = CARTESIAN_POINT('',(0.868712470165,-0.183641823969,
    4.610002722319));
#3009 = B_SPLINE_CURVE_WITH_KNOTS('',1,(#3010,#3011),.UNSPECIFIED.,.F.,
  .F.,(2,2),(-1.E-02,0.),.PIECEWISE_BEZIER_KNOTS.);
#3010 = CARTESIAN_POINT('',(0.868712470165,-0.183641823969,
    4.610002722319));
#3011 = CARTESIAN_POINT('',(0.868712470165,-0.183641823969,
    4.600002722319));
#3012 = ORIENTED_EDGE('',*,*,#3013,.F.);
#3013 = EDGE_CURVE('',#2985,#3007,#3014,.T.);
#3014 = B_SPLINE_CURVE_WITH_KNOTS('',1,(#3015,#3016),.UNSPECIFIED.,.F.,
  .F.,(2,2),(10.004688079921,10.193712470165),.PIECEWISE_BEZIER_KNOTS.);
#3015 = CARTESIAN_POINT('',(0.679688079921,-0.183641823969,
    4.610002722319));
#3016 = CARTESIAN_POINT('',(0.868712470165,-0.183641823969,
    4.610002722319));
#3017 = B_SPLINE_SURFACE_WITH_KNOTS('',1,1,(
    (#3018,#3019)
    ,(#3020,#3021
    )),.UNSPECIFIED.,.F.,.F.,.F.,(2,2),(2,2),(0.,0.189024390244),(0.,
    1.E-02),.PIECEWISE_BEZIER_KNOTS.);
#3018 = CARTESIAN_POINT('',(0.679688079921,-0.183641823969,
    4.600002722319));
#3019 = CARTESIAN_POINT('',(0.679688079921,-0.183641823969,
    4.610002722319));
#3020 = CARTESIAN_POINT('',(0.868712470165,-0.183641823969,
    4.600002722319));
#3021 = CARTESIAN_POINT('',(0.868712470165,-0.183641823969,
    4.610002722319));
#3022 = ADVANCED_FACE('',(#3023),#3039,.T.);
#3023 = FACE_BOUND('',#3024,.T.);
#3024 = EDGE_LOOP('',(#3025,#3026,#3027,#3034));
#3025 = ORIENTED_EDGE('',*,*,#3006,.T.);
#3026 = ORIENTED_EDGE('',*,*,#176,.T.);
#3027 = ORIENTED_EDGE('',*,*,#3028,.F.);
#3028 = EDGE_CURVE('',#3029,#167,#3031,.T.);
#3029 = VERTEX_POINT('',#3030);
#3030 = CARTESIAN_POINT('',(0.868712470165,0.261480127251,4.610002722319
    ));
#3031 = B_SPLINE_CURVE_WITH_KNOTS('',1,(#3032,#3033),.UNSPECIFIED.,.F.,
  .F.,(2,2),(-1.E-02,-0.),.PIECEWISE_BEZIER_KNOTS.);
#3032 = CARTESIAN_POINT('',(0.868712470165,0.261480127251,4.610002722319
    ));
#3033 = CARTESIAN_POINT('',(0.868712470165,0.261480127251,4.600002722319
    ));
#3034 = ORIENTED_EDGE('',*,*,#3035,.F.);
#3035 = EDGE_CURVE('',#3007,#3029,#3036,.T.);
#3036 = B_SPLINE_CURVE_WITH_KNOTS('',1,(#3037,#3038),.UNSPECIFIED.,.F.,
  .F.,(2,2),(-3.708641823969,-3.263519872749),.PIECEWISE_BEZIER_KNOTS.);
#3037 = CARTESIAN_POINT('',(0.868712470165,-0.183641823969,
    4.610002722319));
#3038 = CARTESIAN_POINT('',(0.868712470165,0.261480127251,4.610002722319
    ));
#3039 = B_SPLINE_SURFACE_WITH_KNOTS('',1,1,(
    (#3040,#3041)
    ,(#3042,#3043
    )),.UNSPECIFIED.,.F.,.F.,.F.,(2,2),(2,2),(0.,0.44512195122),(0.,
    1.E-02),.PIECEWISE_BEZIER_KNOTS.);
#3040 = CARTESIAN_POINT('',(0.868712470165,-0.183641823969,
    4.600002722319));
#3041 = CARTESIAN_POINT('',(0.868712470165,-0.183641823969,
    4.610002722319));
#3042 = CARTESIAN_POINT('',(0.868712470165,0.261480127251,4.600002722319
    ));
#3043 = CARTESIAN_POINT('',(0.868712470165,0.261480127251,4.610002722319
    ));
#3044 = ADVANCED_FACE('',(#3045),#3055,.T.);
#3045 = FACE_BOUND('',#3046,.T.);
#3046 = EDGE_LOOP('',(#3047,#3052,#3053,#3054));
#3047 = ORIENTED_EDGE('',*,*,#3048,.F.);
#3048 = EDGE_CURVE('',#3029,#2933,#3049,.T.);
#3049 = B_SPLINE_CURVE_WITH_KNOTS('',1,(#3050,#3051),.UNSPECIFIED.,.F.,
  .F.,(2,2),(10.193712470165,10.260785640897),.PIECEWISE_BEZIER_KNOTS.);
#3050 = CARTESIAN_POINT('',(0.868712470165,0.261480127251,4.610002722319
    ));
#3051 = CARTESIAN_POINT('',(0.935785640897,0.261480127251,4.610002722319
    ));
#3052 = ORIENTED_EDGE('',*,*,#3028,.T.);
#3053 = ORIENTED_EDGE('',*,*,#166,.T.);
#3054 = ORIENTED_EDGE('',*,*,#2932,.F.);
#3055 = B_SPLINE_SURFACE_WITH_KNOTS('',1,1,(
    (#3056,#3057)
    ,(#3058,#3059
    )),.UNSPECIFIED.,.F.,.F.,.F.,(2,2),(2,2),(0.,6.707317073171E-02),(0.
    ,1.E-02),.PIECEWISE_BEZIER_KNOTS.);
#3056 = CARTESIAN_POINT('',(0.868712470165,0.261480127251,4.600002722319
    ));
#3057 = CARTESIAN_POINT('',(0.868712470165,0.261480127251,4.610002722319
    ));
#3058 = CARTESIAN_POINT('',(0.935785640897,0.261480127251,4.600002722319
    ));
#3059 = CARTESIAN_POINT('',(0.935785640897,0.261480127251,4.610002722319
    ));
#3060 = ADVANCED_FACE('',(#3061),#3069,.F.);
#3061 = FACE_BOUND('',#3062,.T.);
#3062 = EDGE_LOOP('',(#3063,#3064,#3065,#3066,#3067,#3068));
#3063 = ORIENTED_EDGE('',*,*,#3035,.T.);
#3064 = ORIENTED_EDGE('',*,*,#3048,.T.);
#3065 = ORIENTED_EDGE('',*,*,#2947,.T.);
#3066 = ORIENTED_EDGE('',*,*,#2969,.T.);
#3067 = ORIENTED_EDGE('',*,*,#2991,.T.);
#3068 = ORIENTED_EDGE('',*,*,#3013,.T.);
#3069 = B_SPLINE_SURFACE_WITH_KNOTS('',1,1,(
    (#3070,#3071)
    ,(#3072,#3073
    )),.UNSPECIFIED.,.F.,.F.,.F.,(2,2),(2,2),(10.004688079921,
    10.260785640897),(-3.763519872749,-3.263519872749),
  .PIECEWISE_BEZIER_KNOTS.);
#3070 = CARTESIAN_POINT('',(0.679688079921,-0.238519872749,
    4.610002722319));
#3071 = CARTESIAN_POINT('',(0.679688079921,0.261480127251,4.610002722319
    ));
#3072 = CARTESIAN_POINT('',(0.935785640897,-0.238519872749,
    4.610002722319));
#3073 = CARTESIAN_POINT('',(0.935785640897,0.261480127251,4.610002722319
    ));
#3074 = ADVANCED_FACE('',(#3075),#3082,.F.);
#3075 = FACE_BOUND('',#3076,.T.);
#3076 = EDGE_LOOP('',(#3077,#3078,#3079,#3080,#3081));
#3077 = ORIENTED_EDGE('',*,*,#1895,.F.);
#3078 = ORIENTED_EDGE('',*,*,#1920,.F.);
#3079 = ORIENTED_EDGE('',*,*,#1945,.F.);
#3080 = ORIENTED_EDGE('',*,*,#1970,.F.);
#3081 = ORIENTED_EDGE('',*,*,#1994,.F.);
#3082 = B_SPLINE_SURFACE_WITH_KNOTS('',1,1,(
    (#3083,#3084)
    ,(#3085,#3086
    )),.UNSPECIFIED.,.F.,.F.,.F.,(2,2),(2,2),(8.382641586018,
    8.549848140897),(-3.568397921529,-3.324495482505),
  .PIECEWISE_BEZIER_KNOTS.);
#3083 = CARTESIAN_POINT('',(-0.942358413982,-4.33979215295E-02,
    4.600002722319));
#3084 = CARTESIAN_POINT('',(-0.942358413982,0.200504517495,
    4.600002722319));
#3085 = CARTESIAN_POINT('',(-0.775151859103,-4.33979215295E-02,
    4.600002722319));
#3086 = CARTESIAN_POINT('',(-0.775151859103,0.200504517495,
    4.600002722319));
#3087 = ADVANCED_FACE('',(#3088),#3095,.F.);
#3088 = FACE_BOUND('',#3089,.T.);
#3089 = EDGE_LOOP('',(#3090,#3091,#3092,#3093,#3094));
#3090 = ORIENTED_EDGE('',*,*,#2216,.F.);
#3091 = ORIENTED_EDGE('',*,*,#2247,.F.);
#3092 = ORIENTED_EDGE('',*,*,#2272,.F.);
#3093 = ORIENTED_EDGE('',*,*,#2297,.F.);
#3094 = ORIENTED_EDGE('',*,*,#2315,.F.);
#3095 = B_SPLINE_SURFACE_WITH_KNOTS('',1,1,(
    (#3096,#3097)
    ,(#3098,#3099
    )),.UNSPECIFIED.,.F.,.F.,.F.,(2,2),(2,2),(8.791273445775,
    9.059566128701),(-3.708641823969,-3.31839792153),
  .PIECEWISE_BEZIER_KNOTS.);
#3096 = CARTESIAN_POINT('',(-0.533726554225,-0.183641823969,
    4.600002722319));
#3097 = CARTESIAN_POINT('',(-0.533726554225,0.20660207847,4.600002722319
    ));
#3098 = CARTESIAN_POINT('',(-0.265433871299,-0.183641823969,
    4.600002722319));
#3099 = CARTESIAN_POINT('',(-0.265433871299,0.20660207847,4.600002722319
    ));
#3100 = ( GEOMETRIC_REPRESENTATION_CONTEXT(3) 
GLOBAL_UNCERTAINTY_ASSIGNED_CONTEXT((#3104)) 
GLOBAL_UNIT_ASSIGNED_CONTEXT((#3101,#3102,#3103)) REPRESENTATION_CONTEXT
('Context #1','3D Context with UNIT and UNCERTAINTY') );
#3101 = ( LENGTH_UNIT() NAMED_UNIT(*) SI_UNIT(.MILLI.,.METRE.) );
#3102 = ( NAMED_UNIT(*) PLANE_ANGLE_UNIT() SI_UNIT($,.RADIAN.) );
#3103 = ( NAMED_UNIT(*) SI_UNIT($,.STERADIAN.) SOLID_ANGLE_UNIT() );
#3104 = UNCERTAINTY_MEASURE_WITH_UNIT(LENGTH_MEASURE(1.E-07),#3101,
  'distance_accuracy_value','confusion accuracy');
#3105 = PRODUCT_RELATED_PRODUCT_CATEGORY('part',$,(#7));
#3106 = MECHANICAL_DESIGN_GEOMETRIC_PRESENTATION_REPRESENTATION('',(
    #3107,#3117,#3125,#3133,#3140,#3147,#3154,#3161,#3168,#3175,#3182,
    #3189,#3196,#3203,#3210,#3217,#3224,#3231,#3238,#3245,#3252,#3259,
    #3266,#3273,#3280,#3287,#3294,#3301,#3308,#3315,#3322,#3329,#3336,
    #3343,#3350,#3357,#3364,#3371,#3378,#3385,#3392,#3399,#3406,#3413,
    #3420,#3427,#3434,#3441,#3448,#3455,#3462,#3469,#3476,#3483,#3490,
    #3497,#3504,#3511,#3518,#3525,#3532,#3539,#3546,#3553,#3560,#3567,
    #3574,#3581,#3588,#3595,#3602,#3609,#3616,#3623,#3630,#3637,#3644,
    #3651,#3658,#3665,#3672,#3679,#3686,#3693,#3700,#3707,#3714,#3721,
    #3728,#3735,#3742,#3749,#3756,#3763,#3770,#3777,#3784,#3791,#3798,
    #3805,#3812,#3819,#3826,#3833),#3100);
#3107 = STYLED_ITEM('color',(#3108),#15);
#3108 = PRESENTATION_STYLE_ASSIGNMENT((#3109,#3115));
#3109 = SURFACE_STYLE_USAGE(.BOTH.,#3110);
#3110 = SURFACE_SIDE_STYLE('',(#3111));
#3111 = SURFACE_STYLE_FILL_AREA(#3112);
#3112 = FILL_AREA_STYLE('',(#3113));
#3113 = FILL_AREA_STYLE_COLOUR('',#3114);
#3114 = DRAUGHTING_PRE_DEFINED_COLOUR('white');
#3115 = CURVE_STYLE('',#3116,POSITIVE_LENGTH_MEASURE(0.1),#3114);
#3116 = DRAUGHTING_PRE_DEFINED_CURVE_FONT('continuous');
#3117 = OVER_RIDING_STYLED_ITEM('overriding color',(#3118),#17,#3107);
#3118 = PRESENTATION_STYLE_ASSIGNMENT((#3119));
#3119 = SURFACE_STYLE_USAGE(.BOTH.,#3120);
#3120 = SURFACE_SIDE_STYLE('',(#3121));
#3121 = SURFACE_STYLE_FILL_AREA(#3122);
#3122 = FILL_AREA_STYLE('',(#3123));
#3123 = FILL_AREA_STYLE_COLOUR('',#3124);
#3124 = COLOUR_RGB('',0.83137256512,0.83137256512,0.819607826924);
#3125 = OVER_RIDING_STYLED_ITEM('overriding color',(#3126),#65,#3107);
#3126 = PRESENTATION_STYLE_ASSIGNMENT((#3127));
#3127 = SURFACE_STYLE_USAGE(.BOTH.,#3128);
#3128 = SURFACE_SIDE_STYLE('',(#3129));
#3129 = SURFACE_STYLE_FILL_AREA(#3130);
#3130 = FILL_AREA_STYLE('',(#3131));
#3131 = FILL_AREA_STYLE_COLOUR('',#3132);
#3132 = COLOUR_RGB('',0.298039221799,0.298039221799,0.298039221799);
#3133 = OVER_RIDING_STYLED_ITEM('overriding color',(#3134),#140,#3107);
#3134 = PRESENTATION_STYLE_ASSIGNMENT((#3135));
#3135 = SURFACE_STYLE_USAGE(.BOTH.,#3136);
#3136 = SURFACE_SIDE_STYLE('',(#3137));
#3137 = SURFACE_STYLE_FILL_AREA(#3138);
#3138 = FILL_AREA_STYLE('',(#3139));
#3139 = FILL_AREA_STYLE_COLOUR('',#3132);
#3140 = OVER_RIDING_STYLED_ITEM('overriding color',(#3141),#708,#3107);
#3141 = PRESENTATION_STYLE_ASSIGNMENT((#3142));
#3142 = SURFACE_STYLE_USAGE(.BOTH.,#3143);
#3143 = SURFACE_SIDE_STYLE('',(#3144));
#3144 = SURFACE_STYLE_FILL_AREA(#3145);
#3145 = FILL_AREA_STYLE('',(#3146));
#3146 = FILL_AREA_STYLE_COLOUR('',#3132);
#3147 = OVER_RIDING_STYLED_ITEM('overriding color',(#3148),#752,#3107);
#3148 = PRESENTATION_STYLE_ASSIGNMENT((#3149));
#3149 = SURFACE_STYLE_USAGE(.BOTH.,#3150);
#3150 = SURFACE_SIDE_STYLE('',(#3151));
#3151 = SURFACE_STYLE_FILL_AREA(#3152);
#3152 = FILL_AREA_STYLE('',(#3153));
#3153 = FILL_AREA_STYLE_COLOUR('',#3132);
#3154 = OVER_RIDING_STYLED_ITEM('overriding color',(#3155),#800,#3107);
#3155 = PRESENTATION_STYLE_ASSIGNMENT((#3156));
#3156 = SURFACE_STYLE_USAGE(.BOTH.,#3157);
#3157 = SURFACE_SIDE_STYLE('',(#3158));
#3158 = SURFACE_STYLE_FILL_AREA(#3159);
#3159 = FILL_AREA_STYLE('',(#3160));
#3160 = FILL_AREA_STYLE_COLOUR('',#3132);
#3161 = OVER_RIDING_STYLED_ITEM('overriding color',(#3162),#828,#3107);
#3162 = PRESENTATION_STYLE_ASSIGNMENT((#3163));
#3163 = SURFACE_STYLE_USAGE(.BOTH.,#3164);
#3164 = SURFACE_SIDE_STYLE('',(#3165));
#3165 = SURFACE_STYLE_FILL_AREA(#3166);
#3166 = FILL_AREA_STYLE('',(#3167));
#3167 = FILL_AREA_STYLE_COLOUR('',#3132);
#3168 = OVER_RIDING_STYLED_ITEM('overriding color',(#3169),#864,#3107);
#3169 = PRESENTATION_STYLE_ASSIGNMENT((#3170));
#3170 = SURFACE_STYLE_USAGE(.BOTH.,#3171);
#3171 = SURFACE_SIDE_STYLE('',(#3172));
#3172 = SURFACE_STYLE_FILL_AREA(#3173);
#3173 = FILL_AREA_STYLE('',(#3174));
#3174 = FILL_AREA_STYLE_COLOUR('',#3132);
#3175 = OVER_RIDING_STYLED_ITEM('overriding color',(#3176),#892,#3107);
#3176 = PRESENTATION_STYLE_ASSIGNMENT((#3177));
#3177 = SURFACE_STYLE_USAGE(.BOTH.,#3178);
#3178 = SURFACE_SIDE_STYLE('',(#3179));
#3179 = SURFACE_STYLE_FILL_AREA(#3180);
#3180 = FILL_AREA_STYLE('',(#3181));
#3181 = FILL_AREA_STYLE_COLOUR('',#3132);
#3182 = OVER_RIDING_STYLED_ITEM('overriding color',(#3183),#904,#3107);
#3183 = PRESENTATION_STYLE_ASSIGNMENT((#3184));
#3184 = SURFACE_STYLE_USAGE(.BOTH.,#3185);
#3185 = SURFACE_SIDE_STYLE('',(#3186));
#3186 = SURFACE_STYLE_FILL_AREA(#3187);
#3187 = FILL_AREA_STYLE('',(#3188));
#3188 = FILL_AREA_STYLE_COLOUR('',#3132);
#3189 = OVER_RIDING_STYLED_ITEM('overriding color',(#3190),#916,#3107);
#3190 = PRESENTATION_STYLE_ASSIGNMENT((#3191));
#3191 = SURFACE_STYLE_USAGE(.BOTH.,#3192);
#3192 = SURFACE_SIDE_STYLE('',(#3193));
#3193 = SURFACE_STYLE_FILL_AREA(#3194);
#3194 = FILL_AREA_STYLE('',(#3195));
#3195 = FILL_AREA_STYLE_COLOUR('',#3124);
#3196 = OVER_RIDING_STYLED_ITEM('overriding color',(#3197),#944,#3107);
#3197 = PRESENTATION_STYLE_ASSIGNMENT((#3198));
#3198 = SURFACE_STYLE_USAGE(.BOTH.,#3199);
#3199 = SURFACE_SIDE_STYLE('',(#3200));
#3200 = SURFACE_STYLE_FILL_AREA(#3201);
#3201 = FILL_AREA_STYLE('',(#3202));
#3202 = FILL_AREA_STYLE_COLOUR('',#3124);
#3203 = OVER_RIDING_STYLED_ITEM('overriding color',(#3204),#966,#3107);
#3204 = PRESENTATION_STYLE_ASSIGNMENT((#3205));
#3205 = SURFACE_STYLE_USAGE(.BOTH.,#3206);
#3206 = SURFACE_SIDE_STYLE('',(#3207));
#3207 = SURFACE_STYLE_FILL_AREA(#3208);
#3208 = FILL_AREA_STYLE('',(#3209));
#3209 = FILL_AREA_STYLE_COLOUR('',#3124);
#3210 = OVER_RIDING_STYLED_ITEM('overriding color',(#3211),#988,#3107);
#3211 = PRESENTATION_STYLE_ASSIGNMENT((#3212));
#3212 = SURFACE_STYLE_USAGE(.BOTH.,#3213);
#3213 = SURFACE_SIDE_STYLE('',(#3214));
#3214 = SURFACE_STYLE_FILL_AREA(#3215);
#3215 = FILL_AREA_STYLE('',(#3216));
#3216 = FILL_AREA_STYLE_COLOUR('',#3124);
#3217 = OVER_RIDING_STYLED_ITEM('overriding color',(#3218),#1004,#3107);
#3218 = PRESENTATION_STYLE_ASSIGNMENT((#3219));
#3219 = SURFACE_STYLE_USAGE(.BOTH.,#3220);
#3220 = SURFACE_SIDE_STYLE('',(#3221));
#3221 = SURFACE_STYLE_FILL_AREA(#3222);
#3222 = FILL_AREA_STYLE('',(#3223));
#3223 = FILL_AREA_STYLE_COLOUR('',#3124);
#3224 = OVER_RIDING_STYLED_ITEM('overriding color',(#3225),#1016,#3107);
#3225 = PRESENTATION_STYLE_ASSIGNMENT((#3226));
#3226 = SURFACE_STYLE_USAGE(.BOTH.,#3227);
#3227 = SURFACE_SIDE_STYLE('',(#3228));
#3228 = SURFACE_STYLE_FILL_AREA(#3229);
#3229 = FILL_AREA_STYLE('',(#3230));
#3230 = FILL_AREA_STYLE_COLOUR('',#3124);
#3231 = OVER_RIDING_STYLED_ITEM('overriding color',(#3232),#1044,#3107);
#3232 = PRESENTATION_STYLE_ASSIGNMENT((#3233));
#3233 = SURFACE_STYLE_USAGE(.BOTH.,#3234);
#3234 = SURFACE_SIDE_STYLE('',(#3235));
#3235 = SURFACE_STYLE_FILL_AREA(#3236);
#3236 = FILL_AREA_STYLE('',(#3237));
#3237 = FILL_AREA_STYLE_COLOUR('',#3124);
#3238 = OVER_RIDING_STYLED_ITEM('overriding color',(#3239),#1066,#3107);
#3239 = PRESENTATION_STYLE_ASSIGNMENT((#3240));
#3240 = SURFACE_STYLE_USAGE(.BOTH.,#3241);
#3241 = SURFACE_SIDE_STYLE('',(#3242));
#3242 = SURFACE_STYLE_FILL_AREA(#3243);
#3243 = FILL_AREA_STYLE('',(#3244));
#3244 = FILL_AREA_STYLE_COLOUR('',#3124);
#3245 = OVER_RIDING_STYLED_ITEM('overriding color',(#3246),#1088,#3107);
#3246 = PRESENTATION_STYLE_ASSIGNMENT((#3247));
#3247 = SURFACE_STYLE_USAGE(.BOTH.,#3248);
#3248 = SURFACE_SIDE_STYLE('',(#3249));
#3249 = SURFACE_STYLE_FILL_AREA(#3250);
#3250 = FILL_AREA_STYLE('',(#3251));
#3251 = FILL_AREA_STYLE_COLOUR('',#3124);
#3252 = OVER_RIDING_STYLED_ITEM('overriding color',(#3253),#1104,#3107);
#3253 = PRESENTATION_STYLE_ASSIGNMENT((#3254));
#3254 = SURFACE_STYLE_USAGE(.BOTH.,#3255);
#3255 = SURFACE_SIDE_STYLE('',(#3256));
#3256 = SURFACE_STYLE_FILL_AREA(#3257);
#3257 = FILL_AREA_STYLE('',(#3258));
#3258 = FILL_AREA_STYLE_COLOUR('',#3124);
#3259 = OVER_RIDING_STYLED_ITEM('overriding color',(#3260),#1116,#3107);
#3260 = PRESENTATION_STYLE_ASSIGNMENT((#3261));
#3261 = SURFACE_STYLE_USAGE(.BOTH.,#3262);
#3262 = SURFACE_SIDE_STYLE('',(#3263));
#3263 = SURFACE_STYLE_FILL_AREA(#3264);
#3264 = FILL_AREA_STYLE('',(#3265));
#3265 = FILL_AREA_STYLE_COLOUR('',#3124);
#3266 = OVER_RIDING_STYLED_ITEM('overriding color',(#3267),#1144,#3107);
#3267 = PRESENTATION_STYLE_ASSIGNMENT((#3268));
#3268 = SURFACE_STYLE_USAGE(.BOTH.,#3269);
#3269 = SURFACE_SIDE_STYLE('',(#3270));
#3270 = SURFACE_STYLE_FILL_AREA(#3271);
#3271 = FILL_AREA_STYLE('',(#3272));
#3272 = FILL_AREA_STYLE_COLOUR('',#3124);
#3273 = OVER_RIDING_STYLED_ITEM('overriding color',(#3274),#1166,#3107);
#3274 = PRESENTATION_STYLE_ASSIGNMENT((#3275));
#3275 = SURFACE_STYLE_USAGE(.BOTH.,#3276);
#3276 = SURFACE_SIDE_STYLE('',(#3277));
#3277 = SURFACE_STYLE_FILL_AREA(#3278);
#3278 = FILL_AREA_STYLE('',(#3279));
#3279 = FILL_AREA_STYLE_COLOUR('',#3124);
#3280 = OVER_RIDING_STYLED_ITEM('overriding color',(#3281),#1188,#3107);
#3281 = PRESENTATION_STYLE_ASSIGNMENT((#3282));
#3282 = SURFACE_STYLE_USAGE(.BOTH.,#3283);
#3283 = SURFACE_SIDE_STYLE('',(#3284));
#3284 = SURFACE_STYLE_FILL_AREA(#3285);
#3285 = FILL_AREA_STYLE('',(#3286));
#3286 = FILL_AREA_STYLE_COLOUR('',#3124);
#3287 = OVER_RIDING_STYLED_ITEM('overriding color',(#3288),#1204,#3107);
#3288 = PRESENTATION_STYLE_ASSIGNMENT((#3289));
#3289 = SURFACE_STYLE_USAGE(.BOTH.,#3290);
#3290 = SURFACE_SIDE_STYLE('',(#3291));
#3291 = SURFACE_STYLE_FILL_AREA(#3292);
#3292 = FILL_AREA_STYLE('',(#3293));
#3293 = FILL_AREA_STYLE_COLOUR('',#3124);
#3294 = OVER_RIDING_STYLED_ITEM('overriding color',(#3295),#1216,#3107);
#3295 = PRESENTATION_STYLE_ASSIGNMENT((#3296));
#3296 = SURFACE_STYLE_USAGE(.BOTH.,#3297);
#3297 = SURFACE_SIDE_STYLE('',(#3298));
#3298 = SURFACE_STYLE_FILL_AREA(#3299);
#3299 = FILL_AREA_STYLE('',(#3300));
#3300 = FILL_AREA_STYLE_COLOUR('',#3124);
#3301 = OVER_RIDING_STYLED_ITEM('overriding color',(#3302),#1244,#3107);
#3302 = PRESENTATION_STYLE_ASSIGNMENT((#3303));
#3303 = SURFACE_STYLE_USAGE(.BOTH.,#3304);
#3304 = SURFACE_SIDE_STYLE('',(#3305));
#3305 = SURFACE_STYLE_FILL_AREA(#3306);
#3306 = FILL_AREA_STYLE('',(#3307));
#3307 = FILL_AREA_STYLE_COLOUR('',#3124);
#3308 = OVER_RIDING_STYLED_ITEM('overriding color',(#3309),#1266,#3107);
#3309 = PRESENTATION_STYLE_ASSIGNMENT((#3310));
#3310 = SURFACE_STYLE_USAGE(.BOTH.,#3311);
#3311 = SURFACE_SIDE_STYLE('',(#3312));
#3312 = SURFACE_STYLE_FILL_AREA(#3313);
#3313 = FILL_AREA_STYLE('',(#3314));
#3314 = FILL_AREA_STYLE_COLOUR('',#3124);
#3315 = OVER_RIDING_STYLED_ITEM('overriding color',(#3316),#1288,#3107);
#3316 = PRESENTATION_STYLE_ASSIGNMENT((#3317));
#3317 = SURFACE_STYLE_USAGE(.BOTH.,#3318);
#3318 = SURFACE_SIDE_STYLE('',(#3319));
#3319 = SURFACE_STYLE_FILL_AREA(#3320);
#3320 = FILL_AREA_STYLE('',(#3321));
#3321 = FILL_AREA_STYLE_COLOUR('',#3124);
#3322 = OVER_RIDING_STYLED_ITEM('overriding color',(#3323),#1304,#3107);
#3323 = PRESENTATION_STYLE_ASSIGNMENT((#3324));
#3324 = SURFACE_STYLE_USAGE(.BOTH.,#3325);
#3325 = SURFACE_SIDE_STYLE('',(#3326));
#3326 = SURFACE_STYLE_FILL_AREA(#3327);
#3327 = FILL_AREA_STYLE('',(#3328));
#3328 = FILL_AREA_STYLE_COLOUR('',#3124);
#3329 = OVER_RIDING_STYLED_ITEM('overriding color',(#3330),#1316,#3107);
#3330 = PRESENTATION_STYLE_ASSIGNMENT((#3331));
#3331 = SURFACE_STYLE_USAGE(.BOTH.,#3332);
#3332 = SURFACE_SIDE_STYLE('',(#3333));
#3333 = SURFACE_STYLE_FILL_AREA(#3334);
#3334 = FILL_AREA_STYLE('',(#3335));
#3335 = FILL_AREA_STYLE_COLOUR('',#3124);
#3336 = OVER_RIDING_STYLED_ITEM('overriding color',(#3337),#1341,#3107);
#3337 = PRESENTATION_STYLE_ASSIGNMENT((#3338));
#3338 = SURFACE_STYLE_USAGE(.BOTH.,#3339);
#3339 = SURFACE_SIDE_STYLE('',(#3340));
#3340 = SURFACE_STYLE_FILL_AREA(#3341);
#3341 = FILL_AREA_STYLE('',(#3342));
#3342 = FILL_AREA_STYLE_COLOUR('',#3124);
#3343 = OVER_RIDING_STYLED_ITEM('overriding color',(#3344),#1351,#3107);
#3344 = PRESENTATION_STYLE_ASSIGNMENT((#3345));
#3345 = SURFACE_STYLE_USAGE(.BOTH.,#3346);
#3346 = SURFACE_SIDE_STYLE('',(#3347));
#3347 = SURFACE_STYLE_FILL_AREA(#3348);
#3348 = FILL_AREA_STYLE('',(#3349));
#3349 = FILL_AREA_STYLE_COLOUR('',#3132);
#3350 = OVER_RIDING_STYLED_ITEM('overriding color',(#3351),#1370,#3107);
#3351 = PRESENTATION_STYLE_ASSIGNMENT((#3352));
#3352 = SURFACE_STYLE_USAGE(.BOTH.,#3353);
#3353 = SURFACE_SIDE_STYLE('',(#3354));
#3354 = SURFACE_STYLE_FILL_AREA(#3355);
#3355 = FILL_AREA_STYLE('',(#3356));
#3356 = FILL_AREA_STYLE_COLOUR('',#3132);
#3357 = OVER_RIDING_STYLED_ITEM('overriding color',(#3358),#1402,#3107);
#3358 = PRESENTATION_STYLE_ASSIGNMENT((#3359));
#3359 = SURFACE_STYLE_USAGE(.BOTH.,#3360);
#3360 = SURFACE_SIDE_STYLE('',(#3361));
#3361 = SURFACE_STYLE_FILL_AREA(#3362);
#3362 = FILL_AREA_STYLE('',(#3363));
#3363 = FILL_AREA_STYLE_COLOUR('',#3132);
#3364 = OVER_RIDING_STYLED_ITEM('overriding color',(#3365),#1430,#3107);
#3365 = PRESENTATION_STYLE_ASSIGNMENT((#3366));
#3366 = SURFACE_STYLE_USAGE(.BOTH.,#3367);
#3367 = SURFACE_SIDE_STYLE('',(#3368));
#3368 = SURFACE_STYLE_FILL_AREA(#3369);
#3369 = FILL_AREA_STYLE('',(#3370));
#3370 = FILL_AREA_STYLE_COLOUR('',#3132);
#3371 = OVER_RIDING_STYLED_ITEM('overriding color',(#3372),#1449,#3107);
#3372 = PRESENTATION_STYLE_ASSIGNMENT((#3373));
#3373 = SURFACE_STYLE_USAGE(.BOTH.,#3374);
#3374 = SURFACE_SIDE_STYLE('',(#3375));
#3375 = SURFACE_STYLE_FILL_AREA(#3376);
#3376 = FILL_AREA_STYLE('',(#3377));
#3377 = FILL_AREA_STYLE_COLOUR('',#3132);
#3378 = OVER_RIDING_STYLED_ITEM('overriding color',(#3379),#1470,#3107);
#3379 = PRESENTATION_STYLE_ASSIGNMENT((#3380));
#3380 = SURFACE_STYLE_USAGE(.BOTH.,#3381);
#3381 = SURFACE_SIDE_STYLE('',(#3382));
#3382 = SURFACE_STYLE_FILL_AREA(#3383);
#3383 = FILL_AREA_STYLE('',(#3384));
#3384 = FILL_AREA_STYLE_COLOUR('',#3132);
#3385 = OVER_RIDING_STYLED_ITEM('overriding color',(#3386),#1491,#3107);
#3386 = PRESENTATION_STYLE_ASSIGNMENT((#3387));
#3387 = SURFACE_STYLE_USAGE(.BOTH.,#3388);
#3388 = SURFACE_SIDE_STYLE('',(#3389));
#3389 = SURFACE_STYLE_FILL_AREA(#3390);
#3390 = FILL_AREA_STYLE('',(#3391));
#3391 = FILL_AREA_STYLE_COLOUR('',#3132);
#3392 = OVER_RIDING_STYLED_ITEM('overriding color',(#3393),#1510,#3107);
#3393 = PRESENTATION_STYLE_ASSIGNMENT((#3394));
#3394 = SURFACE_STYLE_USAGE(.BOTH.,#3395);
#3395 = SURFACE_SIDE_STYLE('',(#3396));
#3396 = SURFACE_STYLE_FILL_AREA(#3397);
#3397 = FILL_AREA_STYLE('',(#3398));
#3398 = FILL_AREA_STYLE_COLOUR('',#3132);
#3399 = OVER_RIDING_STYLED_ITEM('overriding color',(#3400),#1529,#3107);
#3400 = PRESENTATION_STYLE_ASSIGNMENT((#3401));
#3401 = SURFACE_STYLE_USAGE(.BOTH.,#3402);
#3402 = SURFACE_SIDE_STYLE('',(#3403));
#3403 = SURFACE_STYLE_FILL_AREA(#3404);
#3404 = FILL_AREA_STYLE('',(#3405));
#3405 = FILL_AREA_STYLE_COLOUR('',#3132);
#3406 = OVER_RIDING_STYLED_ITEM('overriding color',(#3407),#1548,#3107);
#3407 = PRESENTATION_STYLE_ASSIGNMENT((#3408));
#3408 = SURFACE_STYLE_USAGE(.BOTH.,#3409);
#3409 = SURFACE_SIDE_STYLE('',(#3410));
#3410 = SURFACE_STYLE_FILL_AREA(#3411);
#3411 = FILL_AREA_STYLE('',(#3412));
#3412 = FILL_AREA_STYLE_COLOUR('',#3132);
#3413 = OVER_RIDING_STYLED_ITEM('overriding color',(#3414),#1567,#3107);
#3414 = PRESENTATION_STYLE_ASSIGNMENT((#3415));
#3415 = SURFACE_STYLE_USAGE(.BOTH.,#3416);
#3416 = SURFACE_SIDE_STYLE('',(#3417));
#3417 = SURFACE_STYLE_FILL_AREA(#3418);
#3418 = FILL_AREA_STYLE('',(#3419));
#3419 = FILL_AREA_STYLE_COLOUR('',#3132);
#3420 = OVER_RIDING_STYLED_ITEM('overriding color',(#3421),#1588,#3107);
#3421 = PRESENTATION_STYLE_ASSIGNMENT((#3422));
#3422 = SURFACE_STYLE_USAGE(.BOTH.,#3423);
#3423 = SURFACE_SIDE_STYLE('',(#3424));
#3424 = SURFACE_STYLE_FILL_AREA(#3425);
#3425 = FILL_AREA_STYLE('',(#3426));
#3426 = FILL_AREA_STYLE_COLOUR('',#3132);
#3427 = OVER_RIDING_STYLED_ITEM('overriding color',(#3428),#1609,#3107);
#3428 = PRESENTATION_STYLE_ASSIGNMENT((#3429));
#3429 = SURFACE_STYLE_USAGE(.BOTH.,#3430);
#3430 = SURFACE_SIDE_STYLE('',(#3431));
#3431 = SURFACE_STYLE_FILL_AREA(#3432);
#3432 = FILL_AREA_STYLE('',(#3433));
#3433 = FILL_AREA_STYLE_COLOUR('',#3132);
#3434 = OVER_RIDING_STYLED_ITEM('overriding color',(#3435),#1623,#3107);
#3435 = PRESENTATION_STYLE_ASSIGNMENT((#3436));
#3436 = SURFACE_STYLE_USAGE(.BOTH.,#3437);
#3437 = SURFACE_SIDE_STYLE('',(#3438));
#3438 = SURFACE_STYLE_FILL_AREA(#3439);
#3439 = FILL_AREA_STYLE('',(#3440));
#3440 = FILL_AREA_STYLE_COLOUR('',#3124);
#3441 = OVER_RIDING_STYLED_ITEM('overriding color',(#3442),#1654,#3107);
#3442 = PRESENTATION_STYLE_ASSIGNMENT((#3443));
#3443 = SURFACE_STYLE_USAGE(.BOTH.,#3444);
#3444 = SURFACE_SIDE_STYLE('',(#3445));
#3445 = SURFACE_STYLE_FILL_AREA(#3446);
#3446 = FILL_AREA_STYLE('',(#3447));
#3447 = FILL_AREA_STYLE_COLOUR('',#3124);
#3448 = OVER_RIDING_STYLED_ITEM('overriding color',(#3449),#1676,#3107);
#3449 = PRESENTATION_STYLE_ASSIGNMENT((#3450));
#3450 = SURFACE_STYLE_USAGE(.BOTH.,#3451);
#3451 = SURFACE_SIDE_STYLE('',(#3452));
#3452 = SURFACE_STYLE_FILL_AREA(#3453);
#3453 = FILL_AREA_STYLE('',(#3454));
#3454 = FILL_AREA_STYLE_COLOUR('',#3124);
#3455 = OVER_RIDING_STYLED_ITEM('overriding color',(#3456),#1701,#3107);
#3456 = PRESENTATION_STYLE_ASSIGNMENT((#3457));
#3457 = SURFACE_STYLE_USAGE(.BOTH.,#3458);
#3458 = SURFACE_SIDE_STYLE('',(#3459));
#3459 = SURFACE_STYLE_FILL_AREA(#3460);
#3460 = FILL_AREA_STYLE('',(#3461));
#3461 = FILL_AREA_STYLE_COLOUR('',#3124);
#3462 = OVER_RIDING_STYLED_ITEM('overriding color',(#3463),#1723,#3107);
#3463 = PRESENTATION_STYLE_ASSIGNMENT((#3464));
#3464 = SURFACE_STYLE_USAGE(.BOTH.,#3465);
#3465 = SURFACE_SIDE_STYLE('',(#3466));
#3466 = SURFACE_STYLE_FILL_AREA(#3467);
#3467 = FILL_AREA_STYLE('',(#3468));
#3468 = FILL_AREA_STYLE_COLOUR('',#3124);
#3469 = OVER_RIDING_STYLED_ITEM('overriding color',(#3470),#1748,#3107);
#3470 = PRESENTATION_STYLE_ASSIGNMENT((#3471));
#3471 = SURFACE_STYLE_USAGE(.BOTH.,#3472);
#3472 = SURFACE_SIDE_STYLE('',(#3473));
#3473 = SURFACE_STYLE_FILL_AREA(#3474);
#3474 = FILL_AREA_STYLE('',(#3475));
#3475 = FILL_AREA_STYLE_COLOUR('',#3124);
#3476 = OVER_RIDING_STYLED_ITEM('overriding color',(#3477),#1770,#3107);
#3477 = PRESENTATION_STYLE_ASSIGNMENT((#3478));
#3478 = SURFACE_STYLE_USAGE(.BOTH.,#3479);
#3479 = SURFACE_SIDE_STYLE('',(#3480));
#3480 = SURFACE_STYLE_FILL_AREA(#3481);
#3481 = FILL_AREA_STYLE('',(#3482));
#3482 = FILL_AREA_STYLE_COLOUR('',#3124);
#3483 = OVER_RIDING_STYLED_ITEM('overriding color',(#3484),#1795,#3107);
#3484 = PRESENTATION_STYLE_ASSIGNMENT((#3485));
#3485 = SURFACE_STYLE_USAGE(.BOTH.,#3486);
#3486 = SURFACE_SIDE_STYLE('',(#3487));
#3487 = SURFACE_STYLE_FILL_AREA(#3488);
#3488 = FILL_AREA_STYLE('',(#3489));
#3489 = FILL_AREA_STYLE_COLOUR('',#3124);
#3490 = OVER_RIDING_STYLED_ITEM('overriding color',(#3491),#1811,#3107);
#3491 = PRESENTATION_STYLE_ASSIGNMENT((#3492));
#3492 = SURFACE_STYLE_USAGE(.BOTH.,#3493);
#3493 = SURFACE_SIDE_STYLE('',(#3494));
#3494 = SURFACE_STYLE_FILL_AREA(#3495);
#3495 = FILL_AREA_STYLE('',(#3496));
#3496 = FILL_AREA_STYLE_COLOUR('',#3124);
#3497 = OVER_RIDING_STYLED_ITEM('overriding color',(#3498),#1876,#3107);
#3498 = PRESENTATION_STYLE_ASSIGNMENT((#3499));
#3499 = SURFACE_STYLE_USAGE(.BOTH.,#3500);
#3500 = SURFACE_SIDE_STYLE('',(#3501));
#3501 = SURFACE_STYLE_FILL_AREA(#3502);
#3502 = FILL_AREA_STYLE('',(#3503));
#3503 = FILL_AREA_STYLE_COLOUR('',#3124);
#3504 = OVER_RIDING_STYLED_ITEM('overriding color',(#3505),#1907,#3107);
#3505 = PRESENTATION_STYLE_ASSIGNMENT((#3506));
#3506 = SURFACE_STYLE_USAGE(.BOTH.,#3507);
#3507 = SURFACE_SIDE_STYLE('',(#3508));
#3508 = SURFACE_STYLE_FILL_AREA(#3509);
#3509 = FILL_AREA_STYLE('',(#3510));
#3510 = FILL_AREA_STYLE_COLOUR('',#3124);
#3511 = OVER_RIDING_STYLED_ITEM('overriding color',(#3512),#1932,#3107);
#3512 = PRESENTATION_STYLE_ASSIGNMENT((#3513));
#3513 = SURFACE_STYLE_USAGE(.BOTH.,#3514);
#3514 = SURFACE_SIDE_STYLE('',(#3515));
#3515 = SURFACE_STYLE_FILL_AREA(#3516);
#3516 = FILL_AREA_STYLE('',(#3517));
#3517 = FILL_AREA_STYLE_COLOUR('',#3124);
#3518 = OVER_RIDING_STYLED_ITEM('overriding color',(#3519),#1957,#3107);
#3519 = PRESENTATION_STYLE_ASSIGNMENT((#3520));
#3520 = SURFACE_STYLE_USAGE(.BOTH.,#3521);
#3521 = SURFACE_SIDE_STYLE('',(#3522));
#3522 = SURFACE_STYLE_FILL_AREA(#3523);
#3523 = FILL_AREA_STYLE('',(#3524));
#3524 = FILL_AREA_STYLE_COLOUR('',#3124);
#3525 = OVER_RIDING_STYLED_ITEM('overriding color',(#3526),#1988,#3107);
#3526 = PRESENTATION_STYLE_ASSIGNMENT((#3527));
#3527 = SURFACE_STYLE_USAGE(.BOTH.,#3528);
#3528 = SURFACE_SIDE_STYLE('',(#3529));
#3529 = SURFACE_STYLE_FILL_AREA(#3530);
#3530 = FILL_AREA_STYLE('',(#3531));
#3531 = FILL_AREA_STYLE_COLOUR('',#3124);
#3532 = OVER_RIDING_STYLED_ITEM('overriding color',(#3533),#2013,#3107);
#3533 = PRESENTATION_STYLE_ASSIGNMENT((#3534));
#3534 = SURFACE_STYLE_USAGE(.BOTH.,#3535);
#3535 = SURFACE_SIDE_STYLE('',(#3536));
#3536 = SURFACE_STYLE_FILL_AREA(#3537);
#3537 = FILL_AREA_STYLE('',(#3538));
#3538 = FILL_AREA_STYLE_COLOUR('',#3124);
#3539 = OVER_RIDING_STYLED_ITEM('overriding color',(#3540),#2041,#3107);
#3540 = PRESENTATION_STYLE_ASSIGNMENT((#3541));
#3541 = SURFACE_STYLE_USAGE(.BOTH.,#3542);
#3542 = SURFACE_SIDE_STYLE('',(#3543));
#3543 = SURFACE_STYLE_FILL_AREA(#3544);
#3544 = FILL_AREA_STYLE('',(#3545));
#3545 = FILL_AREA_STYLE_COLOUR('',#3124);
#3546 = OVER_RIDING_STYLED_ITEM('overriding color',(#3547),#2063,#3107);
#3547 = PRESENTATION_STYLE_ASSIGNMENT((#3548));
#3548 = SURFACE_STYLE_USAGE(.BOTH.,#3549);
#3549 = SURFACE_SIDE_STYLE('',(#3550));
#3550 = SURFACE_STYLE_FILL_AREA(#3551);
#3551 = FILL_AREA_STYLE('',(#3552));
#3552 = FILL_AREA_STYLE_COLOUR('',#3124);
#3553 = OVER_RIDING_STYLED_ITEM('overriding color',(#3554),#2094,#3107);
#3554 = PRESENTATION_STYLE_ASSIGNMENT((#3555));
#3555 = SURFACE_STYLE_USAGE(.BOTH.,#3556);
#3556 = SURFACE_SIDE_STYLE('',(#3557));
#3557 = SURFACE_STYLE_FILL_AREA(#3558);
#3558 = FILL_AREA_STYLE('',(#3559));
#3559 = FILL_AREA_STYLE_COLOUR('',#3124);
#3560 = OVER_RIDING_STYLED_ITEM('overriding color',(#3561),#2125,#3107);
#3561 = PRESENTATION_STYLE_ASSIGNMENT((#3562));
#3562 = SURFACE_STYLE_USAGE(.BOTH.,#3563);
#3563 = SURFACE_SIDE_STYLE('',(#3564));
#3564 = SURFACE_STYLE_FILL_AREA(#3565);
#3565 = FILL_AREA_STYLE('',(#3566));
#3566 = FILL_AREA_STYLE_COLOUR('',#3124);
#3567 = OVER_RIDING_STYLED_ITEM('overriding color',(#3568),#2141,#3107);
#3568 = PRESENTATION_STYLE_ASSIGNMENT((#3569));
#3569 = SURFACE_STYLE_USAGE(.BOTH.,#3570);
#3570 = SURFACE_SIDE_STYLE('',(#3571));
#3571 = SURFACE_STYLE_FILL_AREA(#3572);
#3572 = FILL_AREA_STYLE('',(#3573));
#3573 = FILL_AREA_STYLE_COLOUR('',#3124);
#3574 = OVER_RIDING_STYLED_ITEM('overriding color',(#3575),#2197,#3107);
#3575 = PRESENTATION_STYLE_ASSIGNMENT((#3576));
#3576 = SURFACE_STYLE_USAGE(.BOTH.,#3577);
#3577 = SURFACE_SIDE_STYLE('',(#3578));
#3578 = SURFACE_STYLE_FILL_AREA(#3579);
#3579 = FILL_AREA_STYLE('',(#3580));
#3580 = FILL_AREA_STYLE_COLOUR('',#3124);
#3581 = OVER_RIDING_STYLED_ITEM('overriding color',(#3582),#2234,#3107);
#3582 = PRESENTATION_STYLE_ASSIGNMENT((#3583));
#3583 = SURFACE_STYLE_USAGE(.BOTH.,#3584);
#3584 = SURFACE_SIDE_STYLE('',(#3585));
#3585 = SURFACE_STYLE_FILL_AREA(#3586);
#3586 = FILL_AREA_STYLE('',(#3587));
#3587 = FILL_AREA_STYLE_COLOUR('',#3124);
#3588 = OVER_RIDING_STYLED_ITEM('overriding color',(#3589),#2259,#3107);
#3589 = PRESENTATION_STYLE_ASSIGNMENT((#3590));
#3590 = SURFACE_STYLE_USAGE(.BOTH.,#3591);
#3591 = SURFACE_SIDE_STYLE('',(#3592));
#3592 = SURFACE_STYLE_FILL_AREA(#3593);
#3593 = FILL_AREA_STYLE('',(#3594));
#3594 = FILL_AREA_STYLE_COLOUR('',#3124);
#3595 = OVER_RIDING_STYLED_ITEM('overriding color',(#3596),#2284,#3107);
#3596 = PRESENTATION_STYLE_ASSIGNMENT((#3597));
#3597 = SURFACE_STYLE_USAGE(.BOTH.,#3598);
#3598 = SURFACE_SIDE_STYLE('',(#3599));
#3599 = SURFACE_STYLE_FILL_AREA(#3600);
#3600 = FILL_AREA_STYLE('',(#3601));
#3601 = FILL_AREA_STYLE_COLOUR('',#3124);
#3602 = OVER_RIDING_STYLED_ITEM('overriding color',(#3603),#2309,#3107);
#3603 = PRESENTATION_STYLE_ASSIGNMENT((#3604));
#3604 = SURFACE_STYLE_USAGE(.BOTH.,#3605);
#3605 = SURFACE_SIDE_STYLE('',(#3606));
#3606 = SURFACE_STYLE_FILL_AREA(#3607);
#3607 = FILL_AREA_STYLE('',(#3608));
#3608 = FILL_AREA_STYLE_COLOUR('',#3124);
#3609 = OVER_RIDING_STYLED_ITEM('overriding color',(#3610),#2334,#3107);
#3610 = PRESENTATION_STYLE_ASSIGNMENT((#3611));
#3611 = SURFACE_STYLE_USAGE(.BOTH.,#3612);
#3612 = SURFACE_SIDE_STYLE('',(#3613));
#3613 = SURFACE_STYLE_FILL_AREA(#3614);
#3614 = FILL_AREA_STYLE('',(#3615));
#3615 = FILL_AREA_STYLE_COLOUR('',#3124);
#3616 = OVER_RIDING_STYLED_ITEM('overriding color',(#3617),#2362,#3107);
#3617 = PRESENTATION_STYLE_ASSIGNMENT((#3618));
#3618 = SURFACE_STYLE_USAGE(.BOTH.,#3619);
#3619 = SURFACE_SIDE_STYLE('',(#3620));
#3620 = SURFACE_STYLE_FILL_AREA(#3621);
#3621 = FILL_AREA_STYLE('',(#3622));
#3622 = FILL_AREA_STYLE_COLOUR('',#3124);
#3623 = OVER_RIDING_STYLED_ITEM('overriding color',(#3624),#2384,#3107);
#3624 = PRESENTATION_STYLE_ASSIGNMENT((#3625));
#3625 = SURFACE_STYLE_USAGE(.BOTH.,#3626);
#3626 = SURFACE_SIDE_STYLE('',(#3627));
#3627 = SURFACE_STYLE_FILL_AREA(#3628);
#3628 = FILL_AREA_STYLE('',(#3629));
#3629 = FILL_AREA_STYLE_COLOUR('',#3124);
#3630 = OVER_RIDING_STYLED_ITEM('overriding color',(#3631),#2406,#3107);
#3631 = PRESENTATION_STYLE_ASSIGNMENT((#3632));
#3632 = SURFACE_STYLE_USAGE(.BOTH.,#3633);
#3633 = SURFACE_SIDE_STYLE('',(#3634));
#3634 = SURFACE_STYLE_FILL_AREA(#3635);
#3635 = FILL_AREA_STYLE('',(#3636));
#3636 = FILL_AREA_STYLE_COLOUR('',#3124);
#3637 = OVER_RIDING_STYLED_ITEM('overriding color',(#3638),#2428,#3107);
#3638 = PRESENTATION_STYLE_ASSIGNMENT((#3639));
#3639 = SURFACE_STYLE_USAGE(.BOTH.,#3640);
#3640 = SURFACE_SIDE_STYLE('',(#3641));
#3641 = SURFACE_STYLE_FILL_AREA(#3642);
#3642 = FILL_AREA_STYLE('',(#3643));
#3643 = FILL_AREA_STYLE_COLOUR('',#3124);
#3644 = OVER_RIDING_STYLED_ITEM('overriding color',(#3645),#2450,#3107);
#3645 = PRESENTATION_STYLE_ASSIGNMENT((#3646));
#3646 = SURFACE_STYLE_USAGE(.BOTH.,#3647);
#3647 = SURFACE_SIDE_STYLE('',(#3648));
#3648 = SURFACE_STYLE_FILL_AREA(#3649);
#3649 = FILL_AREA_STYLE('',(#3650));
#3650 = FILL_AREA_STYLE_COLOUR('',#3124);
#3651 = OVER_RIDING_STYLED_ITEM('overriding color',(#3652),#2472,#3107);
#3652 = PRESENTATION_STYLE_ASSIGNMENT((#3653));
#3653 = SURFACE_STYLE_USAGE(.BOTH.,#3654);
#3654 = SURFACE_SIDE_STYLE('',(#3655));
#3655 = SURFACE_STYLE_FILL_AREA(#3656);
#3656 = FILL_AREA_STYLE('',(#3657));
#3657 = FILL_AREA_STYLE_COLOUR('',#3124);
#3658 = OVER_RIDING_STYLED_ITEM('overriding color',(#3659),#2494,#3107);
#3659 = PRESENTATION_STYLE_ASSIGNMENT((#3660));
#3660 = SURFACE_STYLE_USAGE(.BOTH.,#3661);
#3661 = SURFACE_SIDE_STYLE('',(#3662));
#3662 = SURFACE_STYLE_FILL_AREA(#3663);
#3663 = FILL_AREA_STYLE('',(#3664));
#3664 = FILL_AREA_STYLE_COLOUR('',#3124);
#3665 = OVER_RIDING_STYLED_ITEM('overriding color',(#3666),#2516,#3107);
#3666 = PRESENTATION_STYLE_ASSIGNMENT((#3667));
#3667 = SURFACE_STYLE_USAGE(.BOTH.,#3668);
#3668 = SURFACE_SIDE_STYLE('',(#3669));
#3669 = SURFACE_STYLE_FILL_AREA(#3670);
#3670 = FILL_AREA_STYLE('',(#3671));
#3671 = FILL_AREA_STYLE_COLOUR('',#3124);
#3672 = OVER_RIDING_STYLED_ITEM('overriding color',(#3673),#2538,#3107);
#3673 = PRESENTATION_STYLE_ASSIGNMENT((#3674));
#3674 = SURFACE_STYLE_USAGE(.BOTH.,#3675);
#3675 = SURFACE_SIDE_STYLE('',(#3676));
#3676 = SURFACE_STYLE_FILL_AREA(#3677);
#3677 = FILL_AREA_STYLE('',(#3678));
#3678 = FILL_AREA_STYLE_COLOUR('',#3124);
#3679 = OVER_RIDING_STYLED_ITEM('overriding color',(#3680),#2560,#3107);
#3680 = PRESENTATION_STYLE_ASSIGNMENT((#3681));
#3681 = SURFACE_STYLE_USAGE(.BOTH.,#3682);
#3682 = SURFACE_SIDE_STYLE('',(#3683));
#3683 = SURFACE_STYLE_FILL_AREA(#3684);
#3684 = FILL_AREA_STYLE('',(#3685));
#3685 = FILL_AREA_STYLE_COLOUR('',#3124);
#3686 = OVER_RIDING_STYLED_ITEM('overriding color',(#3687),#2582,#3107);
#3687 = PRESENTATION_STYLE_ASSIGNMENT((#3688));
#3688 = SURFACE_STYLE_USAGE(.BOTH.,#3689);
#3689 = SURFACE_SIDE_STYLE('',(#3690));
#3690 = SURFACE_STYLE_FILL_AREA(#3691);
#3691 = FILL_AREA_STYLE('',(#3692));
#3692 = FILL_AREA_STYLE_COLOUR('',#3124);
#3693 = OVER_RIDING_STYLED_ITEM('overriding color',(#3694),#2598,#3107);
#3694 = PRESENTATION_STYLE_ASSIGNMENT((#3695));
#3695 = SURFACE_STYLE_USAGE(.BOTH.,#3696);
#3696 = SURFACE_SIDE_STYLE('',(#3697));
#3697 = SURFACE_STYLE_FILL_AREA(#3698);
#3698 = FILL_AREA_STYLE('',(#3699));
#3699 = FILL_AREA_STYLE_COLOUR('',#3124);
#3700 = OVER_RIDING_STYLED_ITEM('overriding color',(#3701),#2618,#3107);
#3701 = PRESENTATION_STYLE_ASSIGNMENT((#3702));
#3702 = SURFACE_STYLE_USAGE(.BOTH.,#3703);
#3703 = SURFACE_SIDE_STYLE('',(#3704));
#3704 = SURFACE_STYLE_FILL_AREA(#3705);
#3705 = FILL_AREA_STYLE('',(#3706));
#3706 = FILL_AREA_STYLE_COLOUR('',#3124);
#3707 = OVER_RIDING_STYLED_ITEM('overriding color',(#3708),#2655,#3107);
#3708 = PRESENTATION_STYLE_ASSIGNMENT((#3709));
#3709 = SURFACE_STYLE_USAGE(.BOTH.,#3710);
#3710 = SURFACE_SIDE_STYLE('',(#3711));
#3711 = SURFACE_STYLE_FILL_AREA(#3712);
#3712 = FILL_AREA_STYLE('',(#3713));
#3713 = FILL_AREA_STYLE_COLOUR('',#3124);
#3714 = OVER_RIDING_STYLED_ITEM('overriding color',(#3715),#2677,#3107);
#3715 = PRESENTATION_STYLE_ASSIGNMENT((#3716));
#3716 = SURFACE_STYLE_USAGE(.BOTH.,#3717);
#3717 = SURFACE_SIDE_STYLE('',(#3718));
#3718 = SURFACE_STYLE_FILL_AREA(#3719);
#3719 = FILL_AREA_STYLE('',(#3720));
#3720 = FILL_AREA_STYLE_COLOUR('',#3124);
#3721 = OVER_RIDING_STYLED_ITEM('overriding color',(#3722),#2708,#3107);
#3722 = PRESENTATION_STYLE_ASSIGNMENT((#3723));
#3723 = SURFACE_STYLE_USAGE(.BOTH.,#3724);
#3724 = SURFACE_SIDE_STYLE('',(#3725));
#3725 = SURFACE_STYLE_FILL_AREA(#3726);
#3726 = FILL_AREA_STYLE('',(#3727));
#3727 = FILL_AREA_STYLE_COLOUR('',#3124);
#3728 = OVER_RIDING_STYLED_ITEM('overriding color',(#3729),#2739,#3107);
#3729 = PRESENTATION_STYLE_ASSIGNMENT((#3730));
#3730 = SURFACE_STYLE_USAGE(.BOTH.,#3731);
#3731 = SURFACE_SIDE_STYLE('',(#3732));
#3732 = SURFACE_STYLE_FILL_AREA(#3733);
#3733 = FILL_AREA_STYLE('',(#3734));
#3734 = FILL_AREA_STYLE_COLOUR('',#3124);
#3735 = OVER_RIDING_STYLED_ITEM('overriding color',(#3736),#2770,#3107);
#3736 = PRESENTATION_STYLE_ASSIGNMENT((#3737));
#3737 = SURFACE_STYLE_USAGE(.BOTH.,#3738);
#3738 = SURFACE_SIDE_STYLE('',(#3739));
#3739 = SURFACE_STYLE_FILL_AREA(#3740);
#3740 = FILL_AREA_STYLE('',(#3741));
#3741 = FILL_AREA_STYLE_COLOUR('',#3124);
#3742 = OVER_RIDING_STYLED_ITEM('overriding color',(#3743),#2801,#3107);
#3743 = PRESENTATION_STYLE_ASSIGNMENT((#3744));
#3744 = SURFACE_STYLE_USAGE(.BOTH.,#3745);
#3745 = SURFACE_SIDE_STYLE('',(#3746));
#3746 = SURFACE_STYLE_FILL_AREA(#3747);
#3747 = FILL_AREA_STYLE('',(#3748));
#3748 = FILL_AREA_STYLE_COLOUR('',#3124);
#3749 = OVER_RIDING_STYLED_ITEM('overriding color',(#3750),#2823,#3107);
#3750 = PRESENTATION_STYLE_ASSIGNMENT((#3751));
#3751 = SURFACE_STYLE_USAGE(.BOTH.,#3752);
#3752 = SURFACE_SIDE_STYLE('',(#3753));
#3753 = SURFACE_STYLE_FILL_AREA(#3754);
#3754 = FILL_AREA_STYLE('',(#3755));
#3755 = FILL_AREA_STYLE_COLOUR('',#3124);
#3756 = OVER_RIDING_STYLED_ITEM('overriding color',(#3757),#2854,#3107);
#3757 = PRESENTATION_STYLE_ASSIGNMENT((#3758));
#3758 = SURFACE_STYLE_USAGE(.BOTH.,#3759);
#3759 = SURFACE_SIDE_STYLE('',(#3760));
#3760 = SURFACE_STYLE_FILL_AREA(#3761);
#3761 = FILL_AREA_STYLE('',(#3762));
#3762 = FILL_AREA_STYLE_COLOUR('',#3124);
#3763 = OVER_RIDING_STYLED_ITEM('overriding color',(#3764),#2885,#3107);
#3764 = PRESENTATION_STYLE_ASSIGNMENT((#3765));
#3765 = SURFACE_STYLE_USAGE(.BOTH.,#3766);
#3766 = SURFACE_SIDE_STYLE('',(#3767));
#3767 = SURFACE_STYLE_FILL_AREA(#3768);
#3768 = FILL_AREA_STYLE('',(#3769));
#3769 = FILL_AREA_STYLE_COLOUR('',#3124);
#3770 = OVER_RIDING_STYLED_ITEM('overriding color',(#3771),#2910,#3107);
#3771 = PRESENTATION_STYLE_ASSIGNMENT((#3772));
#3772 = SURFACE_STYLE_USAGE(.BOTH.,#3773);
#3773 = SURFACE_SIDE_STYLE('',(#3774));
#3774 = SURFACE_STYLE_FILL_AREA(#3775);
#3775 = FILL_AREA_STYLE('',(#3776));
#3776 = FILL_AREA_STYLE_COLOUR('',#3124);
#3777 = OVER_RIDING_STYLED_ITEM('overriding color',(#3778),#2928,#3107);
#3778 = PRESENTATION_STYLE_ASSIGNMENT((#3779));
#3779 = SURFACE_STYLE_USAGE(.BOTH.,#3780);
#3780 = SURFACE_SIDE_STYLE('',(#3781));
#3781 = SURFACE_STYLE_FILL_AREA(#3782);
#3782 = FILL_AREA_STYLE('',(#3783));
#3783 = FILL_AREA_STYLE_COLOUR('',#3124);
#3784 = OVER_RIDING_STYLED_ITEM('overriding color',(#3785),#2956,#3107);
#3785 = PRESENTATION_STYLE_ASSIGNMENT((#3786));
#3786 = SURFACE_STYLE_USAGE(.BOTH.,#3787);
#3787 = SURFACE_SIDE_STYLE('',(#3788));
#3788 = SURFACE_STYLE_FILL_AREA(#3789);
#3789 = FILL_AREA_STYLE('',(#3790));
#3790 = FILL_AREA_STYLE_COLOUR('',#3124);
#3791 = OVER_RIDING_STYLED_ITEM('overriding color',(#3792),#2978,#3107);
#3792 = PRESENTATION_STYLE_ASSIGNMENT((#3793));
#3793 = SURFACE_STYLE_USAGE(.BOTH.,#3794);
#3794 = SURFACE_SIDE_STYLE('',(#3795));
#3795 = SURFACE_STYLE_FILL_AREA(#3796);
#3796 = FILL_AREA_STYLE('',(#3797));
#3797 = FILL_AREA_STYLE_COLOUR('',#3124);
#3798 = OVER_RIDING_STYLED_ITEM('overriding color',(#3799),#3000,#3107);
#3799 = PRESENTATION_STYLE_ASSIGNMENT((#3800));
#3800 = SURFACE_STYLE_USAGE(.BOTH.,#3801);
#3801 = SURFACE_SIDE_STYLE('',(#3802));
#3802 = SURFACE_STYLE_FILL_AREA(#3803);
#3803 = FILL_AREA_STYLE('',(#3804));
#3804 = FILL_AREA_STYLE_COLOUR('',#3124);
#3805 = OVER_RIDING_STYLED_ITEM('overriding color',(#3806),#3022,#3107);
#3806 = PRESENTATION_STYLE_ASSIGNMENT((#3807));
#3807 = SURFACE_STYLE_USAGE(.BOTH.,#3808);
#3808 = SURFACE_SIDE_STYLE('',(#3809));
#3809 = SURFACE_STYLE_FILL_AREA(#3810);
#3810 = FILL_AREA_STYLE('',(#3811));
#3811 = FILL_AREA_STYLE_COLOUR('',#3124);
#3812 = OVER_RIDING_STYLED_ITEM('overriding color',(#3813),#3044,#3107);
#3813 = PRESENTATION_STYLE_ASSIGNMENT((#3814));
#3814 = SURFACE_STYLE_USAGE(.BOTH.,#3815);
#3815 = SURFACE_SIDE_STYLE('',(#3816));
#3816 = SURFACE_STYLE_FILL_AREA(#3817);
#3817 = FILL_AREA_STYLE('',(#3818));
#3818 = FILL_AREA_STYLE_COLOUR('',#3124);
#3819 = OVER_RIDING_STYLED_ITEM('overriding color',(#3820),#3060,#3107);
#3820 = PRESENTATION_STYLE_ASSIGNMENT((#3821));
#3821 = SURFACE_STYLE_USAGE(.BOTH.,#3822);
#3822 = SURFACE_SIDE_STYLE('',(#3823));
#3823 = SURFACE_STYLE_FILL_AREA(#3824);
#3824 = FILL_AREA_STYLE('',(#3825));
#3825 = FILL_AREA_STYLE_COLOUR('',#3124);
#3826 = OVER_RIDING_STYLED_ITEM('overriding color',(#3827),#3074,#3107);
#3827 = PRESENTATION_STYLE_ASSIGNMENT((#3828));
#3828 = SURFACE_STYLE_USAGE(.BOTH.,#3829);
#3829 = SURFACE_SIDE_STYLE('',(#3830));
#3830 = SURFACE_STYLE_FILL_AREA(#3831);
#3831 = FILL_AREA_STYLE('',(#3832));
#3832 = FILL_AREA_STYLE_COLOUR('',#3132);
#3833 = OVER_RIDING_STYLED_ITEM('overriding color',(#3834),#3087,#3107);
#3834 = PRESENTATION_STYLE_ASSIGNMENT((#3835));
#3835 = SURFACE_STYLE_USAGE(.BOTH.,#3836);
#3836 = SURFACE_SIDE_STYLE('',(#3837));
#3837 = SURFACE_STYLE_FILL_AREA(#3838);
#3838 = FILL_AREA_STYLE('',(#3839));
#3839 = FILL_AREA_STYLE_COLOUR('',#3132);
ENDSEC;
END-ISO-10303-21;
