ISO-10303-21;
HEADER;
/* Generated by software containing ST-Developer
 * from STEP Tools, Inc. (www.steptools.com) 
 */

FILE_DESCRIPTION(
/* description */ ('Designed by EasyEDA Pro',
'CAx-IF Rec.Pracs.---Representation and Presentation of Product Manufa
cturing Information (PMI)---4.0---2014-10-13'),
/* implementation_level */ '2;1');

FILE_NAME(
/* name */ 'Push Lock Switch v1.step',
/* time_stamp */ '2025-02-25T13:08:24+05:30',
/* author */ (''),
/* organization */ (''),
/* preprocessor_version */ 'ST-DEVELOPER v20',
/* originating_system */ 'Autodesk Translation Framework v13.20.0.188',

/* authorisation */ '');

FILE_SCHEMA (('AP242_MANAGED_MODEL_BASED_3D_ENGINEERING_MIM_LF { 1 0 10303 442 1 1 4 }'));
ENDSEC;

DATA;
#10=MECHANICAL_DESIGN_GEOMETRIC_PRESENTATION_REPRESENTATION('',(#2395,#2396,
#2397,#2398,#2399,#2400,#2401,#2402,#2403,#2404,#2405,#2406,#2407,#2408,
#2409,#2410,#2411,#2412,#2413,#2414,#2415,#2416,#2417,#2418,#2419,#2420,
#2421,#2422,#2423,#2424,#2425,#2426,#2427,#2428,#2429,#2430,#2431,#2432,
#2433,#2434,#2435,#2436,#2437,#2438,#2439,#2440,#2441,#2442,#2443,#2444,
#2445,#2446,#2447,#2448,#2449,#2450,#2451,#2452,#2453,#2454,#2455,#2456),
#4130);
#11=ITEM_DEFINED_TRANSFORMATION($,$,#2613,#2763);
#12=ITEM_DEFINED_TRANSFORMATION($,$,#2612,#2764);
#13=(
REPRESENTATION_RELATIONSHIP($,$,#4145,#4144)
REPRESENTATION_RELATIONSHIP_WITH_TRANSFORMATION(#11)
SHAPE_REPRESENTATION_RELATIONSHIP()
);
#14=(
REPRESENTATION_RELATIONSHIP($,$,#4144,#4143)
REPRESENTATION_RELATIONSHIP_WITH_TRANSFORMATION(#12)
SHAPE_REPRESENTATION_RELATIONSHIP()
);
#15=CONTEXT_DEPENDENT_SHAPE_REPRESENTATION(#13,#4141);
#16=CONTEXT_DEPENDENT_SHAPE_REPRESENTATION(#14,#4142);
#17=NEXT_ASSEMBLY_USAGE_OCCURRENCE('COMPOUND:1','COMPOUND:1',
'COMPOUND:1',#4148,#4149,'COMPOUND:1');
#18=NEXT_ASSEMBLY_USAGE_OCCURRENCE('ixVk-U1-push switch self lock:1',
'ixVk-U1-push switch self lock:1','ixVk-U1-push switch self lock:1',#4147,
#4148,'ixVk-U1-push switch self lock:1');
#19=SHAPE_REPRESENTATION_RELATIONSHIP('SRR','None',#4145,#20);
#20=ADVANCED_BREP_SHAPE_REPRESENTATION('',(#21,#22,#23,#24,#25,#26,#27,
#28,#29),#4129);
#21=MANIFOLD_SOLID_BREP('Body1',#2590);
#22=MANIFOLD_SOLID_BREP('Body2',#2591);
#23=MANIFOLD_SOLID_BREP('Body3',#2592);
#24=MANIFOLD_SOLID_BREP('Body4',#2593);
#25=MANIFOLD_SOLID_BREP('Body5',#2594);
#26=MANIFOLD_SOLID_BREP('Body6',#2595);
#27=MANIFOLD_SOLID_BREP('Body7',#2596);
#28=MANIFOLD_SOLID_BREP('Body8',#2597);
#29=MANIFOLD_SOLID_BREP('Body9',#2598);
#30=CYLINDRICAL_SURFACE('',#2648,0.199999999219);
#31=CYLINDRICAL_SURFACE('',#2649,0.199999999219);
#32=CYLINDRICAL_SURFACE('',#2650,0.199999999219);
#33=CYLINDRICAL_SURFACE('',#2651,0.199999999219);
#34=CYLINDRICAL_SURFACE('',#2705,0.199999999219);
#35=CYLINDRICAL_SURFACE('',#2709,0.199999999219);
#36=CYLINDRICAL_SURFACE('',#2713,0.199999999219);
#37=CYLINDRICAL_SURFACE('',#2717,0.199999999219);
#38=FACE_BOUND('',#202,.T.);
#39=FACE_BOUND('',#262,.T.);
#40=FACE_BOUND('',#263,.T.);
#41=FACE_BOUND('',#268,.T.);
#42=FACE_BOUND('',#298,.T.);
#43=FACE_OUTER_BOUND('',#176,.T.);
#44=FACE_OUTER_BOUND('',#177,.T.);
#45=FACE_OUTER_BOUND('',#178,.T.);
#46=FACE_OUTER_BOUND('',#179,.T.);
#47=FACE_OUTER_BOUND('',#180,.T.);
#48=FACE_OUTER_BOUND('',#181,.T.);
#49=FACE_OUTER_BOUND('',#182,.T.);
#50=FACE_OUTER_BOUND('',#183,.T.);
#51=FACE_OUTER_BOUND('',#184,.T.);
#52=FACE_OUTER_BOUND('',#185,.T.);
#53=FACE_OUTER_BOUND('',#186,.T.);
#54=FACE_OUTER_BOUND('',#187,.T.);
#55=FACE_OUTER_BOUND('',#188,.T.);
#56=FACE_OUTER_BOUND('',#189,.T.);
#57=FACE_OUTER_BOUND('',#190,.T.);
#58=FACE_OUTER_BOUND('',#191,.T.);
#59=FACE_OUTER_BOUND('',#192,.T.);
#60=FACE_OUTER_BOUND('',#193,.T.);
#61=FACE_OUTER_BOUND('',#194,.T.);
#62=FACE_OUTER_BOUND('',#195,.T.);
#63=FACE_OUTER_BOUND('',#196,.T.);
#64=FACE_OUTER_BOUND('',#197,.T.);
#65=FACE_OUTER_BOUND('',#198,.T.);
#66=FACE_OUTER_BOUND('',#199,.T.);
#67=FACE_OUTER_BOUND('',#200,.T.);
#68=FACE_OUTER_BOUND('',#201,.T.);
#69=FACE_OUTER_BOUND('',#203,.T.);
#70=FACE_OUTER_BOUND('',#204,.T.);
#71=FACE_OUTER_BOUND('',#205,.T.);
#72=FACE_OUTER_BOUND('',#206,.T.);
#73=FACE_OUTER_BOUND('',#207,.T.);
#74=FACE_OUTER_BOUND('',#208,.T.);
#75=FACE_OUTER_BOUND('',#209,.T.);
#76=FACE_OUTER_BOUND('',#210,.T.);
#77=FACE_OUTER_BOUND('',#211,.T.);
#78=FACE_OUTER_BOUND('',#212,.T.);
#79=FACE_OUTER_BOUND('',#213,.T.);
#80=FACE_OUTER_BOUND('',#214,.T.);
#81=FACE_OUTER_BOUND('',#215,.T.);
#82=FACE_OUTER_BOUND('',#216,.T.);
#83=FACE_OUTER_BOUND('',#217,.T.);
#84=FACE_OUTER_BOUND('',#218,.T.);
#85=FACE_OUTER_BOUND('',#219,.T.);
#86=FACE_OUTER_BOUND('',#220,.T.);
#87=FACE_OUTER_BOUND('',#221,.T.);
#88=FACE_OUTER_BOUND('',#222,.T.);
#89=FACE_OUTER_BOUND('',#223,.T.);
#90=FACE_OUTER_BOUND('',#224,.T.);
#91=FACE_OUTER_BOUND('',#225,.T.);
#92=FACE_OUTER_BOUND('',#226,.T.);
#93=FACE_OUTER_BOUND('',#227,.T.);
#94=FACE_OUTER_BOUND('',#228,.T.);
#95=FACE_OUTER_BOUND('',#229,.T.);
#96=FACE_OUTER_BOUND('',#230,.T.);
#97=FACE_OUTER_BOUND('',#231,.T.);
#98=FACE_OUTER_BOUND('',#232,.T.);
#99=FACE_OUTER_BOUND('',#233,.T.);
#100=FACE_OUTER_BOUND('',#234,.T.);
#101=FACE_OUTER_BOUND('',#235,.T.);
#102=FACE_OUTER_BOUND('',#236,.T.);
#103=FACE_OUTER_BOUND('',#237,.T.);
#104=FACE_OUTER_BOUND('',#238,.T.);
#105=FACE_OUTER_BOUND('',#239,.T.);
#106=FACE_OUTER_BOUND('',#240,.T.);
#107=FACE_OUTER_BOUND('',#241,.T.);
#108=FACE_OUTER_BOUND('',#242,.T.);
#109=FACE_OUTER_BOUND('',#243,.T.);
#110=FACE_OUTER_BOUND('',#244,.T.);
#111=FACE_OUTER_BOUND('',#245,.T.);
#112=FACE_OUTER_BOUND('',#246,.T.);
#113=FACE_OUTER_BOUND('',#247,.T.);
#114=FACE_OUTER_BOUND('',#248,.T.);
#115=FACE_OUTER_BOUND('',#249,.T.);
#116=FACE_OUTER_BOUND('',#250,.T.);
#117=FACE_OUTER_BOUND('',#251,.T.);
#118=FACE_OUTER_BOUND('',#252,.T.);
#119=FACE_OUTER_BOUND('',#253,.T.);
#120=FACE_OUTER_BOUND('',#254,.T.);
#121=FACE_OUTER_BOUND('',#255,.T.);
#122=FACE_OUTER_BOUND('',#256,.T.);
#123=FACE_OUTER_BOUND('',#257,.T.);
#124=FACE_OUTER_BOUND('',#258,.T.);
#125=FACE_OUTER_BOUND('',#259,.T.);
#126=FACE_OUTER_BOUND('',#260,.T.);
#127=FACE_OUTER_BOUND('',#261,.T.);
#128=FACE_OUTER_BOUND('',#264,.T.);
#129=FACE_OUTER_BOUND('',#265,.T.);
#130=FACE_OUTER_BOUND('',#266,.T.);
#131=FACE_OUTER_BOUND('',#267,.T.);
#132=FACE_OUTER_BOUND('',#269,.T.);
#133=FACE_OUTER_BOUND('',#270,.T.);
#134=FACE_OUTER_BOUND('',#271,.T.);
#135=FACE_OUTER_BOUND('',#272,.T.);
#136=FACE_OUTER_BOUND('',#273,.T.);
#137=FACE_OUTER_BOUND('',#274,.T.);
#138=FACE_OUTER_BOUND('',#275,.T.);
#139=FACE_OUTER_BOUND('',#276,.T.);
#140=FACE_OUTER_BOUND('',#277,.T.);
#141=FACE_OUTER_BOUND('',#278,.T.);
#142=FACE_OUTER_BOUND('',#279,.T.);
#143=FACE_OUTER_BOUND('',#280,.T.);
#144=FACE_OUTER_BOUND('',#281,.T.);
#145=FACE_OUTER_BOUND('',#282,.T.);
#146=FACE_OUTER_BOUND('',#283,.T.);
#147=FACE_OUTER_BOUND('',#284,.T.);
#148=FACE_OUTER_BOUND('',#285,.T.);
#149=FACE_OUTER_BOUND('',#286,.T.);
#150=FACE_OUTER_BOUND('',#287,.T.);
#151=FACE_OUTER_BOUND('',#288,.T.);
#152=FACE_OUTER_BOUND('',#289,.T.);
#153=FACE_OUTER_BOUND('',#290,.T.);
#154=FACE_OUTER_BOUND('',#291,.T.);
#155=FACE_OUTER_BOUND('',#292,.T.);
#156=FACE_OUTER_BOUND('',#293,.T.);
#157=FACE_OUTER_BOUND('',#294,.T.);
#158=FACE_OUTER_BOUND('',#295,.T.);
#159=FACE_OUTER_BOUND('',#296,.T.);
#160=FACE_OUTER_BOUND('',#297,.T.);
#161=FACE_OUTER_BOUND('',#299,.T.);
#162=FACE_OUTER_BOUND('',#300,.T.);
#163=FACE_OUTER_BOUND('',#301,.T.);
#164=FACE_OUTER_BOUND('',#302,.T.);
#165=FACE_OUTER_BOUND('',#303,.T.);
#166=FACE_OUTER_BOUND('',#304,.T.);
#167=FACE_OUTER_BOUND('',#305,.T.);
#168=FACE_OUTER_BOUND('',#306,.T.);
#169=FACE_OUTER_BOUND('',#307,.T.);
#170=FACE_OUTER_BOUND('',#308,.T.);
#171=FACE_OUTER_BOUND('',#309,.T.);
#172=FACE_OUTER_BOUND('',#310,.T.);
#173=FACE_OUTER_BOUND('',#311,.T.);
#174=FACE_OUTER_BOUND('',#312,.T.);
#175=FACE_OUTER_BOUND('',#313,.T.);
#176=EDGE_LOOP('',(#1574,#1575,#1576,#1577,#1578,#1579));
#177=EDGE_LOOP('',(#1580,#1581,#1582,#1583,#1584,#1585,#1586,#1587,#1588,
#1589,#1590,#1591));
#178=EDGE_LOOP('',(#1592,#1593,#1594,#1595,#1596,#1597,#1598,#1599));
#179=EDGE_LOOP('',(#1600,#1601,#1602,#1603));
#180=EDGE_LOOP('',(#1604,#1605,#1606,#1607));
#181=EDGE_LOOP('',(#1608,#1609,#1610,#1611));
#182=EDGE_LOOP('',(#1612,#1613,#1614,#1615));
#183=EDGE_LOOP('',(#1616,#1617,#1618,#1619));
#184=EDGE_LOOP('',(#1620,#1621,#1622,#1623));
#185=EDGE_LOOP('',(#1624,#1625,#1626,#1627,#1628,#1629,#1630,#1631,#1632,
#1633,#1634,#1635,#1636,#1637,#1638,#1639,#1640,#1641,#1642,#1643,#1644,
#1645,#1646,#1647,#1648,#1649,#1650,#1651));
#186=EDGE_LOOP('',(#1652,#1653,#1654,#1655,#1656,#1657));
#187=EDGE_LOOP('',(#1658,#1659,#1660,#1661,#1662,#1663,#1664,#1665));
#188=EDGE_LOOP('',(#1666,#1667,#1668,#1669,#1670,#1671,#1672,#1673));
#189=EDGE_LOOP('',(#1674,#1675,#1676,#1677));
#190=EDGE_LOOP('',(#1678,#1679,#1680,#1681));
#191=EDGE_LOOP('',(#1682,#1683,#1684,#1685));
#192=EDGE_LOOP('',(#1686,#1687,#1688,#1689));
#193=EDGE_LOOP('',(#1690,#1691,#1692,#1693));
#194=EDGE_LOOP('',(#1694,#1695,#1696,#1697));
#195=EDGE_LOOP('',(#1698,#1699,#1700,#1701));
#196=EDGE_LOOP('',(#1702,#1703,#1704,#1705));
#197=EDGE_LOOP('',(#1706,#1707,#1708,#1709));
#198=EDGE_LOOP('',(#1710,#1711,#1712,#1713));
#199=EDGE_LOOP('',(#1714,#1715,#1716,#1717));
#200=EDGE_LOOP('',(#1718,#1719,#1720,#1721));
#201=EDGE_LOOP('',(#1722,#1723,#1724,#1725));
#202=EDGE_LOOP('',(#1726,#1727,#1728,#1729));
#203=EDGE_LOOP('',(#1730,#1731,#1732,#1733));
#204=EDGE_LOOP('',(#1734,#1735,#1736,#1737));
#205=EDGE_LOOP('',(#1738,#1739,#1740,#1741));
#206=EDGE_LOOP('',(#1742,#1743,#1744,#1745));
#207=EDGE_LOOP('',(#1746,#1747,#1748,#1749));
#208=EDGE_LOOP('',(#1750,#1751,#1752,#1753));
#209=EDGE_LOOP('',(#1754,#1755,#1756,#1757));
#210=EDGE_LOOP('',(#1758,#1759,#1760,#1761));
#211=EDGE_LOOP('',(#1762,#1763,#1764,#1765));
#212=EDGE_LOOP('',(#1766,#1767,#1768,#1769,#1770,#1771));
#213=EDGE_LOOP('',(#1772,#1773,#1774,#1775));
#214=EDGE_LOOP('',(#1776,#1777,#1778,#1779,#1780,#1781));
#215=EDGE_LOOP('',(#1782,#1783,#1784,#1785));
#216=EDGE_LOOP('',(#1786,#1787,#1788,#1789));
#217=EDGE_LOOP('',(#1790,#1791,#1792,#1793));
#218=EDGE_LOOP('',(#1794,#1795,#1796,#1797));
#219=EDGE_LOOP('',(#1798,#1799,#1800,#1801));
#220=EDGE_LOOP('',(#1802,#1803,#1804,#1805));
#221=EDGE_LOOP('',(#1806,#1807,#1808,#1809,#1810,#1811));
#222=EDGE_LOOP('',(#1812,#1813,#1814,#1815));
#223=EDGE_LOOP('',(#1816,#1817,#1818,#1819,#1820,#1821));
#224=EDGE_LOOP('',(#1822,#1823,#1824,#1825));
#225=EDGE_LOOP('',(#1826,#1827,#1828,#1829));
#226=EDGE_LOOP('',(#1830,#1831,#1832,#1833));
#227=EDGE_LOOP('',(#1834,#1835,#1836,#1837));
#228=EDGE_LOOP('',(#1838,#1839,#1840,#1841,#1842,#1843));
#229=EDGE_LOOP('',(#1844,#1845,#1846,#1847));
#230=EDGE_LOOP('',(#1848,#1849,#1850,#1851,#1852,#1853));
#231=EDGE_LOOP('',(#1854,#1855,#1856,#1857));
#232=EDGE_LOOP('',(#1858,#1859,#1860,#1861));
#233=EDGE_LOOP('',(#1862,#1863,#1864,#1865));
#234=EDGE_LOOP('',(#1866,#1867,#1868,#1869));
#235=EDGE_LOOP('',(#1870,#1871,#1872,#1873));
#236=EDGE_LOOP('',(#1874,#1875,#1876,#1877,#1878,#1879));
#237=EDGE_LOOP('',(#1880,#1881,#1882,#1883));
#238=EDGE_LOOP('',(#1884,#1885,#1886,#1887,#1888,#1889));
#239=EDGE_LOOP('',(#1890,#1891,#1892,#1893));
#240=EDGE_LOOP('',(#1894,#1895,#1896,#1897));
#241=EDGE_LOOP('',(#1898,#1899,#1900,#1901));
#242=EDGE_LOOP('',(#1902,#1903,#1904,#1905));
#243=EDGE_LOOP('',(#1906,#1907,#1908,#1909));
#244=EDGE_LOOP('',(#1910,#1911,#1912,#1913));
#245=EDGE_LOOP('',(#1914,#1915,#1916,#1917,#1918,#1919));
#246=EDGE_LOOP('',(#1920,#1921,#1922,#1923));
#247=EDGE_LOOP('',(#1924,#1925,#1926,#1927,#1928,#1929));
#248=EDGE_LOOP('',(#1930,#1931,#1932,#1933));
#249=EDGE_LOOP('',(#1934,#1935,#1936,#1937));
#250=EDGE_LOOP('',(#1938,#1939,#1940,#1941));
#251=EDGE_LOOP('',(#1942,#1943,#1944,#1945));
#252=EDGE_LOOP('',(#1946,#1947,#1948,#1949));
#253=EDGE_LOOP('',(#1950,#1951,#1952,#1953,#1954,#1955));
#254=EDGE_LOOP('',(#1956,#1957,#1958,#1959));
#255=EDGE_LOOP('',(#1960,#1961,#1962,#1963,#1964,#1965));
#256=EDGE_LOOP('',(#1966,#1967,#1968,#1969));
#257=EDGE_LOOP('',(#1970,#1971,#1972,#1973));
#258=EDGE_LOOP('',(#1974,#1975,#1976,#1977));
#259=EDGE_LOOP('',(#1978,#1979,#1980,#1981));
#260=EDGE_LOOP('',(#1982,#1983,#1984,#1985));
#261=EDGE_LOOP('',(#1986,#1987,#1988,#1989,#1990,#1991,#1992,#1993));
#262=EDGE_LOOP('',(#1994,#1995,#1996,#1997));
#263=EDGE_LOOP('',(#1998,#1999,#2000,#2001));
#264=EDGE_LOOP('',(#2002,#2003,#2004,#2005));
#265=EDGE_LOOP('',(#2006,#2007,#2008,#2009));
#266=EDGE_LOOP('',(#2010,#2011,#2012,#2013));
#267=EDGE_LOOP('',(#2014,#2015,#2016,#2017,#2018,#2019,#2020,#2021));
#268=EDGE_LOOP('',(#2022,#2023,#2024,#2025));
#269=EDGE_LOOP('',(#2026,#2027,#2028,#2029));
#270=EDGE_LOOP('',(#2030,#2031,#2032,#2033));
#271=EDGE_LOOP('',(#2034,#2035,#2036,#2037,#2038,#2039,#2040,#2041));
#272=EDGE_LOOP('',(#2042,#2043,#2044,#2045,#2046,#2047,#2048,#2049,#2050,
#2051,#2052,#2053,#2054,#2055,#2056,#2057,#2058,#2059,#2060,#2061,#2062,
#2063,#2064,#2065,#2066,#2067,#2068,#2069));
#273=EDGE_LOOP('',(#2070,#2071,#2072,#2073));
#274=EDGE_LOOP('',(#2074,#2075,#2076,#2077));
#275=EDGE_LOOP('',(#2078,#2079,#2080,#2081));
#276=EDGE_LOOP('',(#2082,#2083,#2084,#2085));
#277=EDGE_LOOP('',(#2086,#2087,#2088,#2089));
#278=EDGE_LOOP('',(#2090,#2091,#2092,#2093));
#279=EDGE_LOOP('',(#2094,#2095,#2096,#2097));
#280=EDGE_LOOP('',(#2098,#2099,#2100,#2101));
#281=EDGE_LOOP('',(#2102,#2103,#2104,#2105));
#282=EDGE_LOOP('',(#2106,#2107,#2108,#2109,#2110,#2111,#2112,#2113,#2114,
#2115,#2116,#2117));
#283=EDGE_LOOP('',(#2118,#2119,#2120,#2121));
#284=EDGE_LOOP('',(#2122,#2123,#2124,#2125));
#285=EDGE_LOOP('',(#2126,#2127,#2128,#2129));
#286=EDGE_LOOP('',(#2130,#2131,#2132,#2133));
#287=EDGE_LOOP('',(#2134,#2135,#2136,#2137));
#288=EDGE_LOOP('',(#2138,#2139,#2140,#2141));
#289=EDGE_LOOP('',(#2142,#2143,#2144,#2145,#2146,#2147,#2148,#2149));
#290=EDGE_LOOP('',(#2150,#2151,#2152,#2153));
#291=EDGE_LOOP('',(#2154,#2155,#2156,#2157,#2158,#2159,#2160,#2161));
#292=EDGE_LOOP('',(#2162,#2163,#2164,#2165));
#293=EDGE_LOOP('',(#2166,#2167,#2168,#2169));
#294=EDGE_LOOP('',(#2170,#2171,#2172,#2173));
#295=EDGE_LOOP('',(#2174,#2175,#2176,#2177));
#296=EDGE_LOOP('',(#2178,#2179,#2180,#2181));
#297=EDGE_LOOP('',(#2182,#2183,#2184,#2185));
#298=EDGE_LOOP('',(#2186,#2187,#2188,#2189));
#299=EDGE_LOOP('',(#2190,#2191,#2192,#2193));
#300=EDGE_LOOP('',(#2194,#2195,#2196,#2197,#2198,#2199,#2200,#2201,#2202,
#2203,#2204,#2205));
#301=EDGE_LOOP('',(#2206,#2207,#2208,#2209,#2210,#2211,#2212,#2213));
#302=EDGE_LOOP('',(#2214,#2215,#2216,#2217,#2218,#2219,#2220,#2221,#2222,
#2223,#2224,#2225));
#303=EDGE_LOOP('',(#2226,#2227,#2228,#2229));
#304=EDGE_LOOP('',(#2230,#2231,#2232,#2233));
#305=EDGE_LOOP('',(#2234,#2235,#2236,#2237));
#306=EDGE_LOOP('',(#2238,#2239,#2240,#2241));
#307=EDGE_LOOP('',(#2242,#2243,#2244,#2245));
#308=EDGE_LOOP('',(#2246,#2247,#2248,#2249));
#309=EDGE_LOOP('',(#2250,#2251,#2252,#2253));
#310=EDGE_LOOP('',(#2254,#2255,#2256,#2257));
#311=EDGE_LOOP('',(#2258,#2259,#2260,#2261));
#312=EDGE_LOOP('',(#2262,#2263,#2264,#2265));
#313=EDGE_LOOP('',(#2266,#2267,#2268,#2269));
#314=CIRCLE('',#2615,0.199999999219);
#315=CIRCLE('',#2616,0.199999999219);
#316=CIRCLE('',#2626,0.199999999219);
#317=CIRCLE('',#2627,0.199999999219);
#318=CIRCLE('',#2628,0.199999999219);
#319=CIRCLE('',#2629,0.199999999219);
#320=CIRCLE('',#2631,0.199999999219);
#321=CIRCLE('',#2632,0.199999999219);
#322=CIRCLE('',#2706,0.199999999219);
#323=CIRCLE('',#2707,0.199999999219);
#324=CIRCLE('',#2710,0.199999999219);
#325=CIRCLE('',#2711,0.199999999219);
#326=CIRCLE('',#2714,0.199999999219);
#327=CIRCLE('',#2715,0.199999999219);
#328=CIRCLE('',#2718,0.199999999219);
#329=CIRCLE('',#2719,0.199999999219);
#330=LINE('',#3411,#662);
#331=LINE('',#3415,#663);
#332=LINE('',#3419,#664);
#333=LINE('',#3420,#665);
#334=LINE('',#3424,#666);
#335=LINE('',#3426,#667);
#336=LINE('',#3428,#668);
#337=LINE('',#3430,#669);
#338=LINE('',#3432,#670);
#339=LINE('',#3434,#671);
#340=LINE('',#3436,#672);
#341=LINE('',#3438,#673);
#342=LINE('',#3440,#674);
#343=LINE('',#3442,#675);
#344=LINE('',#3444,#676);
#345=LINE('',#3445,#677);
#346=LINE('',#3449,#678);
#347=LINE('',#3451,#679);
#348=LINE('',#3453,#680);
#349=LINE('',#3455,#681);
#350=LINE('',#3457,#682);
#351=LINE('',#3459,#683);
#352=LINE('',#3461,#684);
#353=LINE('',#3462,#685);
#354=LINE('',#3466,#686);
#355=LINE('',#3468,#687);
#356=LINE('',#3470,#688);
#357=LINE('',#3471,#689);
#358=LINE('',#3475,#690);
#359=LINE('',#3476,#691);
#360=LINE('',#3477,#692);
#361=LINE('',#3481,#693);
#362=LINE('',#3483,#694);
#363=LINE('',#3485,#695);
#364=LINE('',#3486,#696);
#365=LINE('',#3489,#697);
#366=LINE('',#3491,#698);
#367=LINE('',#3492,#699);
#368=LINE('',#3495,#700);
#369=LINE('',#3497,#701);
#370=LINE('',#3498,#702);
#371=LINE('',#3502,#703);
#372=LINE('',#3504,#704);
#373=LINE('',#3506,#705);
#374=LINE('',#3507,#706);
#375=LINE('',#3510,#707);
#376=LINE('',#3512,#708);
#377=LINE('',#3514,#709);
#378=LINE('',#3515,#710);
#379=LINE('',#3516,#711);
#380=LINE('',#3519,#712);
#381=LINE('',#3521,#713);
#382=LINE('',#3523,#714);
#383=LINE('',#3524,#715);
#384=LINE('',#3526,#716);
#385=LINE('',#3528,#717);
#386=LINE('',#3529,#718);
#387=LINE('',#3530,#719);
#388=LINE('',#3534,#720);
#389=LINE('',#3537,#721);
#390=LINE('',#3539,#722);
#391=LINE('',#3542,#723);
#392=LINE('',#3543,#724);
#393=LINE('',#3546,#725);
#394=LINE('',#3547,#726);
#395=LINE('',#3549,#727);
#396=LINE('',#3553,#728);
#397=LINE('',#3554,#729);
#398=LINE('',#3557,#730);
#399=LINE('',#3558,#731);
#400=LINE('',#3560,#732);
#401=LINE('',#3564,#733);
#402=LINE('',#3565,#734);
#403=LINE('',#3568,#735);
#404=LINE('',#3569,#736);
#405=LINE('',#3571,#737);
#406=LINE('',#3576,#738);
#407=LINE('',#3578,#739);
#408=LINE('',#3580,#740);
#409=LINE('',#3581,#741);
#410=LINE('',#3588,#742);
#411=LINE('',#3590,#743);
#412=LINE('',#3591,#744);
#413=LINE('',#3594,#745);
#414=LINE('',#3595,#746);
#415=LINE('',#3598,#747);
#416=LINE('',#3599,#748);
#417=LINE('',#3601,#749);
#418=LINE('',#3606,#750);
#419=LINE('',#3608,#751);
#420=LINE('',#3610,#752);
#421=LINE('',#3612,#753);
#422=LINE('',#3614,#754);
#423=LINE('',#3615,#755);
#424=LINE('',#3619,#756);
#425=LINE('',#3620,#757);
#426=LINE('',#3621,#758);
#427=LINE('',#3625,#759);
#428=LINE('',#3626,#760);
#429=LINE('',#3628,#761);
#430=LINE('',#3630,#762);
#431=LINE('',#3631,#763);
#432=LINE('',#3633,#764);
#433=LINE('',#3634,#765);
#434=LINE('',#3636,#766);
#435=LINE('',#3637,#767);
#436=LINE('',#3644,#768);
#437=LINE('',#3646,#769);
#438=LINE('',#3648,#770);
#439=LINE('',#3649,#771);
#440=LINE('',#3653,#772);
#441=LINE('',#3655,#773);
#442=LINE('',#3657,#774);
#443=LINE('',#3658,#775);
#444=LINE('',#3659,#776);
#445=LINE('',#3663,#777);
#446=LINE('',#3664,#778);
#447=LINE('',#3665,#779);
#448=LINE('',#3669,#780);
#449=LINE('',#3670,#781);
#450=LINE('',#3671,#782);
#451=LINE('',#3672,#783);
#452=LINE('',#3674,#784);
#453=LINE('',#3675,#785);
#454=LINE('',#3682,#786);
#455=LINE('',#3684,#787);
#456=LINE('',#3686,#788);
#457=LINE('',#3688,#789);
#458=LINE('',#3690,#790);
#459=LINE('',#3691,#791);
#460=LINE('',#3695,#792);
#461=LINE('',#3696,#793);
#462=LINE('',#3697,#794);
#463=LINE('',#3701,#795);
#464=LINE('',#3703,#796);
#465=LINE('',#3705,#797);
#466=LINE('',#3706,#798);
#467=LINE('',#3707,#799);
#468=LINE('',#3709,#800);
#469=LINE('',#3710,#801);
#470=LINE('',#3712,#802);
#471=LINE('',#3713,#803);
#472=LINE('',#3720,#804);
#473=LINE('',#3722,#805);
#474=LINE('',#3724,#806);
#475=LINE('',#3726,#807);
#476=LINE('',#3728,#808);
#477=LINE('',#3729,#809);
#478=LINE('',#3733,#810);
#479=LINE('',#3734,#811);
#480=LINE('',#3735,#812);
#481=LINE('',#3739,#813);
#482=LINE('',#3741,#814);
#483=LINE('',#3743,#815);
#484=LINE('',#3744,#816);
#485=LINE('',#3745,#817);
#486=LINE('',#3747,#818);
#487=LINE('',#3748,#819);
#488=LINE('',#3750,#820);
#489=LINE('',#3751,#821);
#490=LINE('',#3758,#822);
#491=LINE('',#3760,#823);
#492=LINE('',#3762,#824);
#493=LINE('',#3763,#825);
#494=LINE('',#3767,#826);
#495=LINE('',#3768,#827);
#496=LINE('',#3770,#828);
#497=LINE('',#3772,#829);
#498=LINE('',#3773,#830);
#499=LINE('',#3777,#831);
#500=LINE('',#3778,#832);
#501=LINE('',#3779,#833);
#502=LINE('',#3782,#834);
#503=LINE('',#3784,#835);
#504=LINE('',#3785,#836);
#505=LINE('',#3786,#837);
#506=LINE('',#3788,#838);
#507=LINE('',#3789,#839);
#508=LINE('',#3796,#840);
#509=LINE('',#3798,#841);
#510=LINE('',#3800,#842);
#511=LINE('',#3801,#843);
#512=LINE('',#3805,#844);
#513=LINE('',#3806,#845);
#514=LINE('',#3808,#846);
#515=LINE('',#3810,#847);
#516=LINE('',#3811,#848);
#517=LINE('',#3815,#849);
#518=LINE('',#3816,#850);
#519=LINE('',#3817,#851);
#520=LINE('',#3820,#852);
#521=LINE('',#3822,#853);
#522=LINE('',#3823,#854);
#523=LINE('',#3824,#855);
#524=LINE('',#3826,#856);
#525=LINE('',#3827,#857);
#526=LINE('',#3836,#858);
#527=LINE('',#3839,#859);
#528=LINE('',#3842,#860);
#529=LINE('',#3844,#861);
#530=LINE('',#3846,#862);
#531=LINE('',#3848,#863);
#532=LINE('',#3850,#864);
#533=LINE('',#3852,#865);
#534=LINE('',#3853,#866);
#535=LINE('',#3856,#867);
#536=LINE('',#3858,#868);
#537=LINE('',#3860,#869);
#538=LINE('',#3861,#870);
#539=LINE('',#3864,#871);
#540=LINE('',#3866,#872);
#541=LINE('',#3868,#873);
#542=LINE('',#3869,#874);
#543=LINE('',#3874,#875);
#544=LINE('',#3878,#876);
#545=LINE('',#3880,#877);
#546=LINE('',#3881,#878);
#547=LINE('',#3886,#879);
#548=LINE('',#3890,#880);
#549=LINE('',#3892,#881);
#550=LINE('',#3894,#882);
#551=LINE('',#3896,#883);
#552=LINE('',#3898,#884);
#553=LINE('',#3900,#885);
#554=LINE('',#3901,#886);
#555=LINE('',#3904,#887);
#556=LINE('',#3906,#888);
#557=LINE('',#3908,#889);
#558=LINE('',#3909,#890);
#559=LINE('',#3914,#891);
#560=LINE('',#3917,#892);
#561=LINE('',#3918,#893);
#562=LINE('',#3922,#894);
#563=LINE('',#3924,#895);
#564=LINE('',#3925,#896);
#565=LINE('',#3927,#897);
#566=LINE('',#3929,#898);
#567=LINE('',#3930,#899);
#568=LINE('',#3932,#900);
#569=LINE('',#3934,#901);
#570=LINE('',#3935,#902);
#571=LINE('',#3937,#903);
#572=LINE('',#3939,#904);
#573=LINE('',#3940,#905);
#574=LINE('',#3942,#906);
#575=LINE('',#3944,#907);
#576=LINE('',#3945,#908);
#577=LINE('',#3948,#909);
#578=LINE('',#3949,#910);
#579=LINE('',#3952,#911);
#580=LINE('',#3953,#912);
#581=LINE('',#3955,#913);
#582=LINE('',#3958,#914);
#583=LINE('',#3959,#915);
#584=LINE('',#3962,#916);
#585=LINE('',#3963,#917);
#586=LINE('',#3965,#918);
#587=LINE('',#3968,#919);
#588=LINE('',#3969,#920);
#589=LINE('',#3972,#921);
#590=LINE('',#3973,#922);
#591=LINE('',#3975,#923);
#592=LINE('',#3979,#924);
#593=LINE('',#3980,#925);
#594=LINE('',#3983,#926);
#595=LINE('',#3984,#927);
#596=LINE('',#3987,#928);
#597=LINE('',#3988,#929);
#598=LINE('',#3990,#930);
#599=LINE('',#3993,#931);
#600=LINE('',#3994,#932);
#601=LINE('',#3996,#933);
#602=LINE('',#4001,#934);
#603=LINE('',#4003,#935);
#604=LINE('',#4005,#936);
#605=LINE('',#4006,#937);
#606=LINE('',#4010,#938);
#607=LINE('',#4012,#939);
#608=LINE('',#4014,#940);
#609=LINE('',#4016,#941);
#610=LINE('',#4018,#942);
#611=LINE('',#4020,#943);
#612=LINE('',#4022,#944);
#613=LINE('',#4023,#945);
#614=LINE('',#4026,#946);
#615=LINE('',#4028,#947);
#616=LINE('',#4029,#948);
#617=LINE('',#4033,#949);
#618=LINE('',#4035,#950);
#619=LINE('',#4037,#951);
#620=LINE('',#4038,#952);
#621=LINE('',#4041,#953);
#622=LINE('',#4043,#954);
#623=LINE('',#4044,#955);
#624=LINE('',#4047,#956);
#625=LINE('',#4049,#957);
#626=LINE('',#4050,#958);
#627=LINE('',#4052,#959);
#628=LINE('',#4053,#960);
#629=LINE('',#4056,#961);
#630=LINE('',#4058,#962);
#631=LINE('',#4059,#963);
#632=LINE('',#4063,#964);
#633=LINE('',#4065,#965);
#634=LINE('',#4067,#966);
#635=LINE('',#4068,#967);
#636=LINE('',#4070,#968);
#637=LINE('',#4072,#969);
#638=LINE('',#4074,#970);
#639=LINE('',#4076,#971);
#640=LINE('',#4077,#972);
#641=LINE('',#4080,#973);
#642=LINE('',#4081,#974);
#643=LINE('',#4083,#975);
#644=LINE('',#4085,#976);
#645=LINE('',#4087,#977);
#646=LINE('',#4088,#978);
#647=LINE('',#4092,#979);
#648=LINE('',#4093,#980);
#649=LINE('',#4095,#981);
#650=LINE('',#4097,#982);
#651=LINE('',#4098,#983);
#652=LINE('',#4100,#984);
#653=LINE('',#4101,#985);
#654=LINE('',#4103,#986);
#655=LINE('',#4105,#987);
#656=LINE('',#4107,#988);
#657=LINE('',#4109,#989);
#658=LINE('',#4112,#990);
#659=LINE('',#4114,#991);
#660=LINE('',#4117,#992);
#661=LINE('',#4119,#993);
#662=VECTOR('',#2773,1.);
#663=VECTOR('',#2776,1.);
#664=VECTOR('',#2779,1.);
#665=VECTOR('',#2780,1.);
#666=VECTOR('',#2783,1.);
#667=VECTOR('',#2784,1.);
#668=VECTOR('',#2785,1.);
#669=VECTOR('',#2786,1.);
#670=VECTOR('',#2787,1.);
#671=VECTOR('',#2788,1.);
#672=VECTOR('',#2789,1.);
#673=VECTOR('',#2790,1.);
#674=VECTOR('',#2791,1.);
#675=VECTOR('',#2792,1.);
#676=VECTOR('',#2793,1.);
#677=VECTOR('',#2794,1.);
#678=VECTOR('',#2797,1.);
#679=VECTOR('',#2798,1.);
#680=VECTOR('',#2799,1.);
#681=VECTOR('',#2800,1.);
#682=VECTOR('',#2801,1.);
#683=VECTOR('',#2802,1.);
#684=VECTOR('',#2803,1.);
#685=VECTOR('',#2804,1.);
#686=VECTOR('',#2807,1.);
#687=VECTOR('',#2808,1.);
#688=VECTOR('',#2809,1.);
#689=VECTOR('',#2810,1.);
#690=VECTOR('',#2813,1.);
#691=VECTOR('',#2814,1.);
#692=VECTOR('',#2815,1.);
#693=VECTOR('',#2818,1.);
#694=VECTOR('',#2819,1.);
#695=VECTOR('',#2820,1.);
#696=VECTOR('',#2821,1.);
#697=VECTOR('',#2824,1.);
#698=VECTOR('',#2825,1.);
#699=VECTOR('',#2826,1.);
#700=VECTOR('',#2829,1.);
#701=VECTOR('',#2830,1.);
#702=VECTOR('',#2831,1.);
#703=VECTOR('',#2834,1.);
#704=VECTOR('',#2835,1.);
#705=VECTOR('',#2836,1.);
#706=VECTOR('',#2837,1.);
#707=VECTOR('',#2842,1.);
#708=VECTOR('',#2843,1.);
#709=VECTOR('',#2844,1.);
#710=VECTOR('',#2845,1.);
#711=VECTOR('',#2846,1.);
#712=VECTOR('',#2851,1.);
#713=VECTOR('',#2852,1.);
#714=VECTOR('',#2853,1.);
#715=VECTOR('',#2854,1.);
#716=VECTOR('',#2855,1.);
#717=VECTOR('',#2856,1.);
#718=VECTOR('',#2857,1.);
#719=VECTOR('',#2858,1.);
#720=VECTOR('',#2865,1.);
#721=VECTOR('',#2870,1.);
#722=VECTOR('',#2873,1.);
#723=VECTOR('',#2876,1.);
#724=VECTOR('',#2877,1.);
#725=VECTOR('',#2880,1.);
#726=VECTOR('',#2881,1.);
#727=VECTOR('',#2884,1.);
#728=VECTOR('',#2889,1.);
#729=VECTOR('',#2890,1.);
#730=VECTOR('',#2893,1.);
#731=VECTOR('',#2894,1.);
#732=VECTOR('',#2897,1.);
#733=VECTOR('',#2902,1.);
#734=VECTOR('',#2903,1.);
#735=VECTOR('',#2906,1.);
#736=VECTOR('',#2907,1.);
#737=VECTOR('',#2910,1.);
#738=VECTOR('',#2915,1.);
#739=VECTOR('',#2916,1.);
#740=VECTOR('',#2917,1.);
#741=VECTOR('',#2918,1.);
#742=VECTOR('',#2929,1.);
#743=VECTOR('',#2930,1.);
#744=VECTOR('',#2931,1.);
#745=VECTOR('',#2934,1.);
#746=VECTOR('',#2935,1.);
#747=VECTOR('',#2938,1.);
#748=VECTOR('',#2939,1.);
#749=VECTOR('',#2942,1.);
#750=VECTOR('',#2947,1.);
#751=VECTOR('',#2948,1.00000000000055);
#752=VECTOR('',#2949,1.);
#753=VECTOR('',#2950,1.00000000000055);
#754=VECTOR('',#2951,1.);
#755=VECTOR('',#2952,1.);
#756=VECTOR('',#2955,1.);
#757=VECTOR('',#2956,1.);
#758=VECTOR('',#2957,1.);
#759=VECTOR('',#2960,1.);
#760=VECTOR('',#2961,1.00000000000055);
#761=VECTOR('',#2962,1.);
#762=VECTOR('',#2963,1.);
#763=VECTOR('',#2964,1.00000000000055);
#764=VECTOR('',#2967,1.);
#765=VECTOR('',#2968,1.);
#766=VECTOR('',#2971,1.);
#767=VECTOR('',#2972,1.);
#768=VECTOR('',#2981,1.);
#769=VECTOR('',#2982,1.);
#770=VECTOR('',#2983,1.);
#771=VECTOR('',#2984,1.);
#772=VECTOR('',#2987,1.);
#773=VECTOR('',#2988,1.00000000000055);
#774=VECTOR('',#2989,1.);
#775=VECTOR('',#2990,1.00000000000055);
#776=VECTOR('',#2991,1.);
#777=VECTOR('',#2994,1.);
#778=VECTOR('',#2995,1.);
#779=VECTOR('',#2996,1.);
#780=VECTOR('',#2999,1.);
#781=VECTOR('',#3000,1.00000000000055);
#782=VECTOR('',#3001,1.);
#783=VECTOR('',#3002,1.00000000000055);
#784=VECTOR('',#3005,1.);
#785=VECTOR('',#3006,1.);
#786=VECTOR('',#3015,1.);
#787=VECTOR('',#3016,1.00000000000055);
#788=VECTOR('',#3017,1.);
#789=VECTOR('',#3018,1.);
#790=VECTOR('',#3019,1.);
#791=VECTOR('',#3020,1.00000000000055);
#792=VECTOR('',#3023,1.);
#793=VECTOR('',#3024,1.);
#794=VECTOR('',#3025,1.);
#795=VECTOR('',#3028,1.);
#796=VECTOR('',#3029,1.00000000000055);
#797=VECTOR('',#3030,1.);
#798=VECTOR('',#3031,1.00000000000055);
#799=VECTOR('',#3032,1.);
#800=VECTOR('',#3035,1.);
#801=VECTOR('',#3036,1.);
#802=VECTOR('',#3039,1.);
#803=VECTOR('',#3040,1.);
#804=VECTOR('',#3049,1.);
#805=VECTOR('',#3050,1.00000000000055);
#806=VECTOR('',#3051,1.);
#807=VECTOR('',#3052,1.);
#808=VECTOR('',#3053,1.);
#809=VECTOR('',#3054,1.00000000000055);
#810=VECTOR('',#3057,1.);
#811=VECTOR('',#3058,1.);
#812=VECTOR('',#3059,1.);
#813=VECTOR('',#3062,1.);
#814=VECTOR('',#3063,1.00000000000055);
#815=VECTOR('',#3064,1.);
#816=VECTOR('',#3065,1.00000000000055);
#817=VECTOR('',#3066,1.);
#818=VECTOR('',#3069,1.);
#819=VECTOR('',#3070,1.);
#820=VECTOR('',#3073,1.);
#821=VECTOR('',#3074,1.);
#822=VECTOR('',#3083,1.);
#823=VECTOR('',#3084,1.);
#824=VECTOR('',#3085,1.);
#825=VECTOR('',#3086,1.);
#826=VECTOR('',#3089,1.);
#827=VECTOR('',#3090,1.00000000000055);
#828=VECTOR('',#3091,1.);
#829=VECTOR('',#3092,1.);
#830=VECTOR('',#3093,1.00000000000055);
#831=VECTOR('',#3096,1.);
#832=VECTOR('',#3097,1.);
#833=VECTOR('',#3098,1.);
#834=VECTOR('',#3101,1.00000000000055);
#835=VECTOR('',#3102,1.);
#836=VECTOR('',#3103,1.00000000000055);
#837=VECTOR('',#3104,1.);
#838=VECTOR('',#3107,1.);
#839=VECTOR('',#3108,1.);
#840=VECTOR('',#3117,1.);
#841=VECTOR('',#3118,1.);
#842=VECTOR('',#3119,1.);
#843=VECTOR('',#3120,1.);
#844=VECTOR('',#3123,1.);
#845=VECTOR('',#3124,1.00000000000055);
#846=VECTOR('',#3125,1.);
#847=VECTOR('',#3126,1.);
#848=VECTOR('',#3127,1.00000000000055);
#849=VECTOR('',#3130,1.);
#850=VECTOR('',#3131,1.);
#851=VECTOR('',#3132,1.);
#852=VECTOR('',#3135,1.00000000000055);
#853=VECTOR('',#3136,1.);
#854=VECTOR('',#3137,1.00000000000055);
#855=VECTOR('',#3138,1.);
#856=VECTOR('',#3141,1.);
#857=VECTOR('',#3142,1.);
#858=VECTOR('',#3153,1.);
#859=VECTOR('',#3156,1.);
#860=VECTOR('',#3159,1.);
#861=VECTOR('',#3160,1.);
#862=VECTOR('',#3161,1.);
#863=VECTOR('',#3162,1.);
#864=VECTOR('',#3163,1.);
#865=VECTOR('',#3164,1.);
#866=VECTOR('',#3165,1.);
#867=VECTOR('',#3166,1.);
#868=VECTOR('',#3167,1.);
#869=VECTOR('',#3168,1.);
#870=VECTOR('',#3169,1.);
#871=VECTOR('',#3170,1.);
#872=VECTOR('',#3171,1.);
#873=VECTOR('',#3172,1.);
#874=VECTOR('',#3173,1.);
#875=VECTOR('',#3178,1.);
#876=VECTOR('',#3183,1.);
#877=VECTOR('',#3184,1.);
#878=VECTOR('',#3185,1.);
#879=VECTOR('',#3190,1.);
#880=VECTOR('',#3195,1.);
#881=VECTOR('',#3196,1.);
#882=VECTOR('',#3197,1.);
#883=VECTOR('',#3198,1.);
#884=VECTOR('',#3199,1.);
#885=VECTOR('',#3200,1.);
#886=VECTOR('',#3201,1.);
#887=VECTOR('',#3202,1.);
#888=VECTOR('',#3203,1.);
#889=VECTOR('',#3204,1.);
#890=VECTOR('',#3205,1.);
#891=VECTOR('',#3210,1.);
#892=VECTOR('',#3215,1.);
#893=VECTOR('',#3216,1.);
#894=VECTOR('',#3221,1.);
#895=VECTOR('',#3222,1.);
#896=VECTOR('',#3223,1.);
#897=VECTOR('',#3224,1.);
#898=VECTOR('',#3225,1.);
#899=VECTOR('',#3226,1.);
#900=VECTOR('',#3227,1.);
#901=VECTOR('',#3228,1.);
#902=VECTOR('',#3229,1.);
#903=VECTOR('',#3230,1.);
#904=VECTOR('',#3231,1.);
#905=VECTOR('',#3232,1.);
#906=VECTOR('',#3233,1.);
#907=VECTOR('',#3234,1.);
#908=VECTOR('',#3235,1.);
#909=VECTOR('',#3238,1.);
#910=VECTOR('',#3239,1.);
#911=VECTOR('',#3242,1.);
#912=VECTOR('',#3243,1.);
#913=VECTOR('',#3246,1.);
#914=VECTOR('',#3249,1.);
#915=VECTOR('',#3250,1.);
#916=VECTOR('',#3253,1.);
#917=VECTOR('',#3254,1.);
#918=VECTOR('',#3257,1.);
#919=VECTOR('',#3260,1.);
#920=VECTOR('',#3261,1.);
#921=VECTOR('',#3264,1.);
#922=VECTOR('',#3265,1.);
#923=VECTOR('',#3268,1.);
#924=VECTOR('',#3273,1.);
#925=VECTOR('',#3274,1.);
#926=VECTOR('',#3277,1.);
#927=VECTOR('',#3278,1.);
#928=VECTOR('',#3281,1.);
#929=VECTOR('',#3282,1.);
#930=VECTOR('',#3285,1.);
#931=VECTOR('',#3288,1.);
#932=VECTOR('',#3289,1.);
#933=VECTOR('',#3292,1.);
#934=VECTOR('',#3297,1.);
#935=VECTOR('',#3298,1.);
#936=VECTOR('',#3299,1.);
#937=VECTOR('',#3300,1.);
#938=VECTOR('',#3303,1.);
#939=VECTOR('',#3304,1.);
#940=VECTOR('',#3305,1.);
#941=VECTOR('',#3306,1.);
#942=VECTOR('',#3307,1.);
#943=VECTOR('',#3308,1.);
#944=VECTOR('',#3309,1.);
#945=VECTOR('',#3310,1.);
#946=VECTOR('',#3313,1.);
#947=VECTOR('',#3314,1.);
#948=VECTOR('',#3315,1.);
#949=VECTOR('',#3318,1.);
#950=VECTOR('',#3319,1.);
#951=VECTOR('',#3320,1.);
#952=VECTOR('',#3321,1.);
#953=VECTOR('',#3324,1.);
#954=VECTOR('',#3325,1.);
#955=VECTOR('',#3326,1.);
#956=VECTOR('',#3329,1.);
#957=VECTOR('',#3330,1.);
#958=VECTOR('',#3331,1.);
#959=VECTOR('',#3334,1.);
#960=VECTOR('',#3335,1.);
#961=VECTOR('',#3338,1.);
#962=VECTOR('',#3339,1.);
#963=VECTOR('',#3340,1.);
#964=VECTOR('',#3345,1.);
#965=VECTOR('',#3346,1.);
#966=VECTOR('',#3347,1.);
#967=VECTOR('',#3348,1.);
#968=VECTOR('',#3349,1.);
#969=VECTOR('',#3350,1.);
#970=VECTOR('',#3351,1.);
#971=VECTOR('',#3352,1.);
#972=VECTOR('',#3353,1.);
#973=VECTOR('',#3356,1.);
#974=VECTOR('',#3357,1.);
#975=VECTOR('',#3358,1.);
#976=VECTOR('',#3359,1.);
#977=VECTOR('',#3360,1.);
#978=VECTOR('',#3361,1.);
#979=VECTOR('',#3364,1.);
#980=VECTOR('',#3365,1.);
#981=VECTOR('',#3366,1.);
#982=VECTOR('',#3367,1.);
#983=VECTOR('',#3368,1.);
#984=VECTOR('',#3369,1.);
#985=VECTOR('',#3370,1.);
#986=VECTOR('',#3373,1.);
#987=VECTOR('',#3376,1.);
#988=VECTOR('',#3379,1.);
#989=VECTOR('',#3382,1.);
#990=VECTOR('',#3387,1.);
#991=VECTOR('',#3390,1.);
#992=VECTOR('',#3395,1.);
#993=VECTOR('',#3398,1.);
#994=VERTEX_POINT('',#3409);
#995=VERTEX_POINT('',#3410);
#996=VERTEX_POINT('',#3412);
#997=VERTEX_POINT('',#3414);
#998=VERTEX_POINT('',#3416);
#999=VERTEX_POINT('',#3418);
#1000=VERTEX_POINT('',#3422);
#1001=VERTEX_POINT('',#3423);
#1002=VERTEX_POINT('',#3425);
#1003=VERTEX_POINT('',#3427);
#1004=VERTEX_POINT('',#3429);
#1005=VERTEX_POINT('',#3431);
#1006=VERTEX_POINT('',#3433);
#1007=VERTEX_POINT('',#3435);
#1008=VERTEX_POINT('',#3437);
#1009=VERTEX_POINT('',#3439);
#1010=VERTEX_POINT('',#3441);
#1011=VERTEX_POINT('',#3443);
#1012=VERTEX_POINT('',#3447);
#1013=VERTEX_POINT('',#3448);
#1014=VERTEX_POINT('',#3450);
#1015=VERTEX_POINT('',#3452);
#1016=VERTEX_POINT('',#3454);
#1017=VERTEX_POINT('',#3456);
#1018=VERTEX_POINT('',#3458);
#1019=VERTEX_POINT('',#3460);
#1020=VERTEX_POINT('',#3464);
#1021=VERTEX_POINT('',#3465);
#1022=VERTEX_POINT('',#3467);
#1023=VERTEX_POINT('',#3469);
#1024=VERTEX_POINT('',#3473);
#1025=VERTEX_POINT('',#3474);
#1026=VERTEX_POINT('',#3479);
#1027=VERTEX_POINT('',#3480);
#1028=VERTEX_POINT('',#3482);
#1029=VERTEX_POINT('',#3484);
#1030=VERTEX_POINT('',#3488);
#1031=VERTEX_POINT('',#3490);
#1032=VERTEX_POINT('',#3494);
#1033=VERTEX_POINT('',#3496);
#1034=VERTEX_POINT('',#3500);
#1035=VERTEX_POINT('',#3501);
#1036=VERTEX_POINT('',#3503);
#1037=VERTEX_POINT('',#3505);
#1038=VERTEX_POINT('',#3511);
#1039=VERTEX_POINT('',#3513);
#1040=VERTEX_POINT('',#3520);
#1041=VERTEX_POINT('',#3522);
#1042=VERTEX_POINT('',#3525);
#1043=VERTEX_POINT('',#3527);
#1044=VERTEX_POINT('',#3541);
#1045=VERTEX_POINT('',#3545);
#1046=VERTEX_POINT('',#3552);
#1047=VERTEX_POINT('',#3556);
#1048=VERTEX_POINT('',#3563);
#1049=VERTEX_POINT('',#3567);
#1050=VERTEX_POINT('',#3574);
#1051=VERTEX_POINT('',#3575);
#1052=VERTEX_POINT('',#3577);
#1053=VERTEX_POINT('',#3579);
#1054=VERTEX_POINT('',#3587);
#1055=VERTEX_POINT('',#3589);
#1056=VERTEX_POINT('',#3593);
#1057=VERTEX_POINT('',#3597);
#1058=VERTEX_POINT('',#3604);
#1059=VERTEX_POINT('',#3605);
#1060=VERTEX_POINT('',#3607);
#1061=VERTEX_POINT('',#3609);
#1062=VERTEX_POINT('',#3611);
#1063=VERTEX_POINT('',#3613);
#1064=VERTEX_POINT('',#3617);
#1065=VERTEX_POINT('',#3618);
#1066=VERTEX_POINT('',#3623);
#1067=VERTEX_POINT('',#3624);
#1068=VERTEX_POINT('',#3627);
#1069=VERTEX_POINT('',#3629);
#1070=VERTEX_POINT('',#3642);
#1071=VERTEX_POINT('',#3643);
#1072=VERTEX_POINT('',#3645);
#1073=VERTEX_POINT('',#3647);
#1074=VERTEX_POINT('',#3651);
#1075=VERTEX_POINT('',#3652);
#1076=VERTEX_POINT('',#3654);
#1077=VERTEX_POINT('',#3656);
#1078=VERTEX_POINT('',#3661);
#1079=VERTEX_POINT('',#3662);
#1080=VERTEX_POINT('',#3667);
#1081=VERTEX_POINT('',#3668);
#1082=VERTEX_POINT('',#3680);
#1083=VERTEX_POINT('',#3681);
#1084=VERTEX_POINT('',#3683);
#1085=VERTEX_POINT('',#3685);
#1086=VERTEX_POINT('',#3687);
#1087=VERTEX_POINT('',#3689);
#1088=VERTEX_POINT('',#3693);
#1089=VERTEX_POINT('',#3694);
#1090=VERTEX_POINT('',#3699);
#1091=VERTEX_POINT('',#3700);
#1092=VERTEX_POINT('',#3702);
#1093=VERTEX_POINT('',#3704);
#1094=VERTEX_POINT('',#3718);
#1095=VERTEX_POINT('',#3719);
#1096=VERTEX_POINT('',#3721);
#1097=VERTEX_POINT('',#3723);
#1098=VERTEX_POINT('',#3725);
#1099=VERTEX_POINT('',#3727);
#1100=VERTEX_POINT('',#3731);
#1101=VERTEX_POINT('',#3732);
#1102=VERTEX_POINT('',#3737);
#1103=VERTEX_POINT('',#3738);
#1104=VERTEX_POINT('',#3740);
#1105=VERTEX_POINT('',#3742);
#1106=VERTEX_POINT('',#3756);
#1107=VERTEX_POINT('',#3757);
#1108=VERTEX_POINT('',#3759);
#1109=VERTEX_POINT('',#3761);
#1110=VERTEX_POINT('',#3765);
#1111=VERTEX_POINT('',#3766);
#1112=VERTEX_POINT('',#3769);
#1113=VERTEX_POINT('',#3771);
#1114=VERTEX_POINT('',#3775);
#1115=VERTEX_POINT('',#3776);
#1116=VERTEX_POINT('',#3781);
#1117=VERTEX_POINT('',#3783);
#1118=VERTEX_POINT('',#3794);
#1119=VERTEX_POINT('',#3795);
#1120=VERTEX_POINT('',#3797);
#1121=VERTEX_POINT('',#3799);
#1122=VERTEX_POINT('',#3803);
#1123=VERTEX_POINT('',#3804);
#1124=VERTEX_POINT('',#3807);
#1125=VERTEX_POINT('',#3809);
#1126=VERTEX_POINT('',#3813);
#1127=VERTEX_POINT('',#3814);
#1128=VERTEX_POINT('',#3819);
#1129=VERTEX_POINT('',#3821);
#1130=VERTEX_POINT('',#3832);
#1131=VERTEX_POINT('',#3833);
#1132=VERTEX_POINT('',#3835);
#1133=VERTEX_POINT('',#3837);
#1134=VERTEX_POINT('',#3841);
#1135=VERTEX_POINT('',#3843);
#1136=VERTEX_POINT('',#3845);
#1137=VERTEX_POINT('',#3847);
#1138=VERTEX_POINT('',#3849);
#1139=VERTEX_POINT('',#3851);
#1140=VERTEX_POINT('',#3854);
#1141=VERTEX_POINT('',#3855);
#1142=VERTEX_POINT('',#3857);
#1143=VERTEX_POINT('',#3859);
#1144=VERTEX_POINT('',#3862);
#1145=VERTEX_POINT('',#3863);
#1146=VERTEX_POINT('',#3865);
#1147=VERTEX_POINT('',#3867);
#1148=VERTEX_POINT('',#3871);
#1149=VERTEX_POINT('',#3873);
#1150=VERTEX_POINT('',#3877);
#1151=VERTEX_POINT('',#3879);
#1152=VERTEX_POINT('',#3883);
#1153=VERTEX_POINT('',#3885);
#1154=VERTEX_POINT('',#3889);
#1155=VERTEX_POINT('',#3891);
#1156=VERTEX_POINT('',#3893);
#1157=VERTEX_POINT('',#3895);
#1158=VERTEX_POINT('',#3897);
#1159=VERTEX_POINT('',#3899);
#1160=VERTEX_POINT('',#3902);
#1161=VERTEX_POINT('',#3903);
#1162=VERTEX_POINT('',#3905);
#1163=VERTEX_POINT('',#3907);
#1164=VERTEX_POINT('',#3911);
#1165=VERTEX_POINT('',#3913);
#1166=VERTEX_POINT('',#3921);
#1167=VERTEX_POINT('',#3923);
#1168=VERTEX_POINT('',#3926);
#1169=VERTEX_POINT('',#3928);
#1170=VERTEX_POINT('',#3931);
#1171=VERTEX_POINT('',#3933);
#1172=VERTEX_POINT('',#3936);
#1173=VERTEX_POINT('',#3938);
#1174=VERTEX_POINT('',#3941);
#1175=VERTEX_POINT('',#3943);
#1176=VERTEX_POINT('',#3947);
#1177=VERTEX_POINT('',#3951);
#1178=VERTEX_POINT('',#3957);
#1179=VERTEX_POINT('',#3961);
#1180=VERTEX_POINT('',#3967);
#1181=VERTEX_POINT('',#3971);
#1182=VERTEX_POINT('',#3978);
#1183=VERTEX_POINT('',#3982);
#1184=VERTEX_POINT('',#3986);
#1185=VERTEX_POINT('',#3992);
#1186=VERTEX_POINT('',#3999);
#1187=VERTEX_POINT('',#4000);
#1188=VERTEX_POINT('',#4002);
#1189=VERTEX_POINT('',#4004);
#1190=VERTEX_POINT('',#4008);
#1191=VERTEX_POINT('',#4009);
#1192=VERTEX_POINT('',#4011);
#1193=VERTEX_POINT('',#4013);
#1194=VERTEX_POINT('',#4015);
#1195=VERTEX_POINT('',#4017);
#1196=VERTEX_POINT('',#4019);
#1197=VERTEX_POINT('',#4021);
#1198=VERTEX_POINT('',#4025);
#1199=VERTEX_POINT('',#4027);
#1200=VERTEX_POINT('',#4031);
#1201=VERTEX_POINT('',#4032);
#1202=VERTEX_POINT('',#4034);
#1203=VERTEX_POINT('',#4036);
#1204=VERTEX_POINT('',#4040);
#1205=VERTEX_POINT('',#4042);
#1206=VERTEX_POINT('',#4046);
#1207=VERTEX_POINT('',#4048);
#1208=VERTEX_POINT('',#4055);
#1209=VERTEX_POINT('',#4057);
#1210=VERTEX_POINT('',#4062);
#1211=VERTEX_POINT('',#4064);
#1212=VERTEX_POINT('',#4066);
#1213=VERTEX_POINT('',#4069);
#1214=VERTEX_POINT('',#4071);
#1215=VERTEX_POINT('',#4073);
#1216=VERTEX_POINT('',#4075);
#1217=VERTEX_POINT('',#4079);
#1218=VERTEX_POINT('',#4082);
#1219=VERTEX_POINT('',#4084);
#1220=VERTEX_POINT('',#4086);
#1221=VERTEX_POINT('',#4090);
#1222=VERTEX_POINT('',#4091);
#1223=VERTEX_POINT('',#4094);
#1224=VERTEX_POINT('',#4096);
#1225=VERTEX_POINT('',#4099);
#1226=EDGE_CURVE('',#994,#995,#330,.T.);
#1227=EDGE_CURVE('',#994,#996,#314,.T.);
#1228=EDGE_CURVE('',#997,#996,#331,.T.);
#1229=EDGE_CURVE('',#997,#998,#315,.T.);
#1230=EDGE_CURVE('',#999,#998,#332,.T.);
#1231=EDGE_CURVE('',#999,#995,#333,.T.);
#1232=EDGE_CURVE('',#1000,#1001,#334,.T.);
#1233=EDGE_CURVE('',#1000,#1002,#335,.T.);
#1234=EDGE_CURVE('',#1002,#1003,#336,.T.);
#1235=EDGE_CURVE('',#1003,#1004,#337,.T.);
#1236=EDGE_CURVE('',#1005,#1004,#338,.T.);
#1237=EDGE_CURVE('',#1006,#1005,#339,.T.);
#1238=EDGE_CURVE('',#1007,#1006,#340,.T.);
#1239=EDGE_CURVE('',#1007,#1008,#341,.T.);
#1240=EDGE_CURVE('',#1009,#1008,#342,.T.);
#1241=EDGE_CURVE('',#1010,#1009,#343,.T.);
#1242=EDGE_CURVE('',#1011,#1010,#344,.T.);
#1243=EDGE_CURVE('',#1011,#1001,#345,.T.);
#1244=EDGE_CURVE('',#1012,#1013,#346,.T.);
#1245=EDGE_CURVE('',#1014,#1012,#347,.T.);
#1246=EDGE_CURVE('',#1014,#1015,#348,.T.);
#1247=EDGE_CURVE('',#1015,#1016,#349,.T.);
#1248=EDGE_CURVE('',#1017,#1016,#350,.T.);
#1249=EDGE_CURVE('',#1018,#1017,#351,.T.);
#1250=EDGE_CURVE('',#1019,#1018,#352,.T.);
#1251=EDGE_CURVE('',#1019,#1013,#353,.T.);
#1252=EDGE_CURVE('',#1020,#1021,#354,.T.);
#1253=EDGE_CURVE('',#1020,#1022,#355,.T.);
#1254=EDGE_CURVE('',#1022,#1023,#356,.T.);
#1255=EDGE_CURVE('',#1023,#1021,#357,.T.);
#1256=EDGE_CURVE('',#1024,#1025,#358,.T.);
#1257=EDGE_CURVE('',#1024,#994,#359,.T.);
#1258=EDGE_CURVE('',#995,#1025,#360,.T.);
#1259=EDGE_CURVE('',#1026,#1027,#361,.T.);
#1260=EDGE_CURVE('',#1026,#1028,#362,.T.);
#1261=EDGE_CURVE('',#1028,#1029,#363,.T.);
#1262=EDGE_CURVE('',#1029,#1027,#364,.T.);
#1263=EDGE_CURVE('',#998,#1030,#365,.T.);
#1264=EDGE_CURVE('',#1031,#1030,#366,.T.);
#1265=EDGE_CURVE('',#999,#1031,#367,.T.);
#1266=EDGE_CURVE('',#996,#1032,#368,.T.);
#1267=EDGE_CURVE('',#1033,#1032,#369,.T.);
#1268=EDGE_CURVE('',#1033,#997,#370,.T.);
#1269=EDGE_CURVE('',#1034,#1035,#371,.T.);
#1270=EDGE_CURVE('',#1035,#1036,#372,.T.);
#1271=EDGE_CURVE('',#1037,#1036,#373,.T.);
#1272=EDGE_CURVE('',#1034,#1037,#374,.T.);
#1273=EDGE_CURVE('',#1032,#1024,#316,.T.);
#1274=EDGE_CURVE('',#1013,#1025,#375,.T.);
#1275=EDGE_CURVE('',#1038,#1019,#376,.T.);
#1276=EDGE_CURVE('',#1038,#1039,#377,.T.);
#1277=EDGE_CURVE('',#1039,#1016,#378,.T.);
#1278=EDGE_CURVE('',#1037,#1015,#379,.T.);
#1279=EDGE_CURVE('',#1036,#1026,#317,.T.);
#1280=EDGE_CURVE('',#1027,#1020,#318,.T.);
#1281=EDGE_CURVE('',#1001,#1021,#380,.T.);
#1282=EDGE_CURVE('',#1040,#1011,#381,.T.);
#1283=EDGE_CURVE('',#1040,#1041,#382,.T.);
#1284=EDGE_CURVE('',#1041,#1008,#383,.T.);
#1285=EDGE_CURVE('',#1042,#1007,#384,.T.);
#1286=EDGE_CURVE('',#1042,#1043,#385,.T.);
#1287=EDGE_CURVE('',#1043,#1004,#386,.T.);
#1288=EDGE_CURVE('',#1031,#1003,#387,.T.);
#1289=EDGE_CURVE('',#1030,#1033,#319,.T.);
#1290=EDGE_CURVE('',#1028,#1035,#320,.T.);
#1291=EDGE_CURVE('',#1034,#1023,#388,.T.);
#1292=EDGE_CURVE('',#1022,#1029,#321,.T.);
#1293=EDGE_CURVE('',#1002,#1012,#389,.T.);
#1294=EDGE_CURVE('',#1000,#1014,#390,.T.);
#1295=EDGE_CURVE('',#1039,#1044,#391,.T.);
#1296=EDGE_CURVE('',#1044,#1017,#392,.T.);
#1297=EDGE_CURVE('',#1044,#1045,#393,.T.);
#1298=EDGE_CURVE('',#1045,#1018,#394,.T.);
#1299=EDGE_CURVE('',#1045,#1038,#395,.T.);
#1300=EDGE_CURVE('',#1041,#1046,#396,.T.);
#1301=EDGE_CURVE('',#1046,#1009,#397,.T.);
#1302=EDGE_CURVE('',#1046,#1047,#398,.T.);
#1303=EDGE_CURVE('',#1047,#1010,#399,.T.);
#1304=EDGE_CURVE('',#1047,#1040,#400,.T.);
#1305=EDGE_CURVE('',#1043,#1048,#401,.T.);
#1306=EDGE_CURVE('',#1048,#1005,#402,.T.);
#1307=EDGE_CURVE('',#1048,#1049,#403,.T.);
#1308=EDGE_CURVE('',#1049,#1006,#404,.T.);
#1309=EDGE_CURVE('',#1049,#1042,#405,.T.);
#1310=EDGE_CURVE('',#1050,#1051,#406,.T.);
#1311=EDGE_CURVE('',#1052,#1050,#407,.T.);
#1312=EDGE_CURVE('',#1053,#1052,#408,.T.);
#1313=EDGE_CURVE('',#1051,#1053,#409,.T.);
#1314=EDGE_CURVE('',#1054,#1050,#410,.T.);
#1315=EDGE_CURVE('',#1055,#1054,#411,.T.);
#1316=EDGE_CURVE('',#1055,#1052,#412,.T.);
#1317=EDGE_CURVE('',#1056,#1055,#413,.T.);
#1318=EDGE_CURVE('',#1056,#1053,#414,.T.);
#1319=EDGE_CURVE('',#1057,#1056,#415,.T.);
#1320=EDGE_CURVE('',#1057,#1051,#416,.T.);
#1321=EDGE_CURVE('',#1054,#1057,#417,.T.);
#1322=EDGE_CURVE('',#1058,#1059,#418,.T.);
#1323=EDGE_CURVE('',#1060,#1058,#419,.T.);
#1324=EDGE_CURVE('',#1061,#1060,#420,.T.);
#1325=EDGE_CURVE('',#1062,#1061,#421,.T.);
#1326=EDGE_CURVE('',#1062,#1063,#422,.T.);
#1327=EDGE_CURVE('',#1063,#1059,#423,.T.);
#1328=EDGE_CURVE('',#1064,#1065,#424,.T.);
#1329=EDGE_CURVE('',#1058,#1064,#425,.T.);
#1330=EDGE_CURVE('',#1059,#1065,#426,.T.);
#1331=EDGE_CURVE('',#1066,#1067,#427,.T.);
#1332=EDGE_CURVE('',#1066,#1064,#428,.T.);
#1333=EDGE_CURVE('',#1065,#1068,#429,.T.);
#1334=EDGE_CURVE('',#1069,#1068,#430,.T.);
#1335=EDGE_CURVE('',#1069,#1067,#431,.T.);
#1336=EDGE_CURVE('',#1062,#1069,#432,.T.);
#1337=EDGE_CURVE('',#1068,#1063,#433,.T.);
#1338=EDGE_CURVE('',#1060,#1066,#434,.T.);
#1339=EDGE_CURVE('',#1061,#1067,#435,.T.);
#1340=EDGE_CURVE('',#1070,#1071,#436,.T.);
#1341=EDGE_CURVE('',#1070,#1072,#437,.T.);
#1342=EDGE_CURVE('',#1072,#1073,#438,.T.);
#1343=EDGE_CURVE('',#1073,#1071,#439,.T.);
#1344=EDGE_CURVE('',#1074,#1075,#440,.T.);
#1345=EDGE_CURVE('',#1074,#1076,#441,.T.);
#1346=EDGE_CURVE('',#1077,#1076,#442,.T.);
#1347=EDGE_CURVE('',#1077,#1070,#443,.T.);
#1348=EDGE_CURVE('',#1071,#1075,#444,.T.);
#1349=EDGE_CURVE('',#1078,#1079,#445,.T.);
#1350=EDGE_CURVE('',#1074,#1078,#446,.T.);
#1351=EDGE_CURVE('',#1075,#1079,#447,.T.);
#1352=EDGE_CURVE('',#1080,#1081,#448,.T.);
#1353=EDGE_CURVE('',#1078,#1080,#449,.T.);
#1354=EDGE_CURVE('',#1079,#1073,#450,.T.);
#1355=EDGE_CURVE('',#1081,#1072,#451,.T.);
#1356=EDGE_CURVE('',#1080,#1076,#452,.T.);
#1357=EDGE_CURVE('',#1077,#1081,#453,.T.);
#1358=EDGE_CURVE('',#1082,#1083,#454,.T.);
#1359=EDGE_CURVE('',#1084,#1082,#455,.T.);
#1360=EDGE_CURVE('',#1084,#1085,#456,.T.);
#1361=EDGE_CURVE('',#1085,#1086,#457,.T.);
#1362=EDGE_CURVE('',#1087,#1086,#458,.T.);
#1363=EDGE_CURVE('',#1083,#1087,#459,.T.);
#1364=EDGE_CURVE('',#1088,#1089,#460,.T.);
#1365=EDGE_CURVE('',#1087,#1088,#461,.T.);
#1366=EDGE_CURVE('',#1086,#1089,#462,.T.);
#1367=EDGE_CURVE('',#1090,#1091,#463,.T.);
#1368=EDGE_CURVE('',#1090,#1092,#464,.T.);
#1369=EDGE_CURVE('',#1093,#1092,#465,.T.);
#1370=EDGE_CURVE('',#1093,#1088,#466,.T.);
#1371=EDGE_CURVE('',#1089,#1091,#467,.T.);
#1372=EDGE_CURVE('',#1084,#1090,#468,.T.);
#1373=EDGE_CURVE('',#1091,#1085,#469,.T.);
#1374=EDGE_CURVE('',#1082,#1092,#470,.T.);
#1375=EDGE_CURVE('',#1083,#1093,#471,.T.);
#1376=EDGE_CURVE('',#1094,#1095,#472,.T.);
#1377=EDGE_CURVE('',#1096,#1094,#473,.T.);
#1378=EDGE_CURVE('',#1096,#1097,#474,.T.);
#1379=EDGE_CURVE('',#1097,#1098,#475,.T.);
#1380=EDGE_CURVE('',#1099,#1098,#476,.T.);
#1381=EDGE_CURVE('',#1095,#1099,#477,.T.);
#1382=EDGE_CURVE('',#1100,#1101,#478,.T.);
#1383=EDGE_CURVE('',#1099,#1100,#479,.T.);
#1384=EDGE_CURVE('',#1098,#1101,#480,.T.);
#1385=EDGE_CURVE('',#1102,#1103,#481,.T.);
#1386=EDGE_CURVE('',#1102,#1104,#482,.T.);
#1387=EDGE_CURVE('',#1105,#1104,#483,.T.);
#1388=EDGE_CURVE('',#1105,#1100,#484,.T.);
#1389=EDGE_CURVE('',#1101,#1103,#485,.T.);
#1390=EDGE_CURVE('',#1096,#1102,#486,.T.);
#1391=EDGE_CURVE('',#1103,#1097,#487,.T.);
#1392=EDGE_CURVE('',#1094,#1104,#488,.T.);
#1393=EDGE_CURVE('',#1095,#1105,#489,.T.);
#1394=EDGE_CURVE('',#1106,#1107,#490,.T.);
#1395=EDGE_CURVE('',#1106,#1108,#491,.T.);
#1396=EDGE_CURVE('',#1108,#1109,#492,.T.);
#1397=EDGE_CURVE('',#1109,#1107,#493,.T.);
#1398=EDGE_CURVE('',#1110,#1111,#494,.T.);
#1399=EDGE_CURVE('',#1110,#1106,#495,.T.);
#1400=EDGE_CURVE('',#1107,#1112,#496,.T.);
#1401=EDGE_CURVE('',#1113,#1112,#497,.T.);
#1402=EDGE_CURVE('',#1113,#1111,#498,.T.);
#1403=EDGE_CURVE('',#1114,#1115,#499,.T.);
#1404=EDGE_CURVE('',#1113,#1114,#500,.T.);
#1405=EDGE_CURVE('',#1112,#1115,#501,.T.);
#1406=EDGE_CURVE('',#1116,#1108,#502,.T.);
#1407=EDGE_CURVE('',#1117,#1116,#503,.T.);
#1408=EDGE_CURVE('',#1114,#1117,#504,.T.);
#1409=EDGE_CURVE('',#1115,#1109,#505,.T.);
#1410=EDGE_CURVE('',#1110,#1116,#506,.T.);
#1411=EDGE_CURVE('',#1117,#1111,#507,.T.);
#1412=EDGE_CURVE('',#1118,#1119,#508,.T.);
#1413=EDGE_CURVE('',#1118,#1120,#509,.T.);
#1414=EDGE_CURVE('',#1120,#1121,#510,.T.);
#1415=EDGE_CURVE('',#1121,#1119,#511,.T.);
#1416=EDGE_CURVE('',#1122,#1123,#512,.T.);
#1417=EDGE_CURVE('',#1122,#1118,#513,.T.);
#1418=EDGE_CURVE('',#1119,#1124,#514,.T.);
#1419=EDGE_CURVE('',#1125,#1124,#515,.T.);
#1420=EDGE_CURVE('',#1125,#1123,#516,.T.);
#1421=EDGE_CURVE('',#1126,#1127,#517,.T.);
#1422=EDGE_CURVE('',#1125,#1126,#518,.T.);
#1423=EDGE_CURVE('',#1124,#1127,#519,.T.);
#1424=EDGE_CURVE('',#1128,#1120,#520,.T.);
#1425=EDGE_CURVE('',#1129,#1128,#521,.T.);
#1426=EDGE_CURVE('',#1126,#1129,#522,.T.);
#1427=EDGE_CURVE('',#1127,#1121,#523,.T.);
#1428=EDGE_CURVE('',#1122,#1128,#524,.T.);
#1429=EDGE_CURVE('',#1129,#1123,#525,.T.);
#1430=EDGE_CURVE('',#1130,#1131,#322,.T.);
#1431=EDGE_CURVE('',#1132,#1131,#526,.T.);
#1432=EDGE_CURVE('',#1133,#1132,#323,.T.);
#1433=EDGE_CURVE('',#1133,#1130,#527,.T.);
#1434=EDGE_CURVE('',#1131,#1134,#528,.T.);
#1435=EDGE_CURVE('',#1134,#1135,#529,.T.);
#1436=EDGE_CURVE('',#1135,#1136,#530,.T.);
#1437=EDGE_CURVE('',#1136,#1137,#531,.T.);
#1438=EDGE_CURVE('',#1137,#1138,#532,.T.);
#1439=EDGE_CURVE('',#1139,#1138,#533,.T.);
#1440=EDGE_CURVE('',#1132,#1139,#534,.T.);
#1441=EDGE_CURVE('',#1140,#1141,#535,.T.);
#1442=EDGE_CURVE('',#1141,#1142,#536,.T.);
#1443=EDGE_CURVE('',#1142,#1143,#537,.T.);
#1444=EDGE_CURVE('',#1143,#1140,#538,.T.);
#1445=EDGE_CURVE('',#1144,#1145,#539,.T.);
#1446=EDGE_CURVE('',#1145,#1146,#540,.T.);
#1447=EDGE_CURVE('',#1146,#1147,#541,.T.);
#1448=EDGE_CURVE('',#1147,#1144,#542,.T.);
#1449=EDGE_CURVE('',#1138,#1148,#324,.T.);
#1450=EDGE_CURVE('',#1149,#1148,#543,.T.);
#1451=EDGE_CURVE('',#1139,#1149,#325,.T.);
#1452=EDGE_CURVE('',#1148,#1150,#544,.T.);
#1453=EDGE_CURVE('',#1151,#1150,#545,.T.);
#1454=EDGE_CURVE('',#1149,#1151,#546,.T.);
#1455=EDGE_CURVE('',#1150,#1152,#326,.T.);
#1456=EDGE_CURVE('',#1153,#1152,#547,.T.);
#1457=EDGE_CURVE('',#1151,#1153,#327,.T.);
#1458=EDGE_CURVE('',#1152,#1154,#548,.T.);
#1459=EDGE_CURVE('',#1154,#1155,#549,.T.);
#1460=EDGE_CURVE('',#1155,#1156,#550,.T.);
#1461=EDGE_CURVE('',#1156,#1157,#551,.T.);
#1462=EDGE_CURVE('',#1157,#1158,#552,.T.);
#1463=EDGE_CURVE('',#1159,#1158,#553,.T.);
#1464=EDGE_CURVE('',#1153,#1159,#554,.T.);
#1465=EDGE_CURVE('',#1160,#1161,#555,.T.);
#1466=EDGE_CURVE('',#1161,#1162,#556,.T.);
#1467=EDGE_CURVE('',#1162,#1163,#557,.T.);
#1468=EDGE_CURVE('',#1163,#1160,#558,.T.);
#1469=EDGE_CURVE('',#1158,#1164,#328,.T.);
#1470=EDGE_CURVE('',#1165,#1164,#559,.T.);
#1471=EDGE_CURVE('',#1159,#1165,#329,.T.);
#1472=EDGE_CURVE('',#1164,#1130,#560,.T.);
#1473=EDGE_CURVE('',#1165,#1133,#561,.T.);
#1474=EDGE_CURVE('',#1166,#1157,#562,.T.);
#1475=EDGE_CURVE('',#1166,#1167,#563,.T.);
#1476=EDGE_CURVE('',#1167,#1161,#564,.T.);
#1477=EDGE_CURVE('',#1168,#1160,#565,.T.);
#1478=EDGE_CURVE('',#1168,#1169,#566,.T.);
#1479=EDGE_CURVE('',#1169,#1154,#567,.T.);
#1480=EDGE_CURVE('',#1170,#1137,#568,.T.);
#1481=EDGE_CURVE('',#1170,#1171,#569,.T.);
#1482=EDGE_CURVE('',#1171,#1141,#570,.T.);
#1483=EDGE_CURVE('',#1172,#1140,#571,.T.);
#1484=EDGE_CURVE('',#1172,#1173,#572,.T.);
#1485=EDGE_CURVE('',#1173,#1145,#573,.T.);
#1486=EDGE_CURVE('',#1174,#1144,#574,.T.);
#1487=EDGE_CURVE('',#1174,#1175,#575,.T.);
#1488=EDGE_CURVE('',#1175,#1134,#576,.T.);
#1489=EDGE_CURVE('',#1175,#1176,#577,.T.);
#1490=EDGE_CURVE('',#1176,#1135,#578,.T.);
#1491=EDGE_CURVE('',#1176,#1177,#579,.T.);
#1492=EDGE_CURVE('',#1177,#1136,#580,.T.);
#1493=EDGE_CURVE('',#1177,#1170,#581,.T.);
#1494=EDGE_CURVE('',#1171,#1178,#582,.T.);
#1495=EDGE_CURVE('',#1178,#1142,#583,.T.);
#1496=EDGE_CURVE('',#1178,#1179,#584,.T.);
#1497=EDGE_CURVE('',#1179,#1143,#585,.T.);
#1498=EDGE_CURVE('',#1179,#1172,#586,.T.);
#1499=EDGE_CURVE('',#1173,#1180,#587,.T.);
#1500=EDGE_CURVE('',#1180,#1146,#588,.T.);
#1501=EDGE_CURVE('',#1180,#1181,#589,.T.);
#1502=EDGE_CURVE('',#1181,#1147,#590,.T.);
#1503=EDGE_CURVE('',#1181,#1174,#591,.T.);
#1504=EDGE_CURVE('',#1182,#1156,#592,.T.);
#1505=EDGE_CURVE('',#1182,#1166,#593,.T.);
#1506=EDGE_CURVE('',#1167,#1183,#594,.T.);
#1507=EDGE_CURVE('',#1183,#1162,#595,.T.);
#1508=EDGE_CURVE('',#1183,#1184,#596,.T.);
#1509=EDGE_CURVE('',#1184,#1163,#597,.T.);
#1510=EDGE_CURVE('',#1184,#1168,#598,.T.);
#1511=EDGE_CURVE('',#1169,#1185,#599,.T.);
#1512=EDGE_CURVE('',#1185,#1155,#600,.T.);
#1513=EDGE_CURVE('',#1185,#1182,#601,.T.);
#1514=EDGE_CURVE('',#1186,#1187,#602,.T.);
#1515=EDGE_CURVE('',#1186,#1188,#603,.T.);
#1516=EDGE_CURVE('',#1188,#1189,#604,.T.);
#1517=EDGE_CURVE('',#1189,#1187,#605,.T.);
#1518=EDGE_CURVE('',#1190,#1191,#606,.T.);
#1519=EDGE_CURVE('',#1191,#1192,#607,.T.);
#1520=EDGE_CURVE('',#1193,#1192,#608,.T.);
#1521=EDGE_CURVE('',#1194,#1193,#609,.T.);
#1522=EDGE_CURVE('',#1195,#1194,#610,.T.);
#1523=EDGE_CURVE('',#1196,#1195,#611,.T.);
#1524=EDGE_CURVE('',#1197,#1196,#612,.T.);
#1525=EDGE_CURVE('',#1190,#1197,#613,.T.);
#1526=EDGE_CURVE('',#1198,#1197,#614,.T.);
#1527=EDGE_CURVE('',#1198,#1199,#615,.T.);
#1528=EDGE_CURVE('',#1199,#1190,#616,.T.);
#1529=EDGE_CURVE('',#1200,#1201,#617,.T.);
#1530=EDGE_CURVE('',#1202,#1201,#618,.T.);
#1531=EDGE_CURVE('',#1203,#1202,#619,.T.);
#1532=EDGE_CURVE('',#1203,#1200,#620,.T.);
#1533=EDGE_CURVE('',#1201,#1204,#621,.T.);
#1534=EDGE_CURVE('',#1205,#1204,#622,.T.);
#1535=EDGE_CURVE('',#1202,#1205,#623,.T.);
#1536=EDGE_CURVE('',#1204,#1206,#624,.T.);
#1537=EDGE_CURVE('',#1207,#1206,#625,.T.);
#1538=EDGE_CURVE('',#1205,#1207,#626,.T.);
#1539=EDGE_CURVE('',#1206,#1200,#627,.T.);
#1540=EDGE_CURVE('',#1207,#1203,#628,.T.);
#1541=EDGE_CURVE('',#1208,#1189,#629,.T.);
#1542=EDGE_CURVE('',#1209,#1208,#630,.T.);
#1543=EDGE_CURVE('',#1187,#1209,#631,.T.);
#1544=EDGE_CURVE('',#1210,#1192,#632,.T.);
#1545=EDGE_CURVE('',#1211,#1210,#633,.T.);
#1546=EDGE_CURVE('',#1212,#1211,#634,.T.);
#1547=EDGE_CURVE('',#1212,#1208,#635,.T.);
#1548=EDGE_CURVE('',#1213,#1188,#636,.T.);
#1549=EDGE_CURVE('',#1214,#1213,#637,.T.);
#1550=EDGE_CURVE('',#1215,#1214,#638,.T.);
#1551=EDGE_CURVE('',#1216,#1215,#639,.T.);
#1552=EDGE_CURVE('',#1193,#1216,#640,.T.);
#1553=EDGE_CURVE('',#1217,#1215,#641,.T.);
#1554=EDGE_CURVE('',#1199,#1217,#642,.T.);
#1555=EDGE_CURVE('',#1218,#1198,#643,.T.);
#1556=EDGE_CURVE('',#1219,#1218,#644,.T.);
#1557=EDGE_CURVE('',#1220,#1219,#645,.T.);
#1558=EDGE_CURVE('',#1216,#1220,#646,.T.);
#1559=EDGE_CURVE('',#1221,#1222,#647,.T.);
#1560=EDGE_CURVE('',#1191,#1221,#648,.T.);
#1561=EDGE_CURVE('',#1223,#1217,#649,.T.);
#1562=EDGE_CURVE('',#1224,#1223,#650,.T.);
#1563=EDGE_CURVE('',#1186,#1224,#651,.T.);
#1564=EDGE_CURVE('',#1225,#1209,#652,.T.);
#1565=EDGE_CURVE('',#1222,#1225,#653,.T.);
#1566=EDGE_CURVE('',#1225,#1212,#654,.T.);
#1567=EDGE_CURVE('',#1220,#1194,#655,.T.);
#1568=EDGE_CURVE('',#1218,#1196,#656,.T.);
#1569=EDGE_CURVE('',#1219,#1195,#657,.T.);
#1570=EDGE_CURVE('',#1221,#1210,#658,.T.);
#1571=EDGE_CURVE('',#1222,#1211,#659,.T.);
#1572=EDGE_CURVE('',#1224,#1213,#660,.T.);
#1573=EDGE_CURVE('',#1223,#1214,#661,.T.);
#1574=ORIENTED_EDGE('',*,*,#1226,.F.);
#1575=ORIENTED_EDGE('',*,*,#1227,.T.);
#1576=ORIENTED_EDGE('',*,*,#1228,.F.);
#1577=ORIENTED_EDGE('',*,*,#1229,.T.);
#1578=ORIENTED_EDGE('',*,*,#1230,.F.);
#1579=ORIENTED_EDGE('',*,*,#1231,.T.);
#1580=ORIENTED_EDGE('',*,*,#1232,.F.);
#1581=ORIENTED_EDGE('',*,*,#1233,.T.);
#1582=ORIENTED_EDGE('',*,*,#1234,.T.);
#1583=ORIENTED_EDGE('',*,*,#1235,.T.);
#1584=ORIENTED_EDGE('',*,*,#1236,.F.);
#1585=ORIENTED_EDGE('',*,*,#1237,.F.);
#1586=ORIENTED_EDGE('',*,*,#1238,.F.);
#1587=ORIENTED_EDGE('',*,*,#1239,.T.);
#1588=ORIENTED_EDGE('',*,*,#1240,.F.);
#1589=ORIENTED_EDGE('',*,*,#1241,.F.);
#1590=ORIENTED_EDGE('',*,*,#1242,.F.);
#1591=ORIENTED_EDGE('',*,*,#1243,.T.);
#1592=ORIENTED_EDGE('',*,*,#1244,.F.);
#1593=ORIENTED_EDGE('',*,*,#1245,.F.);
#1594=ORIENTED_EDGE('',*,*,#1246,.T.);
#1595=ORIENTED_EDGE('',*,*,#1247,.T.);
#1596=ORIENTED_EDGE('',*,*,#1248,.F.);
#1597=ORIENTED_EDGE('',*,*,#1249,.F.);
#1598=ORIENTED_EDGE('',*,*,#1250,.F.);
#1599=ORIENTED_EDGE('',*,*,#1251,.T.);
#1600=ORIENTED_EDGE('',*,*,#1252,.F.);
#1601=ORIENTED_EDGE('',*,*,#1253,.T.);
#1602=ORIENTED_EDGE('',*,*,#1254,.T.);
#1603=ORIENTED_EDGE('',*,*,#1255,.T.);
#1604=ORIENTED_EDGE('',*,*,#1256,.F.);
#1605=ORIENTED_EDGE('',*,*,#1257,.T.);
#1606=ORIENTED_EDGE('',*,*,#1226,.T.);
#1607=ORIENTED_EDGE('',*,*,#1258,.T.);
#1608=ORIENTED_EDGE('',*,*,#1259,.F.);
#1609=ORIENTED_EDGE('',*,*,#1260,.T.);
#1610=ORIENTED_EDGE('',*,*,#1261,.T.);
#1611=ORIENTED_EDGE('',*,*,#1262,.T.);
#1612=ORIENTED_EDGE('',*,*,#1230,.T.);
#1613=ORIENTED_EDGE('',*,*,#1263,.T.);
#1614=ORIENTED_EDGE('',*,*,#1264,.F.);
#1615=ORIENTED_EDGE('',*,*,#1265,.F.);
#1616=ORIENTED_EDGE('',*,*,#1228,.T.);
#1617=ORIENTED_EDGE('',*,*,#1266,.T.);
#1618=ORIENTED_EDGE('',*,*,#1267,.F.);
#1619=ORIENTED_EDGE('',*,*,#1268,.T.);
#1620=ORIENTED_EDGE('',*,*,#1269,.T.);
#1621=ORIENTED_EDGE('',*,*,#1270,.T.);
#1622=ORIENTED_EDGE('',*,*,#1271,.F.);
#1623=ORIENTED_EDGE('',*,*,#1272,.F.);
#1624=ORIENTED_EDGE('',*,*,#1267,.T.);
#1625=ORIENTED_EDGE('',*,*,#1273,.T.);
#1626=ORIENTED_EDGE('',*,*,#1256,.T.);
#1627=ORIENTED_EDGE('',*,*,#1274,.F.);
#1628=ORIENTED_EDGE('',*,*,#1251,.F.);
#1629=ORIENTED_EDGE('',*,*,#1275,.F.);
#1630=ORIENTED_EDGE('',*,*,#1276,.T.);
#1631=ORIENTED_EDGE('',*,*,#1277,.T.);
#1632=ORIENTED_EDGE('',*,*,#1247,.F.);
#1633=ORIENTED_EDGE('',*,*,#1278,.F.);
#1634=ORIENTED_EDGE('',*,*,#1271,.T.);
#1635=ORIENTED_EDGE('',*,*,#1279,.T.);
#1636=ORIENTED_EDGE('',*,*,#1259,.T.);
#1637=ORIENTED_EDGE('',*,*,#1280,.T.);
#1638=ORIENTED_EDGE('',*,*,#1252,.T.);
#1639=ORIENTED_EDGE('',*,*,#1281,.F.);
#1640=ORIENTED_EDGE('',*,*,#1243,.F.);
#1641=ORIENTED_EDGE('',*,*,#1282,.F.);
#1642=ORIENTED_EDGE('',*,*,#1283,.T.);
#1643=ORIENTED_EDGE('',*,*,#1284,.T.);
#1644=ORIENTED_EDGE('',*,*,#1239,.F.);
#1645=ORIENTED_EDGE('',*,*,#1285,.F.);
#1646=ORIENTED_EDGE('',*,*,#1286,.T.);
#1647=ORIENTED_EDGE('',*,*,#1287,.T.);
#1648=ORIENTED_EDGE('',*,*,#1235,.F.);
#1649=ORIENTED_EDGE('',*,*,#1288,.F.);
#1650=ORIENTED_EDGE('',*,*,#1264,.T.);
#1651=ORIENTED_EDGE('',*,*,#1289,.T.);
#1652=ORIENTED_EDGE('',*,*,#1261,.F.);
#1653=ORIENTED_EDGE('',*,*,#1290,.T.);
#1654=ORIENTED_EDGE('',*,*,#1269,.F.);
#1655=ORIENTED_EDGE('',*,*,#1291,.T.);
#1656=ORIENTED_EDGE('',*,*,#1254,.F.);
#1657=ORIENTED_EDGE('',*,*,#1292,.T.);
#1658=ORIENTED_EDGE('',*,*,#1274,.T.);
#1659=ORIENTED_EDGE('',*,*,#1258,.F.);
#1660=ORIENTED_EDGE('',*,*,#1231,.F.);
#1661=ORIENTED_EDGE('',*,*,#1265,.T.);
#1662=ORIENTED_EDGE('',*,*,#1288,.T.);
#1663=ORIENTED_EDGE('',*,*,#1234,.F.);
#1664=ORIENTED_EDGE('',*,*,#1293,.T.);
#1665=ORIENTED_EDGE('',*,*,#1244,.T.);
#1666=ORIENTED_EDGE('',*,*,#1278,.T.);
#1667=ORIENTED_EDGE('',*,*,#1246,.F.);
#1668=ORIENTED_EDGE('',*,*,#1294,.F.);
#1669=ORIENTED_EDGE('',*,*,#1232,.T.);
#1670=ORIENTED_EDGE('',*,*,#1281,.T.);
#1671=ORIENTED_EDGE('',*,*,#1255,.F.);
#1672=ORIENTED_EDGE('',*,*,#1291,.F.);
#1673=ORIENTED_EDGE('',*,*,#1272,.T.);
#1674=ORIENTED_EDGE('',*,*,#1277,.F.);
#1675=ORIENTED_EDGE('',*,*,#1295,.T.);
#1676=ORIENTED_EDGE('',*,*,#1296,.T.);
#1677=ORIENTED_EDGE('',*,*,#1248,.T.);
#1678=ORIENTED_EDGE('',*,*,#1296,.F.);
#1679=ORIENTED_EDGE('',*,*,#1297,.T.);
#1680=ORIENTED_EDGE('',*,*,#1298,.T.);
#1681=ORIENTED_EDGE('',*,*,#1249,.T.);
#1682=ORIENTED_EDGE('',*,*,#1298,.F.);
#1683=ORIENTED_EDGE('',*,*,#1299,.T.);
#1684=ORIENTED_EDGE('',*,*,#1275,.T.);
#1685=ORIENTED_EDGE('',*,*,#1250,.T.);
#1686=ORIENTED_EDGE('',*,*,#1297,.F.);
#1687=ORIENTED_EDGE('',*,*,#1295,.F.);
#1688=ORIENTED_EDGE('',*,*,#1276,.F.);
#1689=ORIENTED_EDGE('',*,*,#1299,.F.);
#1690=ORIENTED_EDGE('',*,*,#1284,.F.);
#1691=ORIENTED_EDGE('',*,*,#1300,.T.);
#1692=ORIENTED_EDGE('',*,*,#1301,.T.);
#1693=ORIENTED_EDGE('',*,*,#1240,.T.);
#1694=ORIENTED_EDGE('',*,*,#1301,.F.);
#1695=ORIENTED_EDGE('',*,*,#1302,.T.);
#1696=ORIENTED_EDGE('',*,*,#1303,.T.);
#1697=ORIENTED_EDGE('',*,*,#1241,.T.);
#1698=ORIENTED_EDGE('',*,*,#1303,.F.);
#1699=ORIENTED_EDGE('',*,*,#1304,.T.);
#1700=ORIENTED_EDGE('',*,*,#1282,.T.);
#1701=ORIENTED_EDGE('',*,*,#1242,.T.);
#1702=ORIENTED_EDGE('',*,*,#1302,.F.);
#1703=ORIENTED_EDGE('',*,*,#1300,.F.);
#1704=ORIENTED_EDGE('',*,*,#1283,.F.);
#1705=ORIENTED_EDGE('',*,*,#1304,.F.);
#1706=ORIENTED_EDGE('',*,*,#1287,.F.);
#1707=ORIENTED_EDGE('',*,*,#1305,.T.);
#1708=ORIENTED_EDGE('',*,*,#1306,.T.);
#1709=ORIENTED_EDGE('',*,*,#1236,.T.);
#1710=ORIENTED_EDGE('',*,*,#1306,.F.);
#1711=ORIENTED_EDGE('',*,*,#1307,.T.);
#1712=ORIENTED_EDGE('',*,*,#1308,.T.);
#1713=ORIENTED_EDGE('',*,*,#1237,.T.);
#1714=ORIENTED_EDGE('',*,*,#1308,.F.);
#1715=ORIENTED_EDGE('',*,*,#1309,.T.);
#1716=ORIENTED_EDGE('',*,*,#1285,.T.);
#1717=ORIENTED_EDGE('',*,*,#1238,.T.);
#1718=ORIENTED_EDGE('',*,*,#1307,.F.);
#1719=ORIENTED_EDGE('',*,*,#1305,.F.);
#1720=ORIENTED_EDGE('',*,*,#1286,.F.);
#1721=ORIENTED_EDGE('',*,*,#1309,.F.);
#1722=ORIENTED_EDGE('',*,*,#1294,.T.);
#1723=ORIENTED_EDGE('',*,*,#1245,.T.);
#1724=ORIENTED_EDGE('',*,*,#1293,.F.);
#1725=ORIENTED_EDGE('',*,*,#1233,.F.);
#1726=ORIENTED_EDGE('',*,*,#1310,.F.);
#1727=ORIENTED_EDGE('',*,*,#1311,.F.);
#1728=ORIENTED_EDGE('',*,*,#1312,.F.);
#1729=ORIENTED_EDGE('',*,*,#1313,.F.);
#1730=ORIENTED_EDGE('',*,*,#1273,.F.);
#1731=ORIENTED_EDGE('',*,*,#1266,.F.);
#1732=ORIENTED_EDGE('',*,*,#1227,.F.);
#1733=ORIENTED_EDGE('',*,*,#1257,.F.);
#1734=ORIENTED_EDGE('',*,*,#1279,.F.);
#1735=ORIENTED_EDGE('',*,*,#1270,.F.);
#1736=ORIENTED_EDGE('',*,*,#1290,.F.);
#1737=ORIENTED_EDGE('',*,*,#1260,.F.);
#1738=ORIENTED_EDGE('',*,*,#1280,.F.);
#1739=ORIENTED_EDGE('',*,*,#1262,.F.);
#1740=ORIENTED_EDGE('',*,*,#1292,.F.);
#1741=ORIENTED_EDGE('',*,*,#1253,.F.);
#1742=ORIENTED_EDGE('',*,*,#1289,.F.);
#1743=ORIENTED_EDGE('',*,*,#1263,.F.);
#1744=ORIENTED_EDGE('',*,*,#1229,.F.);
#1745=ORIENTED_EDGE('',*,*,#1268,.F.);
#1746=ORIENTED_EDGE('',*,*,#1311,.T.);
#1747=ORIENTED_EDGE('',*,*,#1314,.F.);
#1748=ORIENTED_EDGE('',*,*,#1315,.F.);
#1749=ORIENTED_EDGE('',*,*,#1316,.T.);
#1750=ORIENTED_EDGE('',*,*,#1312,.T.);
#1751=ORIENTED_EDGE('',*,*,#1316,.F.);
#1752=ORIENTED_EDGE('',*,*,#1317,.F.);
#1753=ORIENTED_EDGE('',*,*,#1318,.T.);
#1754=ORIENTED_EDGE('',*,*,#1313,.T.);
#1755=ORIENTED_EDGE('',*,*,#1318,.F.);
#1756=ORIENTED_EDGE('',*,*,#1319,.F.);
#1757=ORIENTED_EDGE('',*,*,#1320,.T.);
#1758=ORIENTED_EDGE('',*,*,#1310,.T.);
#1759=ORIENTED_EDGE('',*,*,#1320,.F.);
#1760=ORIENTED_EDGE('',*,*,#1321,.F.);
#1761=ORIENTED_EDGE('',*,*,#1314,.T.);
#1762=ORIENTED_EDGE('',*,*,#1315,.T.);
#1763=ORIENTED_EDGE('',*,*,#1321,.T.);
#1764=ORIENTED_EDGE('',*,*,#1319,.T.);
#1765=ORIENTED_EDGE('',*,*,#1317,.T.);
#1766=ORIENTED_EDGE('',*,*,#1322,.F.);
#1767=ORIENTED_EDGE('',*,*,#1323,.F.);
#1768=ORIENTED_EDGE('',*,*,#1324,.F.);
#1769=ORIENTED_EDGE('',*,*,#1325,.F.);
#1770=ORIENTED_EDGE('',*,*,#1326,.T.);
#1771=ORIENTED_EDGE('',*,*,#1327,.T.);
#1772=ORIENTED_EDGE('',*,*,#1328,.F.);
#1773=ORIENTED_EDGE('',*,*,#1329,.F.);
#1774=ORIENTED_EDGE('',*,*,#1322,.T.);
#1775=ORIENTED_EDGE('',*,*,#1330,.T.);
#1776=ORIENTED_EDGE('',*,*,#1331,.F.);
#1777=ORIENTED_EDGE('',*,*,#1332,.T.);
#1778=ORIENTED_EDGE('',*,*,#1328,.T.);
#1779=ORIENTED_EDGE('',*,*,#1333,.T.);
#1780=ORIENTED_EDGE('',*,*,#1334,.F.);
#1781=ORIENTED_EDGE('',*,*,#1335,.T.);
#1782=ORIENTED_EDGE('',*,*,#1326,.F.);
#1783=ORIENTED_EDGE('',*,*,#1336,.T.);
#1784=ORIENTED_EDGE('',*,*,#1334,.T.);
#1785=ORIENTED_EDGE('',*,*,#1337,.T.);
#1786=ORIENTED_EDGE('',*,*,#1338,.T.);
#1787=ORIENTED_EDGE('',*,*,#1331,.T.);
#1788=ORIENTED_EDGE('',*,*,#1339,.F.);
#1789=ORIENTED_EDGE('',*,*,#1324,.T.);
#1790=ORIENTED_EDGE('',*,*,#1327,.F.);
#1791=ORIENTED_EDGE('',*,*,#1337,.F.);
#1792=ORIENTED_EDGE('',*,*,#1333,.F.);
#1793=ORIENTED_EDGE('',*,*,#1330,.F.);
#1794=ORIENTED_EDGE('',*,*,#1336,.F.);
#1795=ORIENTED_EDGE('',*,*,#1325,.T.);
#1796=ORIENTED_EDGE('',*,*,#1339,.T.);
#1797=ORIENTED_EDGE('',*,*,#1335,.F.);
#1798=ORIENTED_EDGE('',*,*,#1338,.F.);
#1799=ORIENTED_EDGE('',*,*,#1323,.T.);
#1800=ORIENTED_EDGE('',*,*,#1329,.T.);
#1801=ORIENTED_EDGE('',*,*,#1332,.F.);
#1802=ORIENTED_EDGE('',*,*,#1340,.F.);
#1803=ORIENTED_EDGE('',*,*,#1341,.T.);
#1804=ORIENTED_EDGE('',*,*,#1342,.T.);
#1805=ORIENTED_EDGE('',*,*,#1343,.T.);
#1806=ORIENTED_EDGE('',*,*,#1344,.F.);
#1807=ORIENTED_EDGE('',*,*,#1345,.T.);
#1808=ORIENTED_EDGE('',*,*,#1346,.F.);
#1809=ORIENTED_EDGE('',*,*,#1347,.T.);
#1810=ORIENTED_EDGE('',*,*,#1340,.T.);
#1811=ORIENTED_EDGE('',*,*,#1348,.T.);
#1812=ORIENTED_EDGE('',*,*,#1349,.F.);
#1813=ORIENTED_EDGE('',*,*,#1350,.F.);
#1814=ORIENTED_EDGE('',*,*,#1344,.T.);
#1815=ORIENTED_EDGE('',*,*,#1351,.T.);
#1816=ORIENTED_EDGE('',*,*,#1352,.F.);
#1817=ORIENTED_EDGE('',*,*,#1353,.F.);
#1818=ORIENTED_EDGE('',*,*,#1349,.T.);
#1819=ORIENTED_EDGE('',*,*,#1354,.T.);
#1820=ORIENTED_EDGE('',*,*,#1342,.F.);
#1821=ORIENTED_EDGE('',*,*,#1355,.F.);
#1822=ORIENTED_EDGE('',*,*,#1356,.F.);
#1823=ORIENTED_EDGE('',*,*,#1352,.T.);
#1824=ORIENTED_EDGE('',*,*,#1357,.F.);
#1825=ORIENTED_EDGE('',*,*,#1346,.T.);
#1826=ORIENTED_EDGE('',*,*,#1343,.F.);
#1827=ORIENTED_EDGE('',*,*,#1354,.F.);
#1828=ORIENTED_EDGE('',*,*,#1351,.F.);
#1829=ORIENTED_EDGE('',*,*,#1348,.F.);
#1830=ORIENTED_EDGE('',*,*,#1357,.T.);
#1831=ORIENTED_EDGE('',*,*,#1355,.T.);
#1832=ORIENTED_EDGE('',*,*,#1341,.F.);
#1833=ORIENTED_EDGE('',*,*,#1347,.F.);
#1834=ORIENTED_EDGE('',*,*,#1350,.T.);
#1835=ORIENTED_EDGE('',*,*,#1353,.T.);
#1836=ORIENTED_EDGE('',*,*,#1356,.T.);
#1837=ORIENTED_EDGE('',*,*,#1345,.F.);
#1838=ORIENTED_EDGE('',*,*,#1358,.F.);
#1839=ORIENTED_EDGE('',*,*,#1359,.F.);
#1840=ORIENTED_EDGE('',*,*,#1360,.T.);
#1841=ORIENTED_EDGE('',*,*,#1361,.T.);
#1842=ORIENTED_EDGE('',*,*,#1362,.F.);
#1843=ORIENTED_EDGE('',*,*,#1363,.F.);
#1844=ORIENTED_EDGE('',*,*,#1364,.F.);
#1845=ORIENTED_EDGE('',*,*,#1365,.F.);
#1846=ORIENTED_EDGE('',*,*,#1362,.T.);
#1847=ORIENTED_EDGE('',*,*,#1366,.T.);
#1848=ORIENTED_EDGE('',*,*,#1367,.F.);
#1849=ORIENTED_EDGE('',*,*,#1368,.T.);
#1850=ORIENTED_EDGE('',*,*,#1369,.F.);
#1851=ORIENTED_EDGE('',*,*,#1370,.T.);
#1852=ORIENTED_EDGE('',*,*,#1364,.T.);
#1853=ORIENTED_EDGE('',*,*,#1371,.T.);
#1854=ORIENTED_EDGE('',*,*,#1360,.F.);
#1855=ORIENTED_EDGE('',*,*,#1372,.T.);
#1856=ORIENTED_EDGE('',*,*,#1367,.T.);
#1857=ORIENTED_EDGE('',*,*,#1373,.T.);
#1858=ORIENTED_EDGE('',*,*,#1374,.F.);
#1859=ORIENTED_EDGE('',*,*,#1358,.T.);
#1860=ORIENTED_EDGE('',*,*,#1375,.T.);
#1861=ORIENTED_EDGE('',*,*,#1369,.T.);
#1862=ORIENTED_EDGE('',*,*,#1361,.F.);
#1863=ORIENTED_EDGE('',*,*,#1373,.F.);
#1864=ORIENTED_EDGE('',*,*,#1371,.F.);
#1865=ORIENTED_EDGE('',*,*,#1366,.F.);
#1866=ORIENTED_EDGE('',*,*,#1375,.F.);
#1867=ORIENTED_EDGE('',*,*,#1363,.T.);
#1868=ORIENTED_EDGE('',*,*,#1365,.T.);
#1869=ORIENTED_EDGE('',*,*,#1370,.F.);
#1870=ORIENTED_EDGE('',*,*,#1372,.F.);
#1871=ORIENTED_EDGE('',*,*,#1359,.T.);
#1872=ORIENTED_EDGE('',*,*,#1374,.T.);
#1873=ORIENTED_EDGE('',*,*,#1368,.F.);
#1874=ORIENTED_EDGE('',*,*,#1376,.F.);
#1875=ORIENTED_EDGE('',*,*,#1377,.F.);
#1876=ORIENTED_EDGE('',*,*,#1378,.T.);
#1877=ORIENTED_EDGE('',*,*,#1379,.T.);
#1878=ORIENTED_EDGE('',*,*,#1380,.F.);
#1879=ORIENTED_EDGE('',*,*,#1381,.F.);
#1880=ORIENTED_EDGE('',*,*,#1382,.F.);
#1881=ORIENTED_EDGE('',*,*,#1383,.F.);
#1882=ORIENTED_EDGE('',*,*,#1380,.T.);
#1883=ORIENTED_EDGE('',*,*,#1384,.T.);
#1884=ORIENTED_EDGE('',*,*,#1385,.F.);
#1885=ORIENTED_EDGE('',*,*,#1386,.T.);
#1886=ORIENTED_EDGE('',*,*,#1387,.F.);
#1887=ORIENTED_EDGE('',*,*,#1388,.T.);
#1888=ORIENTED_EDGE('',*,*,#1382,.T.);
#1889=ORIENTED_EDGE('',*,*,#1389,.T.);
#1890=ORIENTED_EDGE('',*,*,#1378,.F.);
#1891=ORIENTED_EDGE('',*,*,#1390,.T.);
#1892=ORIENTED_EDGE('',*,*,#1385,.T.);
#1893=ORIENTED_EDGE('',*,*,#1391,.T.);
#1894=ORIENTED_EDGE('',*,*,#1392,.F.);
#1895=ORIENTED_EDGE('',*,*,#1376,.T.);
#1896=ORIENTED_EDGE('',*,*,#1393,.T.);
#1897=ORIENTED_EDGE('',*,*,#1387,.T.);
#1898=ORIENTED_EDGE('',*,*,#1379,.F.);
#1899=ORIENTED_EDGE('',*,*,#1391,.F.);
#1900=ORIENTED_EDGE('',*,*,#1389,.F.);
#1901=ORIENTED_EDGE('',*,*,#1384,.F.);
#1902=ORIENTED_EDGE('',*,*,#1393,.F.);
#1903=ORIENTED_EDGE('',*,*,#1381,.T.);
#1904=ORIENTED_EDGE('',*,*,#1383,.T.);
#1905=ORIENTED_EDGE('',*,*,#1388,.F.);
#1906=ORIENTED_EDGE('',*,*,#1390,.F.);
#1907=ORIENTED_EDGE('',*,*,#1377,.T.);
#1908=ORIENTED_EDGE('',*,*,#1392,.T.);
#1909=ORIENTED_EDGE('',*,*,#1386,.F.);
#1910=ORIENTED_EDGE('',*,*,#1394,.F.);
#1911=ORIENTED_EDGE('',*,*,#1395,.T.);
#1912=ORIENTED_EDGE('',*,*,#1396,.T.);
#1913=ORIENTED_EDGE('',*,*,#1397,.T.);
#1914=ORIENTED_EDGE('',*,*,#1398,.F.);
#1915=ORIENTED_EDGE('',*,*,#1399,.T.);
#1916=ORIENTED_EDGE('',*,*,#1394,.T.);
#1917=ORIENTED_EDGE('',*,*,#1400,.T.);
#1918=ORIENTED_EDGE('',*,*,#1401,.F.);
#1919=ORIENTED_EDGE('',*,*,#1402,.T.);
#1920=ORIENTED_EDGE('',*,*,#1403,.F.);
#1921=ORIENTED_EDGE('',*,*,#1404,.F.);
#1922=ORIENTED_EDGE('',*,*,#1401,.T.);
#1923=ORIENTED_EDGE('',*,*,#1405,.T.);
#1924=ORIENTED_EDGE('',*,*,#1396,.F.);
#1925=ORIENTED_EDGE('',*,*,#1406,.F.);
#1926=ORIENTED_EDGE('',*,*,#1407,.F.);
#1927=ORIENTED_EDGE('',*,*,#1408,.F.);
#1928=ORIENTED_EDGE('',*,*,#1403,.T.);
#1929=ORIENTED_EDGE('',*,*,#1409,.T.);
#1930=ORIENTED_EDGE('',*,*,#1410,.F.);
#1931=ORIENTED_EDGE('',*,*,#1398,.T.);
#1932=ORIENTED_EDGE('',*,*,#1411,.F.);
#1933=ORIENTED_EDGE('',*,*,#1407,.T.);
#1934=ORIENTED_EDGE('',*,*,#1397,.F.);
#1935=ORIENTED_EDGE('',*,*,#1409,.F.);
#1936=ORIENTED_EDGE('',*,*,#1405,.F.);
#1937=ORIENTED_EDGE('',*,*,#1400,.F.);
#1938=ORIENTED_EDGE('',*,*,#1404,.T.);
#1939=ORIENTED_EDGE('',*,*,#1408,.T.);
#1940=ORIENTED_EDGE('',*,*,#1411,.T.);
#1941=ORIENTED_EDGE('',*,*,#1402,.F.);
#1942=ORIENTED_EDGE('',*,*,#1410,.T.);
#1943=ORIENTED_EDGE('',*,*,#1406,.T.);
#1944=ORIENTED_EDGE('',*,*,#1395,.F.);
#1945=ORIENTED_EDGE('',*,*,#1399,.F.);
#1946=ORIENTED_EDGE('',*,*,#1412,.F.);
#1947=ORIENTED_EDGE('',*,*,#1413,.T.);
#1948=ORIENTED_EDGE('',*,*,#1414,.T.);
#1949=ORIENTED_EDGE('',*,*,#1415,.T.);
#1950=ORIENTED_EDGE('',*,*,#1416,.F.);
#1951=ORIENTED_EDGE('',*,*,#1417,.T.);
#1952=ORIENTED_EDGE('',*,*,#1412,.T.);
#1953=ORIENTED_EDGE('',*,*,#1418,.T.);
#1954=ORIENTED_EDGE('',*,*,#1419,.F.);
#1955=ORIENTED_EDGE('',*,*,#1420,.T.);
#1956=ORIENTED_EDGE('',*,*,#1421,.F.);
#1957=ORIENTED_EDGE('',*,*,#1422,.F.);
#1958=ORIENTED_EDGE('',*,*,#1419,.T.);
#1959=ORIENTED_EDGE('',*,*,#1423,.T.);
#1960=ORIENTED_EDGE('',*,*,#1414,.F.);
#1961=ORIENTED_EDGE('',*,*,#1424,.F.);
#1962=ORIENTED_EDGE('',*,*,#1425,.F.);
#1963=ORIENTED_EDGE('',*,*,#1426,.F.);
#1964=ORIENTED_EDGE('',*,*,#1421,.T.);
#1965=ORIENTED_EDGE('',*,*,#1427,.T.);
#1966=ORIENTED_EDGE('',*,*,#1428,.F.);
#1967=ORIENTED_EDGE('',*,*,#1416,.T.);
#1968=ORIENTED_EDGE('',*,*,#1429,.F.);
#1969=ORIENTED_EDGE('',*,*,#1425,.T.);
#1970=ORIENTED_EDGE('',*,*,#1415,.F.);
#1971=ORIENTED_EDGE('',*,*,#1427,.F.);
#1972=ORIENTED_EDGE('',*,*,#1423,.F.);
#1973=ORIENTED_EDGE('',*,*,#1418,.F.);
#1974=ORIENTED_EDGE('',*,*,#1422,.T.);
#1975=ORIENTED_EDGE('',*,*,#1426,.T.);
#1976=ORIENTED_EDGE('',*,*,#1429,.T.);
#1977=ORIENTED_EDGE('',*,*,#1420,.F.);
#1978=ORIENTED_EDGE('',*,*,#1428,.T.);
#1979=ORIENTED_EDGE('',*,*,#1424,.T.);
#1980=ORIENTED_EDGE('',*,*,#1413,.F.);
#1981=ORIENTED_EDGE('',*,*,#1417,.F.);
#1982=ORIENTED_EDGE('',*,*,#1430,.T.);
#1983=ORIENTED_EDGE('',*,*,#1431,.F.);
#1984=ORIENTED_EDGE('',*,*,#1432,.F.);
#1985=ORIENTED_EDGE('',*,*,#1433,.T.);
#1986=ORIENTED_EDGE('',*,*,#1434,.T.);
#1987=ORIENTED_EDGE('',*,*,#1435,.T.);
#1988=ORIENTED_EDGE('',*,*,#1436,.T.);
#1989=ORIENTED_EDGE('',*,*,#1437,.T.);
#1990=ORIENTED_EDGE('',*,*,#1438,.T.);
#1991=ORIENTED_EDGE('',*,*,#1439,.F.);
#1992=ORIENTED_EDGE('',*,*,#1440,.F.);
#1993=ORIENTED_EDGE('',*,*,#1431,.T.);
#1994=ORIENTED_EDGE('',*,*,#1441,.T.);
#1995=ORIENTED_EDGE('',*,*,#1442,.T.);
#1996=ORIENTED_EDGE('',*,*,#1443,.T.);
#1997=ORIENTED_EDGE('',*,*,#1444,.T.);
#1998=ORIENTED_EDGE('',*,*,#1445,.T.);
#1999=ORIENTED_EDGE('',*,*,#1446,.T.);
#2000=ORIENTED_EDGE('',*,*,#1447,.T.);
#2001=ORIENTED_EDGE('',*,*,#1448,.T.);
#2002=ORIENTED_EDGE('',*,*,#1449,.T.);
#2003=ORIENTED_EDGE('',*,*,#1450,.F.);
#2004=ORIENTED_EDGE('',*,*,#1451,.F.);
#2005=ORIENTED_EDGE('',*,*,#1439,.T.);
#2006=ORIENTED_EDGE('',*,*,#1452,.T.);
#2007=ORIENTED_EDGE('',*,*,#1453,.F.);
#2008=ORIENTED_EDGE('',*,*,#1454,.F.);
#2009=ORIENTED_EDGE('',*,*,#1450,.T.);
#2010=ORIENTED_EDGE('',*,*,#1455,.T.);
#2011=ORIENTED_EDGE('',*,*,#1456,.F.);
#2012=ORIENTED_EDGE('',*,*,#1457,.F.);
#2013=ORIENTED_EDGE('',*,*,#1453,.T.);
#2014=ORIENTED_EDGE('',*,*,#1458,.T.);
#2015=ORIENTED_EDGE('',*,*,#1459,.T.);
#2016=ORIENTED_EDGE('',*,*,#1460,.T.);
#2017=ORIENTED_EDGE('',*,*,#1461,.T.);
#2018=ORIENTED_EDGE('',*,*,#1462,.T.);
#2019=ORIENTED_EDGE('',*,*,#1463,.F.);
#2020=ORIENTED_EDGE('',*,*,#1464,.F.);
#2021=ORIENTED_EDGE('',*,*,#1456,.T.);
#2022=ORIENTED_EDGE('',*,*,#1465,.T.);
#2023=ORIENTED_EDGE('',*,*,#1466,.T.);
#2024=ORIENTED_EDGE('',*,*,#1467,.T.);
#2025=ORIENTED_EDGE('',*,*,#1468,.T.);
#2026=ORIENTED_EDGE('',*,*,#1469,.T.);
#2027=ORIENTED_EDGE('',*,*,#1470,.F.);
#2028=ORIENTED_EDGE('',*,*,#1471,.F.);
#2029=ORIENTED_EDGE('',*,*,#1463,.T.);
#2030=ORIENTED_EDGE('',*,*,#1472,.T.);
#2031=ORIENTED_EDGE('',*,*,#1433,.F.);
#2032=ORIENTED_EDGE('',*,*,#1473,.F.);
#2033=ORIENTED_EDGE('',*,*,#1470,.T.);
#2034=ORIENTED_EDGE('',*,*,#1432,.T.);
#2035=ORIENTED_EDGE('',*,*,#1440,.T.);
#2036=ORIENTED_EDGE('',*,*,#1451,.T.);
#2037=ORIENTED_EDGE('',*,*,#1454,.T.);
#2038=ORIENTED_EDGE('',*,*,#1457,.T.);
#2039=ORIENTED_EDGE('',*,*,#1464,.T.);
#2040=ORIENTED_EDGE('',*,*,#1471,.T.);
#2041=ORIENTED_EDGE('',*,*,#1473,.T.);
#2042=ORIENTED_EDGE('',*,*,#1462,.F.);
#2043=ORIENTED_EDGE('',*,*,#1474,.F.);
#2044=ORIENTED_EDGE('',*,*,#1475,.T.);
#2045=ORIENTED_EDGE('',*,*,#1476,.T.);
#2046=ORIENTED_EDGE('',*,*,#1465,.F.);
#2047=ORIENTED_EDGE('',*,*,#1477,.F.);
#2048=ORIENTED_EDGE('',*,*,#1478,.T.);
#2049=ORIENTED_EDGE('',*,*,#1479,.T.);
#2050=ORIENTED_EDGE('',*,*,#1458,.F.);
#2051=ORIENTED_EDGE('',*,*,#1455,.F.);
#2052=ORIENTED_EDGE('',*,*,#1452,.F.);
#2053=ORIENTED_EDGE('',*,*,#1449,.F.);
#2054=ORIENTED_EDGE('',*,*,#1438,.F.);
#2055=ORIENTED_EDGE('',*,*,#1480,.F.);
#2056=ORIENTED_EDGE('',*,*,#1481,.T.);
#2057=ORIENTED_EDGE('',*,*,#1482,.T.);
#2058=ORIENTED_EDGE('',*,*,#1441,.F.);
#2059=ORIENTED_EDGE('',*,*,#1483,.F.);
#2060=ORIENTED_EDGE('',*,*,#1484,.T.);
#2061=ORIENTED_EDGE('',*,*,#1485,.T.);
#2062=ORIENTED_EDGE('',*,*,#1445,.F.);
#2063=ORIENTED_EDGE('',*,*,#1486,.F.);
#2064=ORIENTED_EDGE('',*,*,#1487,.T.);
#2065=ORIENTED_EDGE('',*,*,#1488,.T.);
#2066=ORIENTED_EDGE('',*,*,#1434,.F.);
#2067=ORIENTED_EDGE('',*,*,#1430,.F.);
#2068=ORIENTED_EDGE('',*,*,#1472,.F.);
#2069=ORIENTED_EDGE('',*,*,#1469,.F.);
#2070=ORIENTED_EDGE('',*,*,#1488,.F.);
#2071=ORIENTED_EDGE('',*,*,#1489,.T.);
#2072=ORIENTED_EDGE('',*,*,#1490,.T.);
#2073=ORIENTED_EDGE('',*,*,#1435,.F.);
#2074=ORIENTED_EDGE('',*,*,#1490,.F.);
#2075=ORIENTED_EDGE('',*,*,#1491,.T.);
#2076=ORIENTED_EDGE('',*,*,#1492,.T.);
#2077=ORIENTED_EDGE('',*,*,#1436,.F.);
#2078=ORIENTED_EDGE('',*,*,#1492,.F.);
#2079=ORIENTED_EDGE('',*,*,#1493,.T.);
#2080=ORIENTED_EDGE('',*,*,#1480,.T.);
#2081=ORIENTED_EDGE('',*,*,#1437,.F.);
#2082=ORIENTED_EDGE('',*,*,#1482,.F.);
#2083=ORIENTED_EDGE('',*,*,#1494,.T.);
#2084=ORIENTED_EDGE('',*,*,#1495,.T.);
#2085=ORIENTED_EDGE('',*,*,#1442,.F.);
#2086=ORIENTED_EDGE('',*,*,#1495,.F.);
#2087=ORIENTED_EDGE('',*,*,#1496,.T.);
#2088=ORIENTED_EDGE('',*,*,#1497,.T.);
#2089=ORIENTED_EDGE('',*,*,#1443,.F.);
#2090=ORIENTED_EDGE('',*,*,#1497,.F.);
#2091=ORIENTED_EDGE('',*,*,#1498,.T.);
#2092=ORIENTED_EDGE('',*,*,#1483,.T.);
#2093=ORIENTED_EDGE('',*,*,#1444,.F.);
#2094=ORIENTED_EDGE('',*,*,#1485,.F.);
#2095=ORIENTED_EDGE('',*,*,#1499,.T.);
#2096=ORIENTED_EDGE('',*,*,#1500,.T.);
#2097=ORIENTED_EDGE('',*,*,#1446,.F.);
#2098=ORIENTED_EDGE('',*,*,#1500,.F.);
#2099=ORIENTED_EDGE('',*,*,#1501,.T.);
#2100=ORIENTED_EDGE('',*,*,#1502,.T.);
#2101=ORIENTED_EDGE('',*,*,#1447,.F.);
#2102=ORIENTED_EDGE('',*,*,#1502,.F.);
#2103=ORIENTED_EDGE('',*,*,#1503,.T.);
#2104=ORIENTED_EDGE('',*,*,#1486,.T.);
#2105=ORIENTED_EDGE('',*,*,#1448,.F.);
#2106=ORIENTED_EDGE('',*,*,#1489,.F.);
#2107=ORIENTED_EDGE('',*,*,#1487,.F.);
#2108=ORIENTED_EDGE('',*,*,#1503,.F.);
#2109=ORIENTED_EDGE('',*,*,#1501,.F.);
#2110=ORIENTED_EDGE('',*,*,#1499,.F.);
#2111=ORIENTED_EDGE('',*,*,#1484,.F.);
#2112=ORIENTED_EDGE('',*,*,#1498,.F.);
#2113=ORIENTED_EDGE('',*,*,#1496,.F.);
#2114=ORIENTED_EDGE('',*,*,#1494,.F.);
#2115=ORIENTED_EDGE('',*,*,#1481,.F.);
#2116=ORIENTED_EDGE('',*,*,#1493,.F.);
#2117=ORIENTED_EDGE('',*,*,#1491,.F.);
#2118=ORIENTED_EDGE('',*,*,#1504,.F.);
#2119=ORIENTED_EDGE('',*,*,#1505,.T.);
#2120=ORIENTED_EDGE('',*,*,#1474,.T.);
#2121=ORIENTED_EDGE('',*,*,#1461,.F.);
#2122=ORIENTED_EDGE('',*,*,#1476,.F.);
#2123=ORIENTED_EDGE('',*,*,#1506,.T.);
#2124=ORIENTED_EDGE('',*,*,#1507,.T.);
#2125=ORIENTED_EDGE('',*,*,#1466,.F.);
#2126=ORIENTED_EDGE('',*,*,#1507,.F.);
#2127=ORIENTED_EDGE('',*,*,#1508,.T.);
#2128=ORIENTED_EDGE('',*,*,#1509,.T.);
#2129=ORIENTED_EDGE('',*,*,#1467,.F.);
#2130=ORIENTED_EDGE('',*,*,#1509,.F.);
#2131=ORIENTED_EDGE('',*,*,#1510,.T.);
#2132=ORIENTED_EDGE('',*,*,#1477,.T.);
#2133=ORIENTED_EDGE('',*,*,#1468,.F.);
#2134=ORIENTED_EDGE('',*,*,#1479,.F.);
#2135=ORIENTED_EDGE('',*,*,#1511,.T.);
#2136=ORIENTED_EDGE('',*,*,#1512,.T.);
#2137=ORIENTED_EDGE('',*,*,#1459,.F.);
#2138=ORIENTED_EDGE('',*,*,#1512,.F.);
#2139=ORIENTED_EDGE('',*,*,#1513,.T.);
#2140=ORIENTED_EDGE('',*,*,#1504,.T.);
#2141=ORIENTED_EDGE('',*,*,#1460,.F.);
#2142=ORIENTED_EDGE('',*,*,#1511,.F.);
#2143=ORIENTED_EDGE('',*,*,#1478,.F.);
#2144=ORIENTED_EDGE('',*,*,#1510,.F.);
#2145=ORIENTED_EDGE('',*,*,#1508,.F.);
#2146=ORIENTED_EDGE('',*,*,#1506,.F.);
#2147=ORIENTED_EDGE('',*,*,#1475,.F.);
#2148=ORIENTED_EDGE('',*,*,#1505,.F.);
#2149=ORIENTED_EDGE('',*,*,#1513,.F.);
#2150=ORIENTED_EDGE('',*,*,#1514,.F.);
#2151=ORIENTED_EDGE('',*,*,#1515,.T.);
#2152=ORIENTED_EDGE('',*,*,#1516,.T.);
#2153=ORIENTED_EDGE('',*,*,#1517,.T.);
#2154=ORIENTED_EDGE('',*,*,#1518,.T.);
#2155=ORIENTED_EDGE('',*,*,#1519,.T.);
#2156=ORIENTED_EDGE('',*,*,#1520,.F.);
#2157=ORIENTED_EDGE('',*,*,#1521,.F.);
#2158=ORIENTED_EDGE('',*,*,#1522,.F.);
#2159=ORIENTED_EDGE('',*,*,#1523,.F.);
#2160=ORIENTED_EDGE('',*,*,#1524,.F.);
#2161=ORIENTED_EDGE('',*,*,#1525,.F.);
#2162=ORIENTED_EDGE('',*,*,#1526,.F.);
#2163=ORIENTED_EDGE('',*,*,#1527,.T.);
#2164=ORIENTED_EDGE('',*,*,#1528,.T.);
#2165=ORIENTED_EDGE('',*,*,#1525,.T.);
#2166=ORIENTED_EDGE('',*,*,#1529,.T.);
#2167=ORIENTED_EDGE('',*,*,#1530,.F.);
#2168=ORIENTED_EDGE('',*,*,#1531,.F.);
#2169=ORIENTED_EDGE('',*,*,#1532,.T.);
#2170=ORIENTED_EDGE('',*,*,#1533,.T.);
#2171=ORIENTED_EDGE('',*,*,#1534,.F.);
#2172=ORIENTED_EDGE('',*,*,#1535,.F.);
#2173=ORIENTED_EDGE('',*,*,#1530,.T.);
#2174=ORIENTED_EDGE('',*,*,#1536,.T.);
#2175=ORIENTED_EDGE('',*,*,#1537,.F.);
#2176=ORIENTED_EDGE('',*,*,#1538,.F.);
#2177=ORIENTED_EDGE('',*,*,#1534,.T.);
#2178=ORIENTED_EDGE('',*,*,#1539,.T.);
#2179=ORIENTED_EDGE('',*,*,#1532,.F.);
#2180=ORIENTED_EDGE('',*,*,#1540,.F.);
#2181=ORIENTED_EDGE('',*,*,#1537,.T.);
#2182=ORIENTED_EDGE('',*,*,#1531,.T.);
#2183=ORIENTED_EDGE('',*,*,#1535,.T.);
#2184=ORIENTED_EDGE('',*,*,#1538,.T.);
#2185=ORIENTED_EDGE('',*,*,#1540,.T.);
#2186=ORIENTED_EDGE('',*,*,#1541,.F.);
#2187=ORIENTED_EDGE('',*,*,#1542,.F.);
#2188=ORIENTED_EDGE('',*,*,#1543,.F.);
#2189=ORIENTED_EDGE('',*,*,#1517,.F.);
#2190=ORIENTED_EDGE('',*,*,#1529,.F.);
#2191=ORIENTED_EDGE('',*,*,#1539,.F.);
#2192=ORIENTED_EDGE('',*,*,#1536,.F.);
#2193=ORIENTED_EDGE('',*,*,#1533,.F.);
#2194=ORIENTED_EDGE('',*,*,#1520,.T.);
#2195=ORIENTED_EDGE('',*,*,#1544,.F.);
#2196=ORIENTED_EDGE('',*,*,#1545,.F.);
#2197=ORIENTED_EDGE('',*,*,#1546,.F.);
#2198=ORIENTED_EDGE('',*,*,#1547,.T.);
#2199=ORIENTED_EDGE('',*,*,#1541,.T.);
#2200=ORIENTED_EDGE('',*,*,#1516,.F.);
#2201=ORIENTED_EDGE('',*,*,#1548,.F.);
#2202=ORIENTED_EDGE('',*,*,#1549,.F.);
#2203=ORIENTED_EDGE('',*,*,#1550,.F.);
#2204=ORIENTED_EDGE('',*,*,#1551,.F.);
#2205=ORIENTED_EDGE('',*,*,#1552,.F.);
#2206=ORIENTED_EDGE('',*,*,#1551,.T.);
#2207=ORIENTED_EDGE('',*,*,#1553,.F.);
#2208=ORIENTED_EDGE('',*,*,#1554,.F.);
#2209=ORIENTED_EDGE('',*,*,#1527,.F.);
#2210=ORIENTED_EDGE('',*,*,#1555,.F.);
#2211=ORIENTED_EDGE('',*,*,#1556,.F.);
#2212=ORIENTED_EDGE('',*,*,#1557,.F.);
#2213=ORIENTED_EDGE('',*,*,#1558,.F.);
#2214=ORIENTED_EDGE('',*,*,#1559,.F.);
#2215=ORIENTED_EDGE('',*,*,#1560,.F.);
#2216=ORIENTED_EDGE('',*,*,#1518,.F.);
#2217=ORIENTED_EDGE('',*,*,#1528,.F.);
#2218=ORIENTED_EDGE('',*,*,#1554,.T.);
#2219=ORIENTED_EDGE('',*,*,#1561,.F.);
#2220=ORIENTED_EDGE('',*,*,#1562,.F.);
#2221=ORIENTED_EDGE('',*,*,#1563,.F.);
#2222=ORIENTED_EDGE('',*,*,#1514,.T.);
#2223=ORIENTED_EDGE('',*,*,#1543,.T.);
#2224=ORIENTED_EDGE('',*,*,#1564,.F.);
#2225=ORIENTED_EDGE('',*,*,#1565,.F.);
#2226=ORIENTED_EDGE('',*,*,#1547,.F.);
#2227=ORIENTED_EDGE('',*,*,#1566,.F.);
#2228=ORIENTED_EDGE('',*,*,#1564,.T.);
#2229=ORIENTED_EDGE('',*,*,#1542,.T.);
#2230=ORIENTED_EDGE('',*,*,#1567,.T.);
#2231=ORIENTED_EDGE('',*,*,#1521,.T.);
#2232=ORIENTED_EDGE('',*,*,#1552,.T.);
#2233=ORIENTED_EDGE('',*,*,#1558,.T.);
#2234=ORIENTED_EDGE('',*,*,#1555,.T.);
#2235=ORIENTED_EDGE('',*,*,#1526,.T.);
#2236=ORIENTED_EDGE('',*,*,#1524,.T.);
#2237=ORIENTED_EDGE('',*,*,#1568,.F.);
#2238=ORIENTED_EDGE('',*,*,#1557,.T.);
#2239=ORIENTED_EDGE('',*,*,#1569,.T.);
#2240=ORIENTED_EDGE('',*,*,#1522,.T.);
#2241=ORIENTED_EDGE('',*,*,#1567,.F.);
#2242=ORIENTED_EDGE('',*,*,#1556,.T.);
#2243=ORIENTED_EDGE('',*,*,#1568,.T.);
#2244=ORIENTED_EDGE('',*,*,#1523,.T.);
#2245=ORIENTED_EDGE('',*,*,#1569,.F.);
#2246=ORIENTED_EDGE('',*,*,#1560,.T.);
#2247=ORIENTED_EDGE('',*,*,#1570,.T.);
#2248=ORIENTED_EDGE('',*,*,#1544,.T.);
#2249=ORIENTED_EDGE('',*,*,#1519,.F.);
#2250=ORIENTED_EDGE('',*,*,#1559,.T.);
#2251=ORIENTED_EDGE('',*,*,#1571,.T.);
#2252=ORIENTED_EDGE('',*,*,#1545,.T.);
#2253=ORIENTED_EDGE('',*,*,#1570,.F.);
#2254=ORIENTED_EDGE('',*,*,#1565,.T.);
#2255=ORIENTED_EDGE('',*,*,#1566,.T.);
#2256=ORIENTED_EDGE('',*,*,#1546,.T.);
#2257=ORIENTED_EDGE('',*,*,#1571,.F.);
#2258=ORIENTED_EDGE('',*,*,#1563,.T.);
#2259=ORIENTED_EDGE('',*,*,#1572,.T.);
#2260=ORIENTED_EDGE('',*,*,#1548,.T.);
#2261=ORIENTED_EDGE('',*,*,#1515,.F.);
#2262=ORIENTED_EDGE('',*,*,#1562,.T.);
#2263=ORIENTED_EDGE('',*,*,#1573,.T.);
#2264=ORIENTED_EDGE('',*,*,#1549,.T.);
#2265=ORIENTED_EDGE('',*,*,#1572,.F.);
#2266=ORIENTED_EDGE('',*,*,#1561,.T.);
#2267=ORIENTED_EDGE('',*,*,#1553,.T.);
#2268=ORIENTED_EDGE('',*,*,#1550,.T.);
#2269=ORIENTED_EDGE('',*,*,#1573,.F.);
#2270=PLANE('',#2614);
#2271=PLANE('',#2617);
#2272=PLANE('',#2618);
#2273=PLANE('',#2619);
#2274=PLANE('',#2620);
#2275=PLANE('',#2621);
#2276=PLANE('',#2622);
#2277=PLANE('',#2623);
#2278=PLANE('',#2624);
#2279=PLANE('',#2625);
#2280=PLANE('',#2630);
#2281=PLANE('',#2633);
#2282=PLANE('',#2634);
#2283=PLANE('',#2635);
#2284=PLANE('',#2636);
#2285=PLANE('',#2637);
#2286=PLANE('',#2638);
#2287=PLANE('',#2639);
#2288=PLANE('',#2640);
#2289=PLANE('',#2641);
#2290=PLANE('',#2642);
#2291=PLANE('',#2643);
#2292=PLANE('',#2644);
#2293=PLANE('',#2645);
#2294=PLANE('',#2646);
#2295=PLANE('',#2647);
#2296=PLANE('',#2652);
#2297=PLANE('',#2653);
#2298=PLANE('',#2654);
#2299=PLANE('',#2655);
#2300=PLANE('',#2656);
#2301=PLANE('',#2657);
#2302=PLANE('',#2658);
#2303=PLANE('',#2659);
#2304=PLANE('',#2660);
#2305=PLANE('',#2661);
#2306=PLANE('',#2662);
#2307=PLANE('',#2663);
#2308=PLANE('',#2664);
#2309=PLANE('',#2665);
#2310=PLANE('',#2666);
#2311=PLANE('',#2667);
#2312=PLANE('',#2668);
#2313=PLANE('',#2669);
#2314=PLANE('',#2670);
#2315=PLANE('',#2671);
#2316=PLANE('',#2672);
#2317=PLANE('',#2673);
#2318=PLANE('',#2674);
#2319=PLANE('',#2675);
#2320=PLANE('',#2676);
#2321=PLANE('',#2677);
#2322=PLANE('',#2678);
#2323=PLANE('',#2679);
#2324=PLANE('',#2680);
#2325=PLANE('',#2681);
#2326=PLANE('',#2682);
#2327=PLANE('',#2683);
#2328=PLANE('',#2684);
#2329=PLANE('',#2685);
#2330=PLANE('',#2686);
#2331=PLANE('',#2687);
#2332=PLANE('',#2688);
#2333=PLANE('',#2689);
#2334=PLANE('',#2690);
#2335=PLANE('',#2691);
#2336=PLANE('',#2692);
#2337=PLANE('',#2693);
#2338=PLANE('',#2694);
#2339=PLANE('',#2695);
#2340=PLANE('',#2696);
#2341=PLANE('',#2697);
#2342=PLANE('',#2698);
#2343=PLANE('',#2699);
#2344=PLANE('',#2700);
#2345=PLANE('',#2701);
#2346=PLANE('',#2702);
#2347=PLANE('',#2703);
#2348=PLANE('',#2704);
#2349=PLANE('',#2708);
#2350=PLANE('',#2712);
#2351=PLANE('',#2716);
#2352=PLANE('',#2720);
#2353=PLANE('',#2721);
#2354=PLANE('',#2722);
#2355=PLANE('',#2723);
#2356=PLANE('',#2724);
#2357=PLANE('',#2725);
#2358=PLANE('',#2726);
#2359=PLANE('',#2727);
#2360=PLANE('',#2728);
#2361=PLANE('',#2729);
#2362=PLANE('',#2730);
#2363=PLANE('',#2731);
#2364=PLANE('',#2732);
#2365=PLANE('',#2733);
#2366=PLANE('',#2734);
#2367=PLANE('',#2735);
#2368=PLANE('',#2736);
#2369=PLANE('',#2737);
#2370=PLANE('',#2738);
#2371=PLANE('',#2739);
#2372=PLANE('',#2740);
#2373=PLANE('',#2741);
#2374=PLANE('',#2742);
#2375=PLANE('',#2743);
#2376=PLANE('',#2744);
#2377=PLANE('',#2745);
#2378=PLANE('',#2746);
#2379=PLANE('',#2747);
#2380=PLANE('',#2748);
#2381=PLANE('',#2749);
#2382=PLANE('',#2750);
#2383=PLANE('',#2751);
#2384=PLANE('',#2752);
#2385=PLANE('',#2753);
#2386=PLANE('',#2754);
#2387=PLANE('',#2755);
#2388=PLANE('',#2756);
#2389=PLANE('',#2757);
#2390=PLANE('',#2758);
#2391=PLANE('',#2759);
#2392=PLANE('',#2760);
#2393=PLANE('',#2761);
#2394=PLANE('',#2762);
#2395=STYLED_ITEM('',(#4164),#2457);
#2396=STYLED_ITEM('',(#4164),#2458);
#2397=STYLED_ITEM('',(#4164),#2459);
#2398=STYLED_ITEM('',(#4164),#2460);
#2399=STYLED_ITEM('',(#4164),#2461);
#2400=STYLED_ITEM('',(#4164),#2462);
#2401=STYLED_ITEM('',(#4164),#2463);
#2402=STYLED_ITEM('',(#4164),#2464);
#2403=STYLED_ITEM('',(#4164),#2465);
#2404=STYLED_ITEM('',(#4164),#2466);
#2405=STYLED_ITEM('',(#4164),#2467);
#2406=STYLED_ITEM('',(#4164),#2468);
#2407=STYLED_ITEM('',(#4164),#2469);
#2408=STYLED_ITEM('',(#4164),#2470);
#2409=STYLED_ITEM('',(#4164),#2471);
#2410=STYLED_ITEM('',(#4164),#2472);
#2411=STYLED_ITEM('',(#4164),#2473);
#2412=STYLED_ITEM('',(#4164),#2474);
#2413=STYLED_ITEM('',(#4164),#2475);
#2414=STYLED_ITEM('',(#4164),#2476);
#2415=STYLED_ITEM('',(#4164),#2477);
#2416=STYLED_ITEM('',(#4164),#2478);
#2417=STYLED_ITEM('',(#4164),#2479);
#2418=STYLED_ITEM('',(#4164),#2480);
#2419=STYLED_ITEM('',(#4164),#2481);
#2420=STYLED_ITEM('',(#4164),#2482);
#2421=STYLED_ITEM('',(#4164),#2483);
#2422=STYLED_ITEM('',(#4164),#2484);
#2423=STYLED_ITEM('',(#4164),#2485);
#2424=STYLED_ITEM('',(#4164),#2486);
#2425=STYLED_ITEM('',(#4163),#21);
#2426=STYLED_ITEM('',(#4163),#22);
#2427=STYLED_ITEM('',(#4163),#23);
#2428=STYLED_ITEM('',(#4163),#24);
#2429=STYLED_ITEM('',(#4163),#25);
#2430=STYLED_ITEM('',(#4163),#26);
#2431=STYLED_ITEM('',(#4163),#27);
#2432=STYLED_ITEM('',(#4163),#28);
#2433=STYLED_ITEM('',(#4165),#2567);
#2434=STYLED_ITEM('',(#4165),#2568);
#2435=STYLED_ITEM('',(#4165),#2569);
#2436=STYLED_ITEM('',(#4165),#2570);
#2437=STYLED_ITEM('',(#4165),#2571);
#2438=STYLED_ITEM('',(#4165),#2572);
#2439=STYLED_ITEM('',(#4165),#2573);
#2440=STYLED_ITEM('',(#4165),#2574);
#2441=STYLED_ITEM('',(#4165),#2575);
#2442=STYLED_ITEM('',(#4165),#2576);
#2443=STYLED_ITEM('',(#4165),#2577);
#2444=STYLED_ITEM('',(#4165),#2578);
#2445=STYLED_ITEM('',(#4165),#2579);
#2446=STYLED_ITEM('',(#4165),#2580);
#2447=STYLED_ITEM('',(#4165),#2581);
#2448=STYLED_ITEM('',(#4165),#2582);
#2449=STYLED_ITEM('',(#4165),#2583);
#2450=STYLED_ITEM('',(#4165),#2584);
#2451=STYLED_ITEM('',(#4165),#2585);
#2452=STYLED_ITEM('',(#4165),#2586);
#2453=STYLED_ITEM('',(#4165),#2587);
#2454=STYLED_ITEM('',(#4165),#2588);
#2455=STYLED_ITEM('',(#4165),#2589);
#2456=STYLED_ITEM('',(#4163),#29);
#2457=ADVANCED_FACE('',(#43),#2270,.F.);
#2458=ADVANCED_FACE('',(#44),#2271,.F.);
#2459=ADVANCED_FACE('',(#45),#2272,.F.);
#2460=ADVANCED_FACE('',(#46),#2273,.F.);
#2461=ADVANCED_FACE('',(#47),#2274,.F.);
#2462=ADVANCED_FACE('',(#48),#2275,.F.);
#2463=ADVANCED_FACE('',(#49),#2276,.F.);
#2464=ADVANCED_FACE('',(#50),#2277,.F.);
#2465=ADVANCED_FACE('',(#51),#2278,.F.);
#2466=ADVANCED_FACE('',(#52),#2279,.T.);
#2467=ADVANCED_FACE('',(#53),#2280,.F.);
#2468=ADVANCED_FACE('',(#54),#2281,.F.);
#2469=ADVANCED_FACE('',(#55),#2282,.F.);
#2470=ADVANCED_FACE('',(#56),#2283,.F.);
#2471=ADVANCED_FACE('',(#57),#2284,.F.);
#2472=ADVANCED_FACE('',(#58),#2285,.F.);
#2473=ADVANCED_FACE('',(#59),#2286,.F.);
#2474=ADVANCED_FACE('',(#60),#2287,.F.);
#2475=ADVANCED_FACE('',(#61),#2288,.F.);
#2476=ADVANCED_FACE('',(#62),#2289,.F.);
#2477=ADVANCED_FACE('',(#63),#2290,.F.);
#2478=ADVANCED_FACE('',(#64),#2291,.F.);
#2479=ADVANCED_FACE('',(#65),#2292,.F.);
#2480=ADVANCED_FACE('',(#66),#2293,.F.);
#2481=ADVANCED_FACE('',(#67),#2294,.F.);
#2482=ADVANCED_FACE('',(#68,#38),#2295,.F.);
#2483=ADVANCED_FACE('',(#69),#30,.T.);
#2484=ADVANCED_FACE('',(#70),#31,.T.);
#2485=ADVANCED_FACE('',(#71),#32,.T.);
#2486=ADVANCED_FACE('',(#72),#33,.T.);
#2487=ADVANCED_FACE('',(#73),#2296,.F.);
#2488=ADVANCED_FACE('',(#74),#2297,.F.);
#2489=ADVANCED_FACE('',(#75),#2298,.F.);
#2490=ADVANCED_FACE('',(#76),#2299,.F.);
#2491=ADVANCED_FACE('',(#77),#2300,.T.);
#2492=ADVANCED_FACE('',(#78),#2301,.F.);
#2493=ADVANCED_FACE('',(#79),#2302,.F.);
#2494=ADVANCED_FACE('',(#80),#2303,.F.);
#2495=ADVANCED_FACE('',(#81),#2304,.F.);
#2496=ADVANCED_FACE('',(#82),#2305,.T.);
#2497=ADVANCED_FACE('',(#83),#2306,.F.);
#2498=ADVANCED_FACE('',(#84),#2307,.F.);
#2499=ADVANCED_FACE('',(#85),#2308,.F.);
#2500=ADVANCED_FACE('',(#86),#2309,.F.);
#2501=ADVANCED_FACE('',(#87),#2310,.F.);
#2502=ADVANCED_FACE('',(#88),#2311,.F.);
#2503=ADVANCED_FACE('',(#89),#2312,.F.);
#2504=ADVANCED_FACE('',(#90),#2313,.T.);
#2505=ADVANCED_FACE('',(#91),#2314,.F.);
#2506=ADVANCED_FACE('',(#92),#2315,.F.);
#2507=ADVANCED_FACE('',(#93),#2316,.F.);
#2508=ADVANCED_FACE('',(#94),#2317,.F.);
#2509=ADVANCED_FACE('',(#95),#2318,.F.);
#2510=ADVANCED_FACE('',(#96),#2319,.F.);
#2511=ADVANCED_FACE('',(#97),#2320,.F.);
#2512=ADVANCED_FACE('',(#98),#2321,.T.);
#2513=ADVANCED_FACE('',(#99),#2322,.F.);
#2514=ADVANCED_FACE('',(#100),#2323,.F.);
#2515=ADVANCED_FACE('',(#101),#2324,.F.);
#2516=ADVANCED_FACE('',(#102),#2325,.F.);
#2517=ADVANCED_FACE('',(#103),#2326,.F.);
#2518=ADVANCED_FACE('',(#104),#2327,.F.);
#2519=ADVANCED_FACE('',(#105),#2328,.F.);
#2520=ADVANCED_FACE('',(#106),#2329,.T.);
#2521=ADVANCED_FACE('',(#107),#2330,.F.);
#2522=ADVANCED_FACE('',(#108),#2331,.F.);
#2523=ADVANCED_FACE('',(#109),#2332,.F.);
#2524=ADVANCED_FACE('',(#110),#2333,.F.);
#2525=ADVANCED_FACE('',(#111),#2334,.F.);
#2526=ADVANCED_FACE('',(#112),#2335,.F.);
#2527=ADVANCED_FACE('',(#113),#2336,.F.);
#2528=ADVANCED_FACE('',(#114),#2337,.T.);
#2529=ADVANCED_FACE('',(#115),#2338,.F.);
#2530=ADVANCED_FACE('',(#116),#2339,.F.);
#2531=ADVANCED_FACE('',(#117),#2340,.F.);
#2532=ADVANCED_FACE('',(#118),#2341,.F.);
#2533=ADVANCED_FACE('',(#119),#2342,.F.);
#2534=ADVANCED_FACE('',(#120),#2343,.F.);
#2535=ADVANCED_FACE('',(#121),#2344,.F.);
#2536=ADVANCED_FACE('',(#122),#2345,.T.);
#2537=ADVANCED_FACE('',(#123),#2346,.F.);
#2538=ADVANCED_FACE('',(#124),#2347,.F.);
#2539=ADVANCED_FACE('',(#125),#2348,.F.);
#2540=ADVANCED_FACE('',(#126),#34,.T.);
#2541=ADVANCED_FACE('',(#127,#39,#40),#2349,.F.);
#2542=ADVANCED_FACE('',(#128),#35,.T.);
#2543=ADVANCED_FACE('',(#129),#2350,.F.);
#2544=ADVANCED_FACE('',(#130),#36,.T.);
#2545=ADVANCED_FACE('',(#131,#41),#2351,.F.);
#2546=ADVANCED_FACE('',(#132),#37,.T.);
#2547=ADVANCED_FACE('',(#133),#2352,.F.);
#2548=ADVANCED_FACE('',(#134),#2353,.T.);
#2549=ADVANCED_FACE('',(#135),#2354,.F.);
#2550=ADVANCED_FACE('',(#136),#2355,.T.);
#2551=ADVANCED_FACE('',(#137),#2356,.T.);
#2552=ADVANCED_FACE('',(#138),#2357,.T.);
#2553=ADVANCED_FACE('',(#139),#2358,.T.);
#2554=ADVANCED_FACE('',(#140),#2359,.T.);
#2555=ADVANCED_FACE('',(#141),#2360,.T.);
#2556=ADVANCED_FACE('',(#142),#2361,.T.);
#2557=ADVANCED_FACE('',(#143),#2362,.T.);
#2558=ADVANCED_FACE('',(#144),#2363,.T.);
#2559=ADVANCED_FACE('',(#145),#2364,.T.);
#2560=ADVANCED_FACE('',(#146),#2365,.T.);
#2561=ADVANCED_FACE('',(#147),#2366,.T.);
#2562=ADVANCED_FACE('',(#148),#2367,.T.);
#2563=ADVANCED_FACE('',(#149),#2368,.T.);
#2564=ADVANCED_FACE('',(#150),#2369,.T.);
#2565=ADVANCED_FACE('',(#151),#2370,.T.);
#2566=ADVANCED_FACE('',(#152),#2371,.T.);
#2567=ADVANCED_FACE('',(#153),#2372,.F.);
#2568=ADVANCED_FACE('',(#154),#2373,.F.);
#2569=ADVANCED_FACE('',(#155),#2374,.T.);
#2570=ADVANCED_FACE('',(#156),#2375,.F.);
#2571=ADVANCED_FACE('',(#157),#2376,.F.);
#2572=ADVANCED_FACE('',(#158),#2377,.F.);
#2573=ADVANCED_FACE('',(#159),#2378,.F.);
#2574=ADVANCED_FACE('',(#160,#42),#2379,.T.);
#2575=ADVANCED_FACE('',(#161),#2380,.F.);
#2576=ADVANCED_FACE('',(#162),#2381,.F.);
#2577=ADVANCED_FACE('',(#163),#2382,.F.);
#2578=ADVANCED_FACE('',(#164),#2383,.F.);
#2579=ADVANCED_FACE('',(#165),#2384,.F.);
#2580=ADVANCED_FACE('',(#166),#2385,.T.);
#2581=ADVANCED_FACE('',(#167),#2386,.F.);
#2582=ADVANCED_FACE('',(#168),#2387,.F.);
#2583=ADVANCED_FACE('',(#169),#2388,.F.);
#2584=ADVANCED_FACE('',(#170),#2389,.F.);
#2585=ADVANCED_FACE('',(#171),#2390,.F.);
#2586=ADVANCED_FACE('',(#172),#2391,.F.);
#2587=ADVANCED_FACE('',(#173),#2392,.F.);
#2588=ADVANCED_FACE('',(#174),#2393,.F.);
#2589=ADVANCED_FACE('',(#175),#2394,.F.);
#2590=CLOSED_SHELL('',(#2457,#2458,#2459,#2460,#2461,#2462,#2463,#2464,
#2465,#2466,#2467,#2468,#2469,#2470,#2471,#2472,#2473,#2474,#2475,#2476,
#2477,#2478,#2479,#2480,#2481,#2482,#2483,#2484,#2485,#2486,#2487,#2488,
#2489,#2490,#2491));
#2591=CLOSED_SHELL('',(#2492,#2493,#2494,#2495,#2496,#2497,#2498,#2499));
#2592=CLOSED_SHELL('',(#2500,#2501,#2502,#2503,#2504,#2505,#2506,#2507));
#2593=CLOSED_SHELL('',(#2508,#2509,#2510,#2511,#2512,#2513,#2514,#2515));
#2594=CLOSED_SHELL('',(#2516,#2517,#2518,#2519,#2520,#2521,#2522,#2523));
#2595=CLOSED_SHELL('',(#2524,#2525,#2526,#2527,#2528,#2529,#2530,#2531));
#2596=CLOSED_SHELL('',(#2532,#2533,#2534,#2535,#2536,#2537,#2538,#2539));
#2597=CLOSED_SHELL('',(#2540,#2541,#2542,#2543,#2544,#2545,#2546,#2547,
#2548,#2549,#2550,#2551,#2552,#2553,#2554,#2555,#2556,#2557,#2558,#2559,
#2560,#2561,#2562,#2563,#2564,#2565,#2566));
#2598=CLOSED_SHELL('',(#2567,#2568,#2569,#2570,#2571,#2572,#2573,#2574,
#2575,#2576,#2577,#2578,#2579,#2580,#2581,#2582,#2583,#2584,#2585,#2586,
#2587,#2588,#2589));
#2599=DERIVED_UNIT_ELEMENT(#2601,1.);
#2600=DERIVED_UNIT_ELEMENT(#4132,-3.);
#2601=(
MASS_UNIT()
NAMED_UNIT(*)
SI_UNIT(.KILO.,.GRAM.)
);
#2602=DERIVED_UNIT((#2599,#2600));
#2603=MEASURE_REPRESENTATION_ITEM('density measure',
POSITIVE_RATIO_MEASURE(7850.),#2602);
#2604=PROPERTY_DEFINITION_REPRESENTATION(#2609,#2606);
#2605=PROPERTY_DEFINITION_REPRESENTATION(#2610,#2607);
#2606=REPRESENTATION('material name',(#2608),#4129);
#2607=REPRESENTATION('density',(#2603),#4129);
#2608=DESCRIPTIVE_REPRESENTATION_ITEM('Steel','Steel');
#2609=PROPERTY_DEFINITION('material property','material name',#4149);
#2610=PROPERTY_DEFINITION('material property','density of part',#4149);
#2611=AXIS2_PLACEMENT_3D('',#3405,#2765,#2766);
#2612=AXIS2_PLACEMENT_3D('',#3406,#2767,#2768);
#2613=AXIS2_PLACEMENT_3D('',#3407,#2769,#2770);
#2614=AXIS2_PLACEMENT_3D('',#3408,#2771,#2772);
#2615=AXIS2_PLACEMENT_3D('',#3413,#2774,#2775);
#2616=AXIS2_PLACEMENT_3D('',#3417,#2777,#2778);
#2617=AXIS2_PLACEMENT_3D('',#3421,#2781,#2782);
#2618=AXIS2_PLACEMENT_3D('',#3446,#2795,#2796);
#2619=AXIS2_PLACEMENT_3D('',#3463,#2805,#2806);
#2620=AXIS2_PLACEMENT_3D('',#3472,#2811,#2812);
#2621=AXIS2_PLACEMENT_3D('',#3478,#2816,#2817);
#2622=AXIS2_PLACEMENT_3D('',#3487,#2822,#2823);
#2623=AXIS2_PLACEMENT_3D('',#3493,#2827,#2828);
#2624=AXIS2_PLACEMENT_3D('',#3499,#2832,#2833);
#2625=AXIS2_PLACEMENT_3D('',#3508,#2838,#2839);
#2626=AXIS2_PLACEMENT_3D('',#3509,#2840,#2841);
#2627=AXIS2_PLACEMENT_3D('',#3517,#2847,#2848);
#2628=AXIS2_PLACEMENT_3D('',#3518,#2849,#2850);
#2629=AXIS2_PLACEMENT_3D('',#3531,#2859,#2860);
#2630=AXIS2_PLACEMENT_3D('',#3532,#2861,#2862);
#2631=AXIS2_PLACEMENT_3D('',#3533,#2863,#2864);
#2632=AXIS2_PLACEMENT_3D('',#3535,#2866,#2867);
#2633=AXIS2_PLACEMENT_3D('',#3536,#2868,#2869);
#2634=AXIS2_PLACEMENT_3D('',#3538,#2871,#2872);
#2635=AXIS2_PLACEMENT_3D('',#3540,#2874,#2875);
#2636=AXIS2_PLACEMENT_3D('',#3544,#2878,#2879);
#2637=AXIS2_PLACEMENT_3D('',#3548,#2882,#2883);
#2638=AXIS2_PLACEMENT_3D('',#3550,#2885,#2886);
#2639=AXIS2_PLACEMENT_3D('',#3551,#2887,#2888);
#2640=AXIS2_PLACEMENT_3D('',#3555,#2891,#2892);
#2641=AXIS2_PLACEMENT_3D('',#3559,#2895,#2896);
#2642=AXIS2_PLACEMENT_3D('',#3561,#2898,#2899);
#2643=AXIS2_PLACEMENT_3D('',#3562,#2900,#2901);
#2644=AXIS2_PLACEMENT_3D('',#3566,#2904,#2905);
#2645=AXIS2_PLACEMENT_3D('',#3570,#2908,#2909);
#2646=AXIS2_PLACEMENT_3D('',#3572,#2911,#2912);
#2647=AXIS2_PLACEMENT_3D('',#3573,#2913,#2914);
#2648=AXIS2_PLACEMENT_3D('',#3582,#2919,#2920);
#2649=AXIS2_PLACEMENT_3D('',#3583,#2921,#2922);
#2650=AXIS2_PLACEMENT_3D('',#3584,#2923,#2924);
#2651=AXIS2_PLACEMENT_3D('',#3585,#2925,#2926);
#2652=AXIS2_PLACEMENT_3D('',#3586,#2927,#2928);
#2653=AXIS2_PLACEMENT_3D('',#3592,#2932,#2933);
#2654=AXIS2_PLACEMENT_3D('',#3596,#2936,#2937);
#2655=AXIS2_PLACEMENT_3D('',#3600,#2940,#2941);
#2656=AXIS2_PLACEMENT_3D('',#3602,#2943,#2944);
#2657=AXIS2_PLACEMENT_3D('',#3603,#2945,#2946);
#2658=AXIS2_PLACEMENT_3D('',#3616,#2953,#2954);
#2659=AXIS2_PLACEMENT_3D('',#3622,#2958,#2959);
#2660=AXIS2_PLACEMENT_3D('',#3632,#2965,#2966);
#2661=AXIS2_PLACEMENT_3D('',#3635,#2969,#2970);
#2662=AXIS2_PLACEMENT_3D('',#3638,#2973,#2974);
#2663=AXIS2_PLACEMENT_3D('',#3639,#2975,#2976);
#2664=AXIS2_PLACEMENT_3D('',#3640,#2977,#2978);
#2665=AXIS2_PLACEMENT_3D('',#3641,#2979,#2980);
#2666=AXIS2_PLACEMENT_3D('',#3650,#2985,#2986);
#2667=AXIS2_PLACEMENT_3D('',#3660,#2992,#2993);
#2668=AXIS2_PLACEMENT_3D('',#3666,#2997,#2998);
#2669=AXIS2_PLACEMENT_3D('',#3673,#3003,#3004);
#2670=AXIS2_PLACEMENT_3D('',#3676,#3007,#3008);
#2671=AXIS2_PLACEMENT_3D('',#3677,#3009,#3010);
#2672=AXIS2_PLACEMENT_3D('',#3678,#3011,#3012);
#2673=AXIS2_PLACEMENT_3D('',#3679,#3013,#3014);
#2674=AXIS2_PLACEMENT_3D('',#3692,#3021,#3022);
#2675=AXIS2_PLACEMENT_3D('',#3698,#3026,#3027);
#2676=AXIS2_PLACEMENT_3D('',#3708,#3033,#3034);
#2677=AXIS2_PLACEMENT_3D('',#3711,#3037,#3038);
#2678=AXIS2_PLACEMENT_3D('',#3714,#3041,#3042);
#2679=AXIS2_PLACEMENT_3D('',#3715,#3043,#3044);
#2680=AXIS2_PLACEMENT_3D('',#3716,#3045,#3046);
#2681=AXIS2_PLACEMENT_3D('',#3717,#3047,#3048);
#2682=AXIS2_PLACEMENT_3D('',#3730,#3055,#3056);
#2683=AXIS2_PLACEMENT_3D('',#3736,#3060,#3061);
#2684=AXIS2_PLACEMENT_3D('',#3746,#3067,#3068);
#2685=AXIS2_PLACEMENT_3D('',#3749,#3071,#3072);
#2686=AXIS2_PLACEMENT_3D('',#3752,#3075,#3076);
#2687=AXIS2_PLACEMENT_3D('',#3753,#3077,#3078);
#2688=AXIS2_PLACEMENT_3D('',#3754,#3079,#3080);
#2689=AXIS2_PLACEMENT_3D('',#3755,#3081,#3082);
#2690=AXIS2_PLACEMENT_3D('',#3764,#3087,#3088);
#2691=AXIS2_PLACEMENT_3D('',#3774,#3094,#3095);
#2692=AXIS2_PLACEMENT_3D('',#3780,#3099,#3100);
#2693=AXIS2_PLACEMENT_3D('',#3787,#3105,#3106);
#2694=AXIS2_PLACEMENT_3D('',#3790,#3109,#3110);
#2695=AXIS2_PLACEMENT_3D('',#3791,#3111,#3112);
#2696=AXIS2_PLACEMENT_3D('',#3792,#3113,#3114);
#2697=AXIS2_PLACEMENT_3D('',#3793,#3115,#3116);
#2698=AXIS2_PLACEMENT_3D('',#3802,#3121,#3122);
#2699=AXIS2_PLACEMENT_3D('',#3812,#3128,#3129);
#2700=AXIS2_PLACEMENT_3D('',#3818,#3133,#3134);
#2701=AXIS2_PLACEMENT_3D('',#3825,#3139,#3140);
#2702=AXIS2_PLACEMENT_3D('',#3828,#3143,#3144);
#2703=AXIS2_PLACEMENT_3D('',#3829,#3145,#3146);
#2704=AXIS2_PLACEMENT_3D('',#3830,#3147,#3148);
#2705=AXIS2_PLACEMENT_3D('',#3831,#3149,#3150);
#2706=AXIS2_PLACEMENT_3D('',#3834,#3151,#3152);
#2707=AXIS2_PLACEMENT_3D('',#3838,#3154,#3155);
#2708=AXIS2_PLACEMENT_3D('',#3840,#3157,#3158);
#2709=AXIS2_PLACEMENT_3D('',#3870,#3174,#3175);
#2710=AXIS2_PLACEMENT_3D('',#3872,#3176,#3177);
#2711=AXIS2_PLACEMENT_3D('',#3875,#3179,#3180);
#2712=AXIS2_PLACEMENT_3D('',#3876,#3181,#3182);
#2713=AXIS2_PLACEMENT_3D('',#3882,#3186,#3187);
#2714=AXIS2_PLACEMENT_3D('',#3884,#3188,#3189);
#2715=AXIS2_PLACEMENT_3D('',#3887,#3191,#3192);
#2716=AXIS2_PLACEMENT_3D('',#3888,#3193,#3194);
#2717=AXIS2_PLACEMENT_3D('',#3910,#3206,#3207);
#2718=AXIS2_PLACEMENT_3D('',#3912,#3208,#3209);
#2719=AXIS2_PLACEMENT_3D('',#3915,#3211,#3212);
#2720=AXIS2_PLACEMENT_3D('',#3916,#3213,#3214);
#2721=AXIS2_PLACEMENT_3D('',#3919,#3217,#3218);
#2722=AXIS2_PLACEMENT_3D('',#3920,#3219,#3220);
#2723=AXIS2_PLACEMENT_3D('',#3946,#3236,#3237);
#2724=AXIS2_PLACEMENT_3D('',#3950,#3240,#3241);
#2725=AXIS2_PLACEMENT_3D('',#3954,#3244,#3245);
#2726=AXIS2_PLACEMENT_3D('',#3956,#3247,#3248);
#2727=AXIS2_PLACEMENT_3D('',#3960,#3251,#3252);
#2728=AXIS2_PLACEMENT_3D('',#3964,#3255,#3256);
#2729=AXIS2_PLACEMENT_3D('',#3966,#3258,#3259);
#2730=AXIS2_PLACEMENT_3D('',#3970,#3262,#3263);
#2731=AXIS2_PLACEMENT_3D('',#3974,#3266,#3267);
#2732=AXIS2_PLACEMENT_3D('',#3976,#3269,#3270);
#2733=AXIS2_PLACEMENT_3D('',#3977,#3271,#3272);
#2734=AXIS2_PLACEMENT_3D('',#3981,#3275,#3276);
#2735=AXIS2_PLACEMENT_3D('',#3985,#3279,#3280);
#2736=AXIS2_PLACEMENT_3D('',#3989,#3283,#3284);
#2737=AXIS2_PLACEMENT_3D('',#3991,#3286,#3287);
#2738=AXIS2_PLACEMENT_3D('',#3995,#3290,#3291);
#2739=AXIS2_PLACEMENT_3D('',#3997,#3293,#3294);
#2740=AXIS2_PLACEMENT_3D('',#3998,#3295,#3296);
#2741=AXIS2_PLACEMENT_3D('',#4007,#3301,#3302);
#2742=AXIS2_PLACEMENT_3D('',#4024,#3311,#3312);
#2743=AXIS2_PLACEMENT_3D('',#4030,#3316,#3317);
#2744=AXIS2_PLACEMENT_3D('',#4039,#3322,#3323);
#2745=AXIS2_PLACEMENT_3D('',#4045,#3327,#3328);
#2746=AXIS2_PLACEMENT_3D('',#4051,#3332,#3333);
#2747=AXIS2_PLACEMENT_3D('',#4054,#3336,#3337);
#2748=AXIS2_PLACEMENT_3D('',#4060,#3341,#3342);
#2749=AXIS2_PLACEMENT_3D('',#4061,#3343,#3344);
#2750=AXIS2_PLACEMENT_3D('',#4078,#3354,#3355);
#2751=AXIS2_PLACEMENT_3D('',#4089,#3362,#3363);
#2752=AXIS2_PLACEMENT_3D('',#4102,#3371,#3372);
#2753=AXIS2_PLACEMENT_3D('',#4104,#3374,#3375);
#2754=AXIS2_PLACEMENT_3D('',#4106,#3377,#3378);
#2755=AXIS2_PLACEMENT_3D('',#4108,#3380,#3381);
#2756=AXIS2_PLACEMENT_3D('',#4110,#3383,#3384);
#2757=AXIS2_PLACEMENT_3D('',#4111,#3385,#3386);
#2758=AXIS2_PLACEMENT_3D('',#4113,#3388,#3389);
#2759=AXIS2_PLACEMENT_3D('',#4115,#3391,#3392);
#2760=AXIS2_PLACEMENT_3D('',#4116,#3393,#3394);
#2761=AXIS2_PLACEMENT_3D('',#4118,#3396,#3397);
#2762=AXIS2_PLACEMENT_3D('',#4120,#3399,#3400);
#2763=AXIS2_PLACEMENT_3D('',#4121,#3401,#3402);
#2764=AXIS2_PLACEMENT_3D('',#4122,#3403,#3404);
#2765=DIRECTION('axis',(0.,0.,1.));
#2766=DIRECTION('refdir',(1.,0.,0.));
#2767=DIRECTION('axis',(0.,0.,1.));
#2768=DIRECTION('refdir',(1.,0.,0.));
#2769=DIRECTION('axis',(0.,0.,1.));
#2770=DIRECTION('refdir',(1.,0.,0.));
#2771=DIRECTION('center_axis',(0.,6.123233995737E-17,1.));
#2772=DIRECTION('ref_axis',(1.,0.,0.));
#2773=DIRECTION('',(1.,0.,0.));
#2774=DIRECTION('center_axis',(0.,-6.123233995737E-17,-1.));
#2775=DIRECTION('ref_axis',(1.,0.,0.));
#2776=DIRECTION('',(1.239088197126E-16,-1.,6.123233995737E-17));
#2777=DIRECTION('center_axis',(0.,-6.123233995737E-17,-1.));
#2778=DIRECTION('ref_axis',(1.,0.,0.));
#2779=DIRECTION('',(-1.,0.,0.));
#2780=DIRECTION('',(0.,-1.,6.123233995737E-17));
#2781=DIRECTION('center_axis',(-1.204669080539E-16,-1.,6.123233995737E-17));
#2782=DIRECTION('ref_axis',(1.,-1.204669080539E-16,7.376470667572E-33));
#2783=DIRECTION('',(0.,6.123233995737E-17,1.));
#2784=DIRECTION('',(-1.,1.204669080539E-16,-7.376470667572E-33));
#2785=DIRECTION('',(0.,6.123233995737E-17,1.));
#2786=DIRECTION('',(1.,-1.204669080539E-16,7.376470667572E-33));
#2787=DIRECTION('',(0.,6.123233995737E-17,1.));
#2788=DIRECTION('',(-1.,0.,0.));
#2789=DIRECTION('',(0.,-6.123233995737E-17,-1.));
#2790=DIRECTION('',(1.,-1.204669080539E-16,7.376470667572E-33));
#2791=DIRECTION('',(0.,6.123233995737E-17,1.));
#2792=DIRECTION('',(-1.,0.,0.));
#2793=DIRECTION('',(0.,-6.123233995737E-17,-1.));
#2794=DIRECTION('',(1.,-1.204669080539E-16,7.376470667572E-33));
#2795=DIRECTION('center_axis',(-1.204669080539E-16,1.,-6.123233995737E-17));
#2796=DIRECTION('ref_axis',(-1.,-1.204669080539E-16,7.376470667572E-33));
#2797=DIRECTION('',(0.,6.123233995737E-17,1.));
#2798=DIRECTION('',(-1.,-1.204669080539E-16,7.376470667572E-33));
#2799=DIRECTION('',(0.,6.123233995737E-17,1.));
#2800=DIRECTION('',(-1.,-1.204669080539E-16,7.376470667572E-33));
#2801=DIRECTION('',(-1.084202172486E-16,6.123233995737E-17,1.));
#2802=DIRECTION('',(1.,8.851764801087E-33,1.445602896647E-16));
#2803=DIRECTION('',(1.084202172486E-16,-6.123233995737E-17,-1.));
#2804=DIRECTION('',(-1.,-1.204669080539E-16,7.376470667572E-33));
#2805=DIRECTION('center_axis',(0.,-1.,6.123233995737E-17));
#2806=DIRECTION('ref_axis',(0.,-6.123233995737E-17,-1.));
#2807=DIRECTION('',(-1.,0.,0.));
#2808=DIRECTION('',(0.,-6.123233995737E-17,-1.));
#2809=DIRECTION('',(-1.,0.,0.));
#2810=DIRECTION('',(0.,6.123233995737E-17,1.));
#2811=DIRECTION('center_axis',(0.,1.,-6.123233995737E-17));
#2812=DIRECTION('ref_axis',(0.,6.123233995737E-17,1.));
#2813=DIRECTION('',(1.,0.,0.));
#2814=DIRECTION('',(0.,-6.123233995737E-17,-1.));
#2815=DIRECTION('',(0.,6.123233995737E-17,1.));
#2816=DIRECTION('center_axis',(-1.,-1.239088197126E-16,7.58722697236E-33));
#2817=DIRECTION('ref_axis',(1.239088197126E-16,-1.,6.123233995737E-17));
#2818=DIRECTION('',(-1.239088197126E-16,1.,-6.123233995737E-17));
#2819=DIRECTION('',(0.,-6.123233995737E-17,-1.));
#2820=DIRECTION('',(-1.239088197126E-16,1.,-6.123233995737E-17));
#2821=DIRECTION('',(0.,6.123233995737E-17,1.));
#2822=DIRECTION('center_axis',(0.,-1.,6.123233995737E-17));
#2823=DIRECTION('ref_axis',(0.,-6.123233995737E-17,-1.));
#2824=DIRECTION('',(0.,6.123233995737E-17,1.));
#2825=DIRECTION('',(-1.,0.,0.));
#2826=DIRECTION('',(0.,6.123233995737E-17,1.));
#2827=DIRECTION('center_axis',(1.,1.239088197126E-16,-7.58722697236E-33));
#2828=DIRECTION('ref_axis',(-1.239088197126E-16,1.,-6.123233995737E-17));
#2829=DIRECTION('',(0.,6.123233995737E-17,1.));
#2830=DIRECTION('',(1.239088197126E-16,-1.,6.123233995737E-17));
#2831=DIRECTION('',(0.,-6.123233995737E-17,-1.));
#2832=DIRECTION('center_axis',(0.,1.,-6.123233995737E-17));
#2833=DIRECTION('ref_axis',(0.,6.123233995737E-17,1.));
#2834=DIRECTION('',(1.,0.,0.));
#2835=DIRECTION('',(0.,6.123233995737E-17,1.));
#2836=DIRECTION('',(1.,0.,0.));
#2837=DIRECTION('',(0.,6.123233995737E-17,1.));
#2838=DIRECTION('center_axis',(0.,6.123233995737E-17,1.));
#2839=DIRECTION('ref_axis',(1.,0.,0.));
#2840=DIRECTION('center_axis',(0.,6.123233995737E-17,1.));
#2841=DIRECTION('ref_axis',(1.,0.,0.));
#2842=DIRECTION('',(0.,-1.,6.123233995737E-17));
#2843=DIRECTION('',(-1.204669080539E-16,1.,-6.123233995737E-17));
#2844=DIRECTION('',(1.,0.,0.));
#2845=DIRECTION('',(-1.204669080539E-16,1.,-6.123233995737E-17));
#2846=DIRECTION('',(0.,1.,-6.123233995737E-17));
#2847=DIRECTION('center_axis',(0.,6.123233995737E-17,1.));
#2848=DIRECTION('ref_axis',(1.,0.,0.));
#2849=DIRECTION('center_axis',(0.,6.123233995737E-17,1.));
#2850=DIRECTION('ref_axis',(1.,0.,0.));
#2851=DIRECTION('',(0.,1.,-6.123233995737E-17));
#2852=DIRECTION('',(-1.204669080539E-16,-1.,6.123233995737E-17));
#2853=DIRECTION('',(-1.,-5.311058880652E-32,-8.673617379884E-16));
#2854=DIRECTION('',(-1.204669080539E-16,-1.,6.123233995737E-17));
#2855=DIRECTION('',(-1.204669080539E-16,-1.,6.123233995737E-17));
#2856=DIRECTION('',(-1.,5.311058880652E-32,8.673617379884E-16));
#2857=DIRECTION('',(-1.204669080539E-16,-1.,6.123233995737E-17));
#2858=DIRECTION('',(0.,-1.,6.123233995737E-17));
#2859=DIRECTION('center_axis',(0.,6.123233995737E-17,1.));
#2860=DIRECTION('ref_axis',(1.,0.,0.));
#2861=DIRECTION('center_axis',(0.,6.123233995737E-17,1.));
#2862=DIRECTION('ref_axis',(1.,0.,0.));
#2863=DIRECTION('center_axis',(0.,-6.123233995737E-17,-1.));
#2864=DIRECTION('ref_axis',(1.,0.,0.));
#2865=DIRECTION('',(0.,1.,-6.123233995737E-17));
#2866=DIRECTION('center_axis',(0.,-6.123233995737E-17,-1.));
#2867=DIRECTION('ref_axis',(1.,0.,0.));
#2868=DIRECTION('center_axis',(-1.,0.,0.));
#2869=DIRECTION('ref_axis',(0.,6.123233995737E-17,1.));
#2870=DIRECTION('',(1.204669080539E-16,-1.,6.123233995737E-17));
#2871=DIRECTION('center_axis',(1.,0.,0.));
#2872=DIRECTION('ref_axis',(0.,-6.123233995737E-17,-1.));
#2873=DIRECTION('',(1.204669080539E-16,-1.,6.123233995737E-17));
#2874=DIRECTION('center_axis',(-1.,-1.204669080539E-16,-1.084202172486E-16));
#2875=DIRECTION('ref_axis',(1.204669080539E-16,-1.,6.123233995737E-17));
#2876=DIRECTION('',(1.084202172486E-16,-6.123233995737E-17,-1.));
#2877=DIRECTION('',(-1.204669080539E-16,1.,-6.123233995737E-17));
#2878=DIRECTION('center_axis',(-1.445602896647E-16,6.123233995737E-17,1.));
#2879=DIRECTION('ref_axis',(1.,8.851764801087E-33,1.445602896647E-16));
#2880=DIRECTION('',(-1.,-8.851764801087E-33,-1.445602896647E-16));
#2881=DIRECTION('',(-1.204669080539E-16,1.,-6.123233995737E-17));
#2882=DIRECTION('center_axis',(1.,1.204669080539E-16,1.084202172486E-16));
#2883=DIRECTION('ref_axis',(-1.204669080539E-16,1.,-6.123233995737E-17));
#2884=DIRECTION('',(-1.084202172486E-16,6.123233995737E-17,1.));
#2885=DIRECTION('center_axis',(0.,1.,-6.123233995737E-17));
#2886=DIRECTION('ref_axis',(0.,6.123233995737E-17,1.));
#2887=DIRECTION('center_axis',(1.,-1.204669080539E-16,7.376470667572E-33));
#2888=DIRECTION('ref_axis',(1.204669080539E-16,1.,-6.123233995737E-17));
#2889=DIRECTION('',(0.,-6.123233995737E-17,-1.));
#2890=DIRECTION('',(-1.204669080539E-16,-1.,6.123233995737E-17));
#2891=DIRECTION('center_axis',(0.,6.123233995737E-17,1.));
#2892=DIRECTION('ref_axis',(1.,0.,0.));
#2893=DIRECTION('',(1.,0.,0.));
#2894=DIRECTION('',(-1.204669080539E-16,-1.,6.123233995737E-17));
#2895=DIRECTION('center_axis',(-1.,1.204669080539E-16,-7.376470667572E-33));
#2896=DIRECTION('ref_axis',(-1.204669080539E-16,-1.,6.123233995737E-17));
#2897=DIRECTION('',(0.,6.123233995737E-17,1.));
#2898=DIRECTION('center_axis',(0.,-1.,6.123233995737E-17));
#2899=DIRECTION('ref_axis',(0.,-6.123233995737E-17,-1.));
#2900=DIRECTION('center_axis',(1.,-1.204669080539E-16,7.376470667572E-33));
#2901=DIRECTION('ref_axis',(1.204669080539E-16,1.,-6.123233995737E-17));
#2902=DIRECTION('',(0.,-6.123233995737E-17,-1.));
#2903=DIRECTION('',(-1.204669080539E-16,-1.,6.123233995737E-17));
#2904=DIRECTION('center_axis',(0.,6.123233995737E-17,1.));
#2905=DIRECTION('ref_axis',(1.,0.,0.));
#2906=DIRECTION('',(1.,0.,0.));
#2907=DIRECTION('',(-1.204669080539E-16,-1.,6.123233995737E-17));
#2908=DIRECTION('center_axis',(-1.,1.204669080539E-16,-7.376470667572E-33));
#2909=DIRECTION('ref_axis',(-1.204669080539E-16,-1.,6.123233995737E-17));
#2910=DIRECTION('',(0.,6.123233995737E-17,1.));
#2911=DIRECTION('center_axis',(0.,-1.,6.123233995737E-17));
#2912=DIRECTION('ref_axis',(0.,-6.123233995737E-17,-1.));
#2913=DIRECTION('center_axis',(0.,6.123233995737E-17,1.));
#2914=DIRECTION('ref_axis',(1.,0.,0.));
#2915=DIRECTION('',(1.,0.,0.));
#2916=DIRECTION('',(0.,1.,-6.123233995737E-17));
#2917=DIRECTION('',(-1.,0.,0.));
#2918=DIRECTION('',(0.,-1.,6.123233995737E-17));
#2919=DIRECTION('center_axis',(0.,-6.123233995737E-17,-1.));
#2920=DIRECTION('ref_axis',(-1.,0.,0.));
#2921=DIRECTION('center_axis',(0.,-6.123233995737E-17,-1.));
#2922=DIRECTION('ref_axis',(-1.,0.,0.));
#2923=DIRECTION('center_axis',(0.,-6.123233995737E-17,-1.));
#2924=DIRECTION('ref_axis',(-1.,0.,0.));
#2925=DIRECTION('center_axis',(0.,-6.123233995737E-17,-1.));
#2926=DIRECTION('ref_axis',(-1.,0.,0.));
#2927=DIRECTION('center_axis',(-1.,0.,0.));
#2928=DIRECTION('ref_axis',(0.,6.123233995737E-17,1.));
#2929=DIRECTION('',(0.,-6.123233995737E-17,-1.));
#2930=DIRECTION('',(0.,1.,-6.123233995737E-17));
#2931=DIRECTION('',(0.,-6.123233995737E-17,-1.));
#2932=DIRECTION('center_axis',(0.,-1.,6.123233995737E-17));
#2933=DIRECTION('ref_axis',(0.,-6.123233995737E-17,-1.));
#2934=DIRECTION('',(-1.,0.,0.));
#2935=DIRECTION('',(0.,-6.123233995737E-17,-1.));
#2936=DIRECTION('center_axis',(1.,0.,0.));
#2937=DIRECTION('ref_axis',(0.,-6.123233995737E-17,-1.));
#2938=DIRECTION('',(0.,-1.,6.123233995737E-17));
#2939=DIRECTION('',(0.,-6.123233995737E-17,-1.));
#2940=DIRECTION('center_axis',(0.,1.,-6.123233995737E-17));
#2941=DIRECTION('ref_axis',(0.,6.123233995737E-17,1.));
#2942=DIRECTION('',(1.,0.,0.));
#2943=DIRECTION('center_axis',(0.,-6.123233995737E-17,-1.));
#2944=DIRECTION('ref_axis',(-1.,0.,0.));
#2945=DIRECTION('center_axis',(-1.,-7.228014483237E-16,4.425882400543E-32));
#2946=DIRECTION('ref_axis',(-7.228014483237E-16,1.,-6.123233995737E-17));
#2947=DIRECTION('',(0.,6.123233995737E-17,1.));
#2948=DIRECTION('',(1.06208081757442E-16,-0.14693949770592,0.989145481723458));
#2949=DIRECTION('',(7.228014483237E-16,-1.,6.123233995737E-17));
#2950=DIRECTION('',(1.06208081757442E-16,-0.14693949770592,-0.989145481723458));
#2951=DIRECTION('',(0.,6.123233995737E-17,1.));
#2952=DIRECTION('',(7.228014483237E-16,-1.,6.123233995737E-17));
#2953=DIRECTION('center_axis',(0.,1.,-6.123233995737E-17));
#2954=DIRECTION('ref_axis',(0.,-6.123233995737E-17,-1.));
#2955=DIRECTION('',(0.,6.123233995737E-17,1.));
#2956=DIRECTION('',(-1.,-2.891205793295E-15,1.770352960217E-31));
#2957=DIRECTION('',(-1.,0.,0.));
#2958=DIRECTION('center_axis',(1.,0.,0.));
#2959=DIRECTION('ref_axis',(0.,-6.123233995737E-17,-1.));
#2960=DIRECTION('',(0.,1.,-6.123233995737E-17));
#2961=DIRECTION('',(0.,-0.14693949770592,0.989145481723458));
#2962=DIRECTION('',(0.,1.,-6.123233995737E-17));
#2963=DIRECTION('',(0.,6.123233995737E-17,1.));
#2964=DIRECTION('',(0.,-0.14693949770592,-0.989145481723458));
#2965=DIRECTION('center_axis',(0.,-1.,6.123233995737E-17));
#2966=DIRECTION('ref_axis',(0.,6.123233995737E-17,1.));
#2967=DIRECTION('',(-1.,-2.891205793295E-15,1.770352960217E-31));
#2968=DIRECTION('',(1.,0.,0.));
#2969=DIRECTION('center_axis',(0.,-6.123233995737E-17,-1.));
#2970=DIRECTION('ref_axis',(-1.,0.,0.));
#2971=DIRECTION('',(-1.,-2.891205793295E-15,1.770352960217E-31));
#2972=DIRECTION('',(-1.,-2.891205793295E-15,1.770352960217E-31));
#2973=DIRECTION('center_axis',(0.,-6.123233995737E-17,-1.));
#2974=DIRECTION('ref_axis',(-1.,0.,0.));
#2975=DIRECTION('center_axis',(2.85982314716843E-15,-0.989145481723458,
0.14693949770592));
#2976=DIRECTION('ref_axis',(-9.86076131525725E-32,0.14693949770592,0.989145481723458));
#2977=DIRECTION('center_axis',(-2.85982314716843E-15,0.989145481723458,
0.14693949770592));
#2978=DIRECTION('ref_axis',(-9.86076131525725E-32,0.14693949770592,-0.989145481723458));
#2979=DIRECTION('center_axis',(2.891205793295E-15,-1.,6.123233995737E-17));
#2980=DIRECTION('ref_axis',(-1.,-2.891205793295E-15,1.770352960217E-31));
#2981=DIRECTION('',(0.,6.123233995737E-17,1.));
#2982=DIRECTION('',(-1.,-2.891205793295E-15,1.770352960217E-31));
#2983=DIRECTION('',(0.,6.123233995737E-17,1.));
#2984=DIRECTION('',(1.,2.891205793295E-15,-1.770352960217E-31));
#2985=DIRECTION('center_axis',(-1.,2.891205793295E-15,-1.770352960217E-31));
#2986=DIRECTION('ref_axis',(2.891205793295E-15,1.,-6.123233995737E-17));
#2987=DIRECTION('',(0.,6.123233995737E-17,1.));
#2988=DIRECTION('',(4.24832327029867E-16,0.14693949770592,-0.989145481723458));
#2989=DIRECTION('',(-2.891205793295E-15,-1.,6.123233995737E-17));
#2990=DIRECTION('',(4.24832327029867E-16,0.14693949770592,0.989145481723458));
#2991=DIRECTION('',(-2.891205793295E-15,-1.,6.123233995737E-17));
#2992=DIRECTION('center_axis',(3.614007241618E-15,1.,-6.123233995737E-17));
#2993=DIRECTION('ref_axis',(1.,-3.614007241618E-15,2.212941200272E-31));
#2994=DIRECTION('',(0.,6.123233995737E-17,1.));
#2995=DIRECTION('',(-1.,-2.891205793295E-15,1.770352960217E-31));
#2996=DIRECTION('',(-1.,3.614007241618E-15,-2.212941200272E-31));
#2997=DIRECTION('center_axis',(1.,2.891205793295E-15,-1.770352960217E-31));
#2998=DIRECTION('ref_axis',(2.891205793295E-15,-1.,6.123233995737E-17));
#2999=DIRECTION('',(-2.891205793295E-15,1.,-6.123233995737E-17));
#3000=DIRECTION('',(-4.24034177523168E-16,0.14693949770592,-0.989145481723458));
#3001=DIRECTION('',(-2.891205793295E-15,1.,-6.123233995737E-17));
#3002=DIRECTION('',(-4.24034177523168E-16,0.14693949770592,0.989145481723458));
#3003=DIRECTION('center_axis',(0.,-6.123233995737E-17,-1.));
#3004=DIRECTION('ref_axis',(-1.,0.,0.));
#3005=DIRECTION('',(1.,2.891205793295E-15,-1.770352960217E-31));
#3006=DIRECTION('',(-1.,-2.891205793295E-15,1.770352960217E-31));
#3007=DIRECTION('center_axis',(0.,-6.123233995737E-17,-1.));
#3008=DIRECTION('ref_axis',(-1.,0.,0.));
#3009=DIRECTION('center_axis',(2.85982314716843E-15,-0.989145481723458,
0.14693949770592));
#3010=DIRECTION('ref_axis',(-9.86076131525725E-32,0.14693949770592,0.989145481723458));
#3011=DIRECTION('center_axis',(-2.85982314716843E-15,0.989145481723458,
0.14693949770592));
#3012=DIRECTION('ref_axis',(-9.86076131525725E-32,0.14693949770592,-0.989145481723458));
#3013=DIRECTION('center_axis',(-1.,0.,0.));
#3014=DIRECTION('ref_axis',(0.,6.123233995737E-17,1.));
#3015=DIRECTION('',(0.,-1.,6.123233995737E-17));
#3016=DIRECTION('',(1.06208081757442E-16,-0.14693949770592,-0.989145481723458));
#3017=DIRECTION('',(0.,6.123233995737E-17,1.));
#3018=DIRECTION('',(0.,-1.,6.123233995737E-17));
#3019=DIRECTION('',(0.,6.123233995737E-17,1.));
#3020=DIRECTION('',(1.06208081757442E-16,-0.14693949770592,0.989145481723458));
#3021=DIRECTION('center_axis',(-1.807003620809E-16,1.,-6.123233995737E-17));
#3022=DIRECTION('ref_axis',(1.,1.807003620809E-16,-1.106470600136E-32));
#3023=DIRECTION('',(0.,6.123233995737E-17,1.));
#3024=DIRECTION('',(-1.,-2.891205793295E-15,1.770352960217E-31));
#3025=DIRECTION('',(-1.,-1.807003620809E-16,1.106470600136E-32));
#3026=DIRECTION('center_axis',(1.,0.,0.));
#3027=DIRECTION('ref_axis',(0.,-6.123233995737E-17,-1.));
#3028=DIRECTION('',(0.,6.123233995737E-17,1.));
#3029=DIRECTION('',(0.,-0.14693949770592,-0.989145481723458));
#3030=DIRECTION('',(0.,1.,-6.123233995737E-17));
#3031=DIRECTION('',(0.,-0.14693949770592,0.989145481723458));
#3032=DIRECTION('',(0.,1.,-6.123233995737E-17));
#3033=DIRECTION('center_axis',(-1.807003620809E-16,-1.,6.123233995737E-17));
#3034=DIRECTION('ref_axis',(-1.,1.807003620809E-16,-1.106470600136E-32));
#3035=DIRECTION('',(-1.,-2.891205793295E-15,1.770352960217E-31));
#3036=DIRECTION('',(1.,-1.807003620809E-16,1.106470600136E-32));
#3037=DIRECTION('center_axis',(0.,-6.123233995737E-17,-1.));
#3038=DIRECTION('ref_axis',(-1.,0.,0.));
#3039=DIRECTION('',(-1.,-2.891205793295E-15,1.770352960217E-31));
#3040=DIRECTION('',(-1.,-2.891205793295E-15,1.770352960217E-31));
#3041=DIRECTION('center_axis',(0.,-6.123233995737E-17,-1.));
#3042=DIRECTION('ref_axis',(-1.,0.,0.));
#3043=DIRECTION('center_axis',(-2.85982314716843E-15,0.989145481723458,
0.14693949770592));
#3044=DIRECTION('ref_axis',(0.,0.14693949770592,-0.989145481723458));
#3045=DIRECTION('center_axis',(2.85982314716843E-15,-0.989145481723458,
0.14693949770592));
#3046=DIRECTION('ref_axis',(0.,0.14693949770592,0.989145481723458));
#3047=DIRECTION('center_axis',(-1.,0.,0.));
#3048=DIRECTION('ref_axis',(0.,6.123233995737E-17,1.));
#3049=DIRECTION('',(0.,-1.,6.123233995737E-17));
#3050=DIRECTION('',(1.06208081757442E-16,-0.14693949770592,-0.989145481723458));
#3051=DIRECTION('',(0.,6.123233995737E-17,1.));
#3052=DIRECTION('',(0.,-1.,6.123233995737E-17));
#3053=DIRECTION('',(0.,6.123233995737E-17,1.));
#3054=DIRECTION('',(1.06208081757442E-16,-0.14693949770592,0.989145481723458));
#3055=DIRECTION('center_axis',(0.,1.,-6.123233995737E-17));
#3056=DIRECTION('ref_axis',(0.,-6.123233995737E-17,-1.));
#3057=DIRECTION('',(0.,6.123233995737E-17,1.));
#3058=DIRECTION('',(-1.,-2.891205793295E-15,1.770352960217E-31));
#3059=DIRECTION('',(-1.,0.,0.));
#3060=DIRECTION('center_axis',(1.,0.,0.));
#3061=DIRECTION('ref_axis',(0.,-6.123233995737E-17,-1.));
#3062=DIRECTION('',(0.,6.123233995737E-17,1.));
#3063=DIRECTION('',(0.,-0.14693949770592,-0.989145481723458));
#3064=DIRECTION('',(0.,1.,-6.123233995737E-17));
#3065=DIRECTION('',(0.,-0.14693949770592,0.989145481723458));
#3066=DIRECTION('',(0.,1.,-6.123233995737E-17));
#3067=DIRECTION('center_axis',(0.,-1.,6.123233995737E-17));
#3068=DIRECTION('ref_axis',(0.,6.123233995737E-17,1.));
#3069=DIRECTION('',(-1.,-2.891205793295E-15,1.770352960217E-31));
#3070=DIRECTION('',(1.,0.,0.));
#3071=DIRECTION('center_axis',(0.,-6.123233995737E-17,-1.));
#3072=DIRECTION('ref_axis',(-1.,0.,0.));
#3073=DIRECTION('',(-1.,-2.891205793295E-15,1.770352960217E-31));
#3074=DIRECTION('',(-1.,-2.891205793295E-15,1.770352960217E-31));
#3075=DIRECTION('center_axis',(0.,-6.123233995737E-17,-1.));
#3076=DIRECTION('ref_axis',(-1.,0.,0.));
#3077=DIRECTION('center_axis',(-2.85982314716843E-15,0.989145481723458,
0.14693949770592));
#3078=DIRECTION('ref_axis',(-9.86076131525725E-32,0.14693949770592,-0.989145481723458));
#3079=DIRECTION('center_axis',(2.85982314716843E-15,-0.989145481723458,
0.14693949770592));
#3080=DIRECTION('ref_axis',(0.,0.14693949770592,0.989145481723458));
#3081=DIRECTION('center_axis',(3.614007241618E-15,-1.,6.123233995737E-17));
#3082=DIRECTION('ref_axis',(-1.,-3.614007241618E-15,2.212941200272E-31));
#3083=DIRECTION('',(0.,6.123233995737E-17,1.));
#3084=DIRECTION('',(-1.,-2.891205793295E-15,1.770352960217E-31));
#3085=DIRECTION('',(0.,6.123233995737E-17,1.));
#3086=DIRECTION('',(1.,3.614007241618E-15,-2.212941200272E-31));
#3087=DIRECTION('center_axis',(-1.,-2.891205793295E-15,1.770352960217E-31));
#3088=DIRECTION('ref_axis',(-2.891205793295E-15,1.,-6.123233995737E-17));
#3089=DIRECTION('',(2.891205793295E-15,-1.,6.123233995737E-17));
#3090=DIRECTION('',(-4.24832327029867E-16,0.14693949770592,0.989145481723458));
#3091=DIRECTION('',(2.891205793295E-15,-1.,6.123233995737E-17));
#3092=DIRECTION('',(0.,6.123233995737E-17,1.));
#3093=DIRECTION('',(-4.24832327029867E-16,0.14693949770592,-0.989145481723458));
#3094=DIRECTION('center_axis',(2.891205793295E-15,1.,-6.123233995737E-17));
#3095=DIRECTION('ref_axis',(1.,-2.891205793295E-15,1.770352960217E-31));
#3096=DIRECTION('',(0.,6.123233995737E-17,1.));
#3097=DIRECTION('',(-1.,-2.891205793295E-15,1.770352960217E-31));
#3098=DIRECTION('',(-1.,2.891205793295E-15,-1.770352960217E-31));
#3099=DIRECTION('center_axis',(1.,-2.891205793295E-15,1.770352960217E-31));
#3100=DIRECTION('ref_axis',(-2.891205793295E-15,-1.,6.123233995737E-17));
#3101=DIRECTION('',(-4.24034177523168E-16,0.14693949770592,0.989145481723458));
#3102=DIRECTION('',(2.891205793295E-15,1.,-6.123233995737E-17));
#3103=DIRECTION('',(-4.24034177523168E-16,0.14693949770592,-0.989145481723458));
#3104=DIRECTION('',(2.891205793295E-15,1.,-6.123233995737E-17));
#3105=DIRECTION('center_axis',(0.,-6.123233995737E-17,-1.));
#3106=DIRECTION('ref_axis',(-1.,0.,0.));
#3107=DIRECTION('',(-1.,-2.891205793295E-15,1.770352960217E-31));
#3108=DIRECTION('',(1.,2.891205793295E-15,-1.770352960217E-31));
#3109=DIRECTION('center_axis',(0.,-6.123233995737E-17,-1.));
#3110=DIRECTION('ref_axis',(-1.,0.,0.));
#3111=DIRECTION('center_axis',(-2.85982314716843E-15,0.989145481723458,
0.14693949770592));
#3112=DIRECTION('ref_axis',(-9.86076131525725E-32,0.14693949770592,-0.989145481723458));
#3113=DIRECTION('center_axis',(2.85982314716843E-15,-0.989145481723458,
0.14693949770592));
#3114=DIRECTION('ref_axis',(0.,0.14693949770592,0.989145481723458));
#3115=DIRECTION('center_axis',(3.614007241618E-16,-1.,6.123233995737E-17));
#3116=DIRECTION('ref_axis',(-1.,-3.614007241618E-16,2.212941200272E-32));
#3117=DIRECTION('',(0.,6.123233995737E-17,1.));
#3118=DIRECTION('',(-1.,-2.891205793295E-15,1.770352960217E-31));
#3119=DIRECTION('',(0.,6.123233995737E-17,1.));
#3120=DIRECTION('',(1.,3.614007241618E-16,-2.212941200272E-32));
#3121=DIRECTION('center_axis',(-1.,0.,0.));
#3122=DIRECTION('ref_axis',(0.,6.123233995737E-17,1.));
#3123=DIRECTION('',(0.,-1.,6.123233995737E-17));
#3124=DIRECTION('',(0.,0.14693949770592,0.989145481723458));
#3125=DIRECTION('',(0.,-1.,6.123233995737E-17));
#3126=DIRECTION('',(0.,6.123233995737E-17,1.));
#3127=DIRECTION('',(0.,0.14693949770592,-0.989145481723458));
#3128=DIRECTION('center_axis',(3.614007241618E-16,1.,-6.123233995737E-17));
#3129=DIRECTION('ref_axis',(1.,-3.614007241618E-16,2.212941200272E-32));
#3130=DIRECTION('',(0.,6.123233995737E-17,1.));
#3131=DIRECTION('',(-1.,-2.891205793295E-15,1.770352960217E-31));
#3132=DIRECTION('',(-1.,3.614007241618E-16,-2.212941200272E-32));
#3133=DIRECTION('center_axis',(1.,0.,0.));
#3134=DIRECTION('ref_axis',(0.,-6.123233995737E-17,-1.));
#3135=DIRECTION('',(-4.24034177523168E-16,0.14693949770592,0.989145481723458));
#3136=DIRECTION('',(0.,1.,-6.123233995737E-17));
#3137=DIRECTION('',(-4.24034177523168E-16,0.14693949770592,-0.989145481723458));
#3138=DIRECTION('',(0.,1.,-6.123233995737E-17));
#3139=DIRECTION('center_axis',(0.,-6.123233995737E-17,-1.));
#3140=DIRECTION('ref_axis',(-1.,0.,0.));
#3141=DIRECTION('',(-1.,-2.891205793295E-15,1.770352960217E-31));
#3142=DIRECTION('',(1.,2.891205793295E-15,-1.770352960217E-31));
#3143=DIRECTION('center_axis',(0.,-6.123233995737E-17,-1.));
#3144=DIRECTION('ref_axis',(-1.,0.,0.));
#3145=DIRECTION('center_axis',(-2.85982314716843E-15,0.989145481723458,
0.14693949770592));
#3146=DIRECTION('ref_axis',(0.,0.14693949770592,-0.989145481723458));
#3147=DIRECTION('center_axis',(2.85982314716843E-15,-0.989145481723458,
0.14693949770592));
#3148=DIRECTION('ref_axis',(0.,0.14693949770592,0.989145481723458));
#3149=DIRECTION('center_axis',(0.,-6.123233995737E-17,-1.));
#3150=DIRECTION('ref_axis',(-1.,0.,0.));
#3151=DIRECTION('center_axis',(0.,6.123233995737E-17,1.));
#3152=DIRECTION('ref_axis',(1.,0.,0.));
#3153=DIRECTION('',(0.,-6.123233995737E-17,-1.));
#3154=DIRECTION('center_axis',(0.,6.123233995737E-17,1.));
#3155=DIRECTION('ref_axis',(1.,0.,0.));
#3156=DIRECTION('',(0.,-6.123233995737E-17,-1.));
#3157=DIRECTION('center_axis',(0.,-1.,6.123233995737E-17));
#3158=DIRECTION('ref_axis',(0.,-6.123233995737E-17,-1.));
#3159=DIRECTION('',(-1.,0.,0.));
#3160=DIRECTION('',(8.393823270856E-16,-6.123233995737E-17,-1.));
#3161=DIRECTION('',(-1.,0.,0.));
#3162=DIRECTION('',(-2.797941090285E-16,6.123233995737E-17,1.));
#3163=DIRECTION('',(-1.,0.,0.));
#3164=DIRECTION('',(0.,-6.123233995737E-17,-1.));
#3165=DIRECTION('',(-1.,0.,0.));
#3166=DIRECTION('',(-1.,0.,0.));
#3167=DIRECTION('',(-5.421010862428E-17,-6.123233995737E-17,-1.));
#3168=DIRECTION('',(1.,0.,0.));
#3169=DIRECTION('',(-2.710505431214E-17,6.123233995737E-17,1.));
#3170=DIRECTION('',(-1.,0.,0.));
#3171=DIRECTION('',(-5.421010862428E-17,-6.123233995737E-17,-1.));
#3172=DIRECTION('',(1.,-5.311058880652E-32,-8.673617379884E-16));
#3173=DIRECTION('',(0.,6.123233995737E-17,1.));
#3174=DIRECTION('center_axis',(0.,-6.123233995737E-17,-1.));
#3175=DIRECTION('ref_axis',(-1.,0.,0.));
#3176=DIRECTION('center_axis',(0.,6.123233995737E-17,1.));
#3177=DIRECTION('ref_axis',(1.,0.,0.));
#3178=DIRECTION('',(0.,-6.123233995737E-17,-1.));
#3179=DIRECTION('center_axis',(0.,6.123233995737E-17,1.));
#3180=DIRECTION('ref_axis',(1.,0.,0.));
#3181=DIRECTION('center_axis',(1.,1.314184451498E-16,-8.047058910079E-33));
#3182=DIRECTION('ref_axis',(-1.314184451498E-16,1.,-6.123233995737E-17));
#3183=DIRECTION('',(1.314184451498E-16,-1.,6.123233995737E-17));
#3184=DIRECTION('',(0.,-6.123233995737E-17,-1.));
#3185=DIRECTION('',(1.314184451498E-16,-1.,6.123233995737E-17));
#3186=DIRECTION('center_axis',(0.,-6.123233995737E-17,-1.));
#3187=DIRECTION('ref_axis',(-1.,0.,0.));
#3188=DIRECTION('center_axis',(0.,6.123233995737E-17,1.));
#3189=DIRECTION('ref_axis',(1.,0.,0.));
#3190=DIRECTION('',(0.,-6.123233995737E-17,-1.));
#3191=DIRECTION('center_axis',(0.,6.123233995737E-17,1.));
#3192=DIRECTION('ref_axis',(1.,0.,0.));
#3193=DIRECTION('center_axis',(0.,1.,-6.123233995737E-17));
#3194=DIRECTION('ref_axis',(0.,6.123233995737E-17,1.));
#3195=DIRECTION('',(1.,0.,0.));
#3196=DIRECTION('',(0.,-6.123233995737E-17,-1.));
#3197=DIRECTION('',(1.,0.,0.));
#3198=DIRECTION('',(0.,6.123233995737E-17,1.));
#3199=DIRECTION('',(1.,0.,0.));
#3200=DIRECTION('',(0.,-6.123233995737E-17,-1.));
#3201=DIRECTION('',(1.,0.,0.));
#3202=DIRECTION('',(1.,0.,0.));
#3203=DIRECTION('',(1.084202172486E-16,-6.123233995737E-17,-1.));
#3204=DIRECTION('',(-1.,0.,0.));
#3205=DIRECTION('',(-1.084202172486E-16,6.123233995737E-17,1.));
#3206=DIRECTION('center_axis',(0.,-6.123233995737E-17,-1.));
#3207=DIRECTION('ref_axis',(-1.,0.,0.));
#3208=DIRECTION('center_axis',(0.,6.123233995737E-17,1.));
#3209=DIRECTION('ref_axis',(1.,0.,0.));
#3210=DIRECTION('',(0.,-6.123233995737E-17,-1.));
#3211=DIRECTION('center_axis',(0.,6.123233995737E-17,1.));
#3212=DIRECTION('ref_axis',(1.,0.,0.));
#3213=DIRECTION('center_axis',(-1.,-1.314184451498E-16,8.047058910079E-33));
#3214=DIRECTION('ref_axis',(1.314184451498E-16,-1.,6.123233995737E-17));
#3215=DIRECTION('',(-1.314184451498E-16,1.,-6.123233995737E-17));
#3216=DIRECTION('',(-1.314184451498E-16,1.,-6.123233995737E-17));
#3217=DIRECTION('center_axis',(0.,6.123233995737E-17,1.));
#3218=DIRECTION('ref_axis',(1.,0.,0.));
#3219=DIRECTION('center_axis',(0.,6.123233995737E-17,1.));
#3220=DIRECTION('ref_axis',(1.,0.,0.));
#3221=DIRECTION('',(0.,-1.,6.123233995737E-17));
#3222=DIRECTION('',(-1.,-1.204669080539E-16,7.376470667572E-33));
#3223=DIRECTION('',(0.,-1.,6.123233995737E-17));
#3224=DIRECTION('',(0.,-1.,6.123233995737E-17));
#3225=DIRECTION('',(-1.,-1.204669080539E-16,7.376470667572E-33));
#3226=DIRECTION('',(0.,-1.,6.123233995737E-17));
#3227=DIRECTION('',(0.,1.,-6.123233995737E-17));
#3228=DIRECTION('',(1.,-1.204669080539E-16,7.376470667572E-33));
#3229=DIRECTION('',(0.,1.,-6.123233995737E-17));
#3230=DIRECTION('',(0.,1.,-6.123233995737E-17));
#3231=DIRECTION('',(1.,-1.204669080539E-16,7.376470667572E-33));
#3232=DIRECTION('',(0.,1.,-6.123233995737E-17));
#3233=DIRECTION('',(0.,1.,-6.123233995737E-17));
#3234=DIRECTION('',(1.,-1.204669080539E-16,7.376470667572E-33));
#3235=DIRECTION('',(0.,1.,-6.123233995737E-17));
#3236=DIRECTION('center_axis',(1.,5.139734400631E-32,8.393823270856E-16));
#3237=DIRECTION('ref_axis',(8.393823270856E-16,-6.123233995737E-17,-1.));
#3238=DIRECTION('',(8.393823270856E-16,-6.123233995737E-17,-1.));
#3239=DIRECTION('',(0.,1.,-6.123233995737E-17));
#3240=DIRECTION('center_axis',(0.,-6.123233995737E-17,-1.));
#3241=DIRECTION('ref_axis',(-1.,0.,0.));
#3242=DIRECTION('',(-1.,1.204669080539E-16,-7.376470667572E-33));
#3243=DIRECTION('',(0.,1.,-6.123233995737E-17));
#3244=DIRECTION('center_axis',(-1.,-1.71324480021E-32,-2.797941090285E-16));
#3245=DIRECTION('ref_axis',(-2.797941090285E-16,6.123233995737E-17,1.));
#3246=DIRECTION('',(-2.797941090285E-16,6.123233995737E-17,1.));
#3247=DIRECTION('center_axis',(1.,-3.319411800407E-33,-5.421010862428E-17));
#3248=DIRECTION('ref_axis',(-5.421010862428E-17,-6.123233995737E-17,-1.));
#3249=DIRECTION('',(-5.421010862428E-17,-6.123233995737E-17,-1.));
#3250=DIRECTION('',(0.,1.,-6.123233995737E-17));
#3251=DIRECTION('center_axis',(0.,6.123233995737E-17,1.));
#3252=DIRECTION('ref_axis',(1.,0.,0.));
#3253=DIRECTION('',(1.,-1.204669080539E-16,7.376470667572E-33));
#3254=DIRECTION('',(0.,1.,-6.123233995737E-17));
#3255=DIRECTION('center_axis',(-1.,-1.659705900204E-33,-2.710505431214E-17));
#3256=DIRECTION('ref_axis',(-2.710505431214E-17,6.123233995737E-17,1.));
#3257=DIRECTION('',(-2.710505431214E-17,6.123233995737E-17,1.));
#3258=DIRECTION('center_axis',(1.,-3.319411800407E-33,-5.421010862428E-17));
#3259=DIRECTION('ref_axis',(-5.421010862428E-17,-6.123233995737E-17,-1.));
#3260=DIRECTION('',(-5.421010862428E-17,-6.123233995737E-17,-1.));
#3261=DIRECTION('',(0.,1.,-6.123233995737E-17));
#3262=DIRECTION('center_axis',(8.673617379884E-16,6.123233995737E-17,1.));
#3263=DIRECTION('ref_axis',(1.,-5.311058880652E-32,-8.673617379884E-16));
#3264=DIRECTION('',(1.,-1.204669080539E-16,-8.673617379884E-16));
#3265=DIRECTION('',(0.,1.,-6.123233995737E-17));
#3266=DIRECTION('center_axis',(-1.,0.,0.));
#3267=DIRECTION('ref_axis',(0.,6.123233995737E-17,1.));
#3268=DIRECTION('',(0.,6.123233995737E-17,1.));
#3269=DIRECTION('center_axis',(-1.204669080539E-16,-1.,6.123233995737E-17));
#3270=DIRECTION('ref_axis',(1.,-1.204669080539E-16,7.376470667572E-33));
#3271=DIRECTION('center_axis',(1.,0.,0.));
#3272=DIRECTION('ref_axis',(0.,-6.123233995737E-17,-1.));
#3273=DIRECTION('',(0.,-1.,6.123233995737E-17));
#3274=DIRECTION('',(0.,6.123233995737E-17,1.));
#3275=DIRECTION('center_axis',(-1.,-6.638823600815E-33,-1.084202172486E-16));
#3276=DIRECTION('ref_axis',(-1.084202172486E-16,6.123233995737E-17,1.));
#3277=DIRECTION('',(1.084202172486E-16,-6.123233995737E-17,-1.));
#3278=DIRECTION('',(0.,-1.,6.123233995737E-17));
#3279=DIRECTION('center_axis',(0.,6.123233995737E-17,1.));
#3280=DIRECTION('ref_axis',(1.,0.,0.));
#3281=DIRECTION('',(-1.,-1.204669080539E-16,7.376470667572E-33));
#3282=DIRECTION('',(0.,-1.,6.123233995737E-17));
#3283=DIRECTION('center_axis',(1.,6.638823600815E-33,1.084202172486E-16));
#3284=DIRECTION('ref_axis',(1.084202172486E-16,-6.123233995737E-17,-1.));
#3285=DIRECTION('',(-1.084202172486E-16,6.123233995737E-17,1.));
#3286=DIRECTION('center_axis',(-1.,0.,0.));
#3287=DIRECTION('ref_axis',(0.,6.123233995737E-17,1.));
#3288=DIRECTION('',(0.,-6.123233995737E-17,-1.));
#3289=DIRECTION('',(0.,-1.,6.123233995737E-17));
#3290=DIRECTION('center_axis',(0.,-6.123233995737E-17,-1.));
#3291=DIRECTION('ref_axis',(-1.,0.,0.));
#3292=DIRECTION('',(1.,1.204669080539E-16,-7.376470667572E-33));
#3293=DIRECTION('center_axis',(-1.204669080539E-16,1.,-6.123233995737E-17));
#3294=DIRECTION('ref_axis',(-1.,-1.204669080539E-16,7.376470667572E-33));
#3295=DIRECTION('center_axis',(0.,-1.,6.123233995737E-17));
#3296=DIRECTION('ref_axis',(0.,-6.123233995737E-17,-1.));
#3297=DIRECTION('',(0.,-6.123233995737E-17,-1.));
#3298=DIRECTION('',(1.,0.,0.));
#3299=DIRECTION('',(0.,-6.123233995737E-17,-1.));
#3300=DIRECTION('',(-1.,0.,0.));
#3301=DIRECTION('center_axis',(0.,1.,-6.123233995737E-17));
#3302=DIRECTION('ref_axis',(0.,6.123233995737E-17,1.));
#3303=DIRECTION('',(0.,-6.123233995737E-17,-1.));
#3304=DIRECTION('',(1.,0.,0.));
#3305=DIRECTION('',(0.,-6.123233995737E-17,-1.));
#3306=DIRECTION('',(1.,0.,0.));
#3307=DIRECTION('',(7.228014483237E-16,6.123233995737E-17,1.));
#3308=DIRECTION('',(1.,0.,0.));
#3309=DIRECTION('',(7.228014483237E-16,-6.123233995737E-17,-1.));
#3310=DIRECTION('',(1.,0.,0.));
#3311=DIRECTION('center_axis',(0.,6.123233995737E-17,1.));
#3312=DIRECTION('ref_axis',(1.,0.,0.));
#3313=DIRECTION('',(0.,-1.,6.123233995737E-17));
#3314=DIRECTION('',(-1.,0.,0.));
#3315=DIRECTION('',(0.,-1.,6.123233995737E-17));
#3316=DIRECTION('center_axis',(-1.,-1.141265444722E-16,6.988235369279E-33));
#3317=DIRECTION('ref_axis',(1.141265444722E-16,-1.,6.123233995737E-17));
#3318=DIRECTION('',(-1.141265444722E-16,1.,-6.123233995737E-17));
#3319=DIRECTION('',(0.,-6.123233995737E-17,-1.));
#3320=DIRECTION('',(-1.141265444722E-16,1.,-6.123233995737E-17));
#3321=DIRECTION('',(0.,-6.123233995737E-17,-1.));
#3322=DIRECTION('center_axis',(0.,-1.,6.123233995737E-17));
#3323=DIRECTION('ref_axis',(0.,-6.123233995737E-17,-1.));
#3324=DIRECTION('',(-1.,0.,0.));
#3325=DIRECTION('',(0.,-6.123233995737E-17,-1.));
#3326=DIRECTION('',(-1.,0.,0.));
#3327=DIRECTION('center_axis',(1.,5.706327223608E-17,-3.494117684639E-33));
#3328=DIRECTION('ref_axis',(-5.706327223608E-17,1.,-6.123233995737E-17));
#3329=DIRECTION('',(5.706327223608E-17,-1.,6.123233995737E-17));
#3330=DIRECTION('',(0.,-6.123233995737E-17,-1.));
#3331=DIRECTION('',(5.706327223608E-17,-1.,6.123233995737E-17));
#3332=DIRECTION('center_axis',(0.,1.,-6.123233995737E-17));
#3333=DIRECTION('ref_axis',(0.,6.123233995737E-17,1.));
#3334=DIRECTION('',(1.,0.,0.));
#3335=DIRECTION('',(1.,0.,0.));
#3336=DIRECTION('center_axis',(0.,6.123233995737E-17,1.));
#3337=DIRECTION('ref_axis',(1.,0.,0.));
#3338=DIRECTION('',(0.,1.,-6.123233995737E-17));
#3339=DIRECTION('',(1.,0.,0.));
#3340=DIRECTION('',(0.,-1.,6.123233995737E-17));
#3341=DIRECTION('center_axis',(0.,6.123233995737E-17,1.));
#3342=DIRECTION('ref_axis',(1.,0.,0.));
#3343=DIRECTION('center_axis',(-1.,0.,0.));
#3344=DIRECTION('ref_axis',(0.,6.123233995737E-17,1.));
#3345=DIRECTION('',(0.,-1.,6.123233995737E-17));
#3346=DIRECTION('',(0.,-5.704426067741E-17,1.));
#3347=DIRECTION('',(0.,1.,-6.123233995737E-17));
#3348=DIRECTION('',(0.,-6.123233995737E-17,-1.));
#3349=DIRECTION('',(0.,1.,-6.123233995737E-17));
#3350=DIRECTION('',(0.,-1.795089405921E-16,-1.));
#3351=DIRECTION('',(0.,-1.,6.123233995737E-17));
#3352=DIRECTION('',(0.,-6.123233995737E-17,-1.));
#3353=DIRECTION('',(0.,1.,-6.123233995737E-17));
#3354=DIRECTION('center_axis',(0.,-1.,6.123233995737E-17));
#3355=DIRECTION('ref_axis',(0.,-6.123233995737E-17,-1.));
#3356=DIRECTION('',(1.,0.,0.));
#3357=DIRECTION('',(0.,-6.123233995737E-17,-1.));
#3358=DIRECTION('',(-7.228014483237E-16,6.123233995737E-17,1.));
#3359=DIRECTION('',(-1.,0.,0.));
#3360=DIRECTION('',(-7.228014483237E-16,-6.123233995737E-17,-1.));
#3361=DIRECTION('',(-1.,0.,0.));
#3362=DIRECTION('center_axis',(1.,0.,0.));
#3363=DIRECTION('ref_axis',(0.,-6.123233995737E-17,-1.));
#3364=DIRECTION('',(0.,5.704426067741E-17,-1.));
#3365=DIRECTION('',(0.,1.,-6.123233995737E-17));
#3366=DIRECTION('',(0.,1.,-6.123233995737E-17));
#3367=DIRECTION('',(0.,1.795089405921E-16,1.));
#3368=DIRECTION('',(0.,-1.,6.123233995737E-17));
#3369=DIRECTION('',(0.,-6.123233995737E-17,-1.));
#3370=DIRECTION('',(0.,-1.,6.123233995737E-17));
#3371=DIRECTION('center_axis',(0.,1.,-6.123233995737E-17));
#3372=DIRECTION('ref_axis',(0.,6.123233995737E-17,1.));
#3373=DIRECTION('',(1.,0.,0.));
#3374=DIRECTION('center_axis',(0.,6.123233995737E-17,1.));
#3375=DIRECTION('ref_axis',(1.,0.,0.));
#3376=DIRECTION('',(0.,-1.,6.123233995737E-17));
#3377=DIRECTION('center_axis',(-1.,-4.425882400543E-32,-7.228014483237E-16));
#3378=DIRECTION('ref_axis',(-7.228014483237E-16,6.123233995737E-17,1.));
#3379=DIRECTION('',(0.,-1.,6.123233995737E-17));
#3380=DIRECTION('center_axis',(1.,-4.425882400543E-32,-7.228014483237E-16));
#3381=DIRECTION('ref_axis',(-7.228014483237E-16,-6.123233995737E-17,-1.));
#3382=DIRECTION('',(0.,-1.,6.123233995737E-17));
#3383=DIRECTION('center_axis',(0.,-6.123233995737E-17,-1.));
#3384=DIRECTION('ref_axis',(-1.,0.,0.));
#3385=DIRECTION('center_axis',(0.,6.123233995737E-17,1.));
#3386=DIRECTION('ref_axis',(1.,0.,0.));
#3387=DIRECTION('',(1.,0.,0.));
#3388=DIRECTION('center_axis',(0.,1.,5.704426067741E-17));
#3389=DIRECTION('ref_axis',(0.,-5.704426067741E-17,1.));
#3390=DIRECTION('',(1.,0.,0.));
#3391=DIRECTION('center_axis',(0.,-6.123233995737E-17,-1.));
#3392=DIRECTION('ref_axis',(-1.,0.,0.));
#3393=DIRECTION('center_axis',(0.,-6.123233995737E-17,-1.));
#3394=DIRECTION('ref_axis',(-1.,0.,0.));
#3395=DIRECTION('',(1.,0.,0.));
#3396=DIRECTION('center_axis',(0.,-1.,1.795089405921E-16));
#3397=DIRECTION('ref_axis',(0.,-1.795089405921E-16,-1.));
#3398=DIRECTION('',(1.,0.,0.));
#3399=DIRECTION('center_axis',(0.,6.123233995737E-17,1.));
#3400=DIRECTION('ref_axis',(1.,0.,0.));
#3401=DIRECTION('',(-4.60346043157883E-16,7.55091663735027E-17,1.));
#3402=DIRECTION('',(1.,8.88178419700124E-16,6.38378239159466E-16));
#3403=DIRECTION('',(0.,0.,1.));
#3404=DIRECTION('',(1.,0.,0.));
#3405=CARTESIAN_POINT('',(0.,0.,0.));
#3406=CARTESIAN_POINT('',(0.,0.,0.));
#3407=CARTESIAN_POINT('',(0.,0.,0.));
#3408=CARTESIAN_POINT('Origin',(-0.021,-0.529136638605,4.700018655369));
#3409=CARTESIAN_POINT('',(-3.320999987113,-4.029136624936,4.700018655369));
#3410=CARTESIAN_POINT('',(-1.82099999297,-4.029136624936,4.700018655369));
#3411=CARTESIAN_POINT('',(-3.520999986331,-4.029136624936,4.700018655369));
#3412=CARTESIAN_POINT('',(-3.520999986331,-3.829136625717,4.700018655369));
#3413=CARTESIAN_POINT('Origin',(-3.320999987113,-3.829136625717,4.700018655369));
#3414=CARTESIAN_POINT('',(-3.520999986331,2.770863348508,4.700018655369));
#3415=CARTESIAN_POINT('',(-3.520999986331,2.970863347727,4.700018655369));
#3416=CARTESIAN_POINT('',(-3.320999987113,2.970863347727,4.700018655369));
#3417=CARTESIAN_POINT('Origin',(-3.320999987113,2.770863348508,4.700018655369));
#3418=CARTESIAN_POINT('',(-1.82099999297,2.970863347727,4.700018655369));
#3419=CARTESIAN_POINT('',(-3.520999986331,2.970863347727,4.700018655369));
#3420=CARTESIAN_POINT('',(-1.82099999297,-4.029136624936,4.700018655369));
#3421=CARTESIAN_POINT('Origin',(-1.82099999297,2.470863349679,4.700018655369));
#3422=CARTESIAN_POINT('',(1.77899999297,2.470863349679,5.100018653807));
#3423=CARTESIAN_POINT('',(1.77899999297,2.470863349679,8.2000186417));
#3424=CARTESIAN_POINT('',(1.77899999297,2.470863349679,4.700018655369));
#3425=CARTESIAN_POINT('',(-1.82099999297,2.470863349679,5.100018653807));
#3426=CARTESIAN_POINT('',(-1.82099999297,2.470863349679,5.100018653807));
#3427=CARTESIAN_POINT('',(-1.82099999297,2.470863349679,8.2000186417));
#3428=CARTESIAN_POINT('',(-1.82099999297,2.470863349679,4.700018655369));
#3429=CARTESIAN_POINT('',(-0.770999997071,2.470863349679,8.2000186417));
#3430=CARTESIAN_POINT('',(-1.82099999297,2.470863349679,8.2000186417));
#3431=CARTESIAN_POINT('',(-0.770999997071,2.470863349679,6.200018649511));
#3432=CARTESIAN_POINT('',(-0.770999997071,2.470863349679,8.2000186417));
#3433=CARTESIAN_POINT('',(-0.270999999024,2.470863349679,6.200018649511));
#3434=CARTESIAN_POINT('',(-0.270999999024,2.470863349679,6.200018649511));
#3435=CARTESIAN_POINT('',(-0.270999999024,2.470863349679,8.2000186417));
#3436=CARTESIAN_POINT('',(-0.270999999024,2.470863349679,8.2000186417));
#3437=CARTESIAN_POINT('',(0.228999999024,2.470863349679,8.2000186417));
#3438=CARTESIAN_POINT('',(-1.82099999297,2.470863349679,8.2000186417));
#3439=CARTESIAN_POINT('',(0.228999999024,2.470863349679,6.200018649511));
#3440=CARTESIAN_POINT('',(0.228999999024,2.470863349679,8.2000186417));
#3441=CARTESIAN_POINT('',(0.728999997071,2.470863349679,6.200018649511));
#3442=CARTESIAN_POINT('',(0.728999997071,2.470863349679,6.200018649511));
#3443=CARTESIAN_POINT('',(0.728999997071,2.470863349679,8.2000186417));
#3444=CARTESIAN_POINT('',(0.728999997071,2.470863349679,8.2000186417));
#3445=CARTESIAN_POINT('',(-1.82099999297,2.470863349679,8.2000186417));
#3446=CARTESIAN_POINT('Origin',(-1.82099999297,-3.529136626889,4.700018655369));
#3447=CARTESIAN_POINT('',(-1.82099999297,-3.529136626889,5.100018653807));
#3448=CARTESIAN_POINT('',(-1.82099999297,-3.529136626889,8.2000186417));
#3449=CARTESIAN_POINT('',(-1.82099999297,-3.529136626889,4.700018655369));
#3450=CARTESIAN_POINT('',(1.77899999297,-3.529136626889,5.100018653807));
#3451=CARTESIAN_POINT('',(-1.82099999297,-3.529136626889,5.100018653807));
#3452=CARTESIAN_POINT('',(1.77899999297,-3.529136626889,8.2000186417));
#3453=CARTESIAN_POINT('',(1.77899999297,-3.529136626889,4.700018655369));
#3454=CARTESIAN_POINT('',(0.728999997071,-3.529136626889,8.2000186417));
#3455=CARTESIAN_POINT('',(-1.82099999297,-3.529136626889,8.2000186417));
#3456=CARTESIAN_POINT('',(0.728999997071,-3.529136626889,6.200018649511));
#3457=CARTESIAN_POINT('',(0.728999997071,-3.529136626889,8.2000186417));
#3458=CARTESIAN_POINT('',(-0.770999997071,-3.529136626889,6.200018649511));
#3459=CARTESIAN_POINT('',(-0.770999997071,-3.529136626889,6.200018649511));
#3460=CARTESIAN_POINT('',(-0.770999997071,-3.529136626889,8.2000186417));
#3461=CARTESIAN_POINT('',(-0.770999997071,-3.529136626889,8.2000186417));
#3462=CARTESIAN_POINT('',(-1.82099999297,-3.529136626889,8.2000186417));
#3463=CARTESIAN_POINT('Origin',(-3.520999986331,2.970863347727,8.2000186417));
#3464=CARTESIAN_POINT('',(3.278999987113,2.970863347727,8.2000186417));
#3465=CARTESIAN_POINT('',(1.77899999297,2.970863347727,8.2000186417));
#3466=CARTESIAN_POINT('',(-3.520999986331,2.970863347727,8.2000186417));
#3467=CARTESIAN_POINT('',(3.278999987113,2.970863347727,4.700018655369));
#3468=CARTESIAN_POINT('',(3.278999987113,2.970863347727,8.2000186417));
#3469=CARTESIAN_POINT('',(1.77899999297,2.970863347727,4.700018655369));
#3470=CARTESIAN_POINT('',(-3.520999986331,2.970863347727,4.700018655369));
#3471=CARTESIAN_POINT('',(1.77899999297,2.970863347727,4.700018655369));
#3472=CARTESIAN_POINT('Origin',(-3.520999986331,-4.029136624936,8.2000186417));
#3473=CARTESIAN_POINT('',(-3.320999987113,-4.029136624936,8.2000186417));
#3474=CARTESIAN_POINT('',(-1.82099999297,-4.029136624936,8.2000186417));
#3475=CARTESIAN_POINT('',(-3.520999986331,-4.029136624936,8.2000186417));
#3476=CARTESIAN_POINT('',(-3.320999987113,-4.029136624936,8.2000186417));
#3477=CARTESIAN_POINT('',(-1.82099999297,-4.029136624936,4.700018655369));
#3478=CARTESIAN_POINT('Origin',(3.478999986331,2.970863347727,8.2000186417));
#3479=CARTESIAN_POINT('',(3.478999986331,-3.829136625717,8.2000186417));
#3480=CARTESIAN_POINT('',(3.478999986331,2.770863348508,8.2000186417));
#3481=CARTESIAN_POINT('',(3.478999986331,2.970863347727,8.2000186417));
#3482=CARTESIAN_POINT('',(3.478999986331,-3.829136625717,4.700018655369));
#3483=CARTESIAN_POINT('',(3.478999986331,-3.829136625717,8.2000186417));
#3484=CARTESIAN_POINT('',(3.478999986331,2.770863348508,4.700018655369));
#3485=CARTESIAN_POINT('',(3.478999986331,2.970863347727,4.700018655369));
#3486=CARTESIAN_POINT('',(3.478999986331,2.770863348508,8.2000186417));
#3487=CARTESIAN_POINT('Origin',(-3.520999986331,2.970863347727,8.2000186417));
#3488=CARTESIAN_POINT('',(-3.320999987113,2.970863347727,8.2000186417));
#3489=CARTESIAN_POINT('',(-3.320999987113,2.970863347727,8.2000186417));
#3490=CARTESIAN_POINT('',(-1.82099999297,2.970863347727,8.2000186417));
#3491=CARTESIAN_POINT('',(-3.520999986331,2.970863347727,8.2000186417));
#3492=CARTESIAN_POINT('',(-1.82099999297,2.970863347727,4.700018655369));
#3493=CARTESIAN_POINT('Origin',(-3.520999986331,2.970863347727,8.2000186417));
#3494=CARTESIAN_POINT('',(-3.520999986331,-3.829136625717,8.2000186417));
#3495=CARTESIAN_POINT('',(-3.520999986331,-3.829136625717,8.2000186417));
#3496=CARTESIAN_POINT('',(-3.520999986331,2.770863348508,8.2000186417));
#3497=CARTESIAN_POINT('',(-3.520999986331,2.970863347727,8.2000186417));
#3498=CARTESIAN_POINT('',(-3.520999986331,2.770863348508,8.2000186417));
#3499=CARTESIAN_POINT('Origin',(-3.520999986331,-4.029136624936,8.2000186417));
#3500=CARTESIAN_POINT('',(1.77899999297,-4.029136624936,4.700018655369));
#3501=CARTESIAN_POINT('',(3.278999987113,-4.029136624936,4.700018655369));
#3502=CARTESIAN_POINT('',(-3.520999986331,-4.029136624936,4.700018655369));
#3503=CARTESIAN_POINT('',(3.278999987113,-4.029136624936,8.2000186417));
#3504=CARTESIAN_POINT('',(3.278999987113,-4.029136624936,8.2000186417));
#3505=CARTESIAN_POINT('',(1.77899999297,-4.029136624936,8.2000186417));
#3506=CARTESIAN_POINT('',(-3.520999986331,-4.029136624936,8.2000186417));
#3507=CARTESIAN_POINT('',(1.77899999297,-4.029136624936,4.700018655369));
#3508=CARTESIAN_POINT('Origin',(-0.021,-0.529136638605,8.2000186417));
#3509=CARTESIAN_POINT('Origin',(-3.320999987113,-3.829136625717,8.2000186417));
#3510=CARTESIAN_POINT('',(-1.82099999297,-4.029136624936,8.2000186417));
#3511=CARTESIAN_POINT('',(-0.770999997071,-4.029136624936,8.2000186417));
#3512=CARTESIAN_POINT('',(-0.770999997071,-6.529136615173,8.2000186417));
#3513=CARTESIAN_POINT('',(0.728999997071,-4.029136624936,8.2000186417));
#3514=CARTESIAN_POINT('',(-0.770999997071,-4.029136624936,8.2000186417));
#3515=CARTESIAN_POINT('',(0.728999997071,-6.529136615173,8.2000186417));
#3516=CARTESIAN_POINT('',(1.77899999297,-4.029136624936,8.2000186417));
#3517=CARTESIAN_POINT('Origin',(3.278999987113,-3.829136625717,8.2000186417));
#3518=CARTESIAN_POINT('Origin',(3.278999987113,2.770863348508,8.2000186417));
#3519=CARTESIAN_POINT('',(1.77899999297,2.970863347727,8.2000186417));
#3520=CARTESIAN_POINT('',(0.728999997071,2.970863347727,8.2000186417));
#3521=CARTESIAN_POINT('',(0.728999997071,5.032416152485,8.2000186417));
#3522=CARTESIAN_POINT('',(0.228999999024,2.970863347727,8.2000186417));
#3523=CARTESIAN_POINT('',(0.728999997071,2.970863347727,8.2000186417));
#3524=CARTESIAN_POINT('',(0.228999999024,5.032416152485,8.2000186417));
#3525=CARTESIAN_POINT('',(-0.270999999024,2.970863347727,8.2000186417));
#3526=CARTESIAN_POINT('',(-0.270999999024,5.032416152485,8.2000186417));
#3527=CARTESIAN_POINT('',(-0.770999997071,2.970863347727,8.2000186417));
#3528=CARTESIAN_POINT('',(-0.270999999024,2.970863347727,8.2000186417));
#3529=CARTESIAN_POINT('',(-0.770999997071,5.032416152485,8.2000186417));
#3530=CARTESIAN_POINT('',(-1.82099999297,2.970863347727,8.2000186417));
#3531=CARTESIAN_POINT('Origin',(-3.320999987113,2.770863348508,8.2000186417));
#3532=CARTESIAN_POINT('Origin',(-0.021,-0.529136638605,4.700018655369));
#3533=CARTESIAN_POINT('Origin',(3.278999987113,-3.829136625717,4.700018655369));
#3534=CARTESIAN_POINT('',(1.77899999297,-4.029136624936,4.700018655369));
#3535=CARTESIAN_POINT('Origin',(3.278999987113,2.770863348508,4.700018655369));
#3536=CARTESIAN_POINT('Origin',(-1.82099999297,-4.029136624936,4.700018655369));
#3537=CARTESIAN_POINT('',(-1.82099999297,2.970863347727,5.100018653807));
#3538=CARTESIAN_POINT('Origin',(1.77899999297,-4.029136624936,4.700018655369));
#3539=CARTESIAN_POINT('',(1.77899999297,2.970863347727,5.100018653807));
#3540=CARTESIAN_POINT('Origin',(0.728999997071,-6.529136615173,8.2000186417));
#3541=CARTESIAN_POINT('',(0.728999997071,-4.029136624936,6.200018649511));
#3542=CARTESIAN_POINT('',(0.728999997071,-4.029136624936,8.2000186417));
#3543=CARTESIAN_POINT('',(0.728999997071,-6.529136615173,6.200018649511));
#3544=CARTESIAN_POINT('Origin',(-0.770999997071,-6.529136615173,6.200018649511));
#3545=CARTESIAN_POINT('',(-0.770999997071,-4.029136624936,6.200018649511));
#3546=CARTESIAN_POINT('',(-0.770999997071,-4.029136624936,6.200018649511));
#3547=CARTESIAN_POINT('',(-0.770999997071,-6.529136615173,6.200018649511));
#3548=CARTESIAN_POINT('Origin',(-0.770999997071,-6.529136615173,8.2000186417));
#3549=CARTESIAN_POINT('',(-0.770999997071,-4.029136624936,8.2000186417));
#3550=CARTESIAN_POINT('Origin',(-3.520999986331,-4.029136624936,8.2000186417));
#3551=CARTESIAN_POINT('Origin',(0.228999999024,5.032416152485,8.2000186417));
#3552=CARTESIAN_POINT('',(0.228999999024,2.970863347727,6.200018649511));
#3553=CARTESIAN_POINT('',(0.228999999024,2.970863347727,8.2000186417));
#3554=CARTESIAN_POINT('',(0.228999999024,5.032416152485,6.200018649511));
#3555=CARTESIAN_POINT('Origin',(0.728999997071,5.032416152485,6.200018649511));
#3556=CARTESIAN_POINT('',(0.728999997071,2.970863347727,6.200018649511));
#3557=CARTESIAN_POINT('',(0.728999997071,2.970863347727,6.200018649511));
#3558=CARTESIAN_POINT('',(0.728999997071,5.032416152485,6.200018649511));
#3559=CARTESIAN_POINT('Origin',(0.728999997071,5.032416152485,8.2000186417));
#3560=CARTESIAN_POINT('',(0.728999997071,2.970863347727,8.2000186417));
#3561=CARTESIAN_POINT('Origin',(-3.520999986331,2.970863347727,8.2000186417));
#3562=CARTESIAN_POINT('Origin',(-0.770999997071,5.032416152485,8.2000186417));
#3563=CARTESIAN_POINT('',(-0.770999997071,2.970863347727,6.200018649511));
#3564=CARTESIAN_POINT('',(-0.770999997071,2.970863347727,8.2000186417));
#3565=CARTESIAN_POINT('',(-0.770999997071,5.032416152485,6.200018649511));
#3566=CARTESIAN_POINT('Origin',(-0.270999999024,5.032416152485,6.200018649511));
#3567=CARTESIAN_POINT('',(-0.270999999024,2.970863347727,6.200018649511));
#3568=CARTESIAN_POINT('',(-0.270999999024,2.970863347727,6.200018649511));
#3569=CARTESIAN_POINT('',(-0.270999999024,5.032416152485,6.200018649511));
#3570=CARTESIAN_POINT('Origin',(-0.270999999024,5.032416152485,8.2000186417));
#3571=CARTESIAN_POINT('',(-0.270999999024,2.970863347727,8.2000186417));
#3572=CARTESIAN_POINT('Origin',(-3.520999986331,2.970863347727,8.2000186417));
#3573=CARTESIAN_POINT('Origin',(-1.82099999297,2.970863347727,5.100018653807));
#3574=CARTESIAN_POINT('',(-0.520999998047,2.022063913015,5.100018653807));
#3575=CARTESIAN_POINT('',(0.478999998047,2.022063913015,5.100018653807));
#3576=CARTESIAN_POINT('',(-0.520999998047,2.022063913015,5.100018653807));
#3577=CARTESIAN_POINT('',(-0.520999998047,1.470863353585,5.100018653807));
#3578=CARTESIAN_POINT('',(-0.520999998047,1.470863353585,5.100018653807));
#3579=CARTESIAN_POINT('',(0.478999998047,1.470863353585,5.100018653807));
#3580=CARTESIAN_POINT('',(-0.520999998047,1.470863353585,5.100018653807));
#3581=CARTESIAN_POINT('',(0.478999998047,1.470863353585,5.100018653807));
#3582=CARTESIAN_POINT('Origin',(-3.320999987113,-3.829136625717,8.2000186417));
#3583=CARTESIAN_POINT('Origin',(3.278999987113,-3.829136625717,8.2000186417));
#3584=CARTESIAN_POINT('Origin',(3.278999987113,2.770863348508,8.2000186417));
#3585=CARTESIAN_POINT('Origin',(-3.320999987113,2.770863348508,8.2000186417));
#3586=CARTESIAN_POINT('Origin',(-0.520999998047,1.470863353585,6.100018649901));
#3587=CARTESIAN_POINT('',(-0.520999998047,2.022063913015,6.100018649901));
#3588=CARTESIAN_POINT('',(-0.520999998047,2.022063913015,6.100018649901));
#3589=CARTESIAN_POINT('',(-0.520999998047,1.470863353585,6.100018649901));
#3590=CARTESIAN_POINT('',(-0.520999998047,1.470863353585,6.100018649901));
#3591=CARTESIAN_POINT('',(-0.520999998047,1.470863353585,6.100018649901));
#3592=CARTESIAN_POINT('Origin',(-0.520999998047,1.470863353585,6.100018649901));
#3593=CARTESIAN_POINT('',(0.478999998047,1.470863353585,6.100018649901));
#3594=CARTESIAN_POINT('',(-0.520999998047,1.470863353585,6.100018649901));
#3595=CARTESIAN_POINT('',(0.478999998047,1.470863353585,6.100018649901));
#3596=CARTESIAN_POINT('Origin',(0.478999998047,1.470863353585,6.100018649901));
#3597=CARTESIAN_POINT('',(0.478999998047,2.022063913015,6.100018649901));
#3598=CARTESIAN_POINT('',(0.478999998047,1.470863353585,6.100018649901));
#3599=CARTESIAN_POINT('',(0.478999998047,2.022063913015,6.100018649901));
#3600=CARTESIAN_POINT('Origin',(-0.520999998047,2.022063913015,6.100018649901));
#3601=CARTESIAN_POINT('',(-0.520999998047,2.022063913015,6.100018649901));
#3602=CARTESIAN_POINT('Origin',(-0.021,-0.529136638605,6.100018649901));
#3603=CARTESIAN_POINT('Origin',(2.628999989651,1.770863352413,1.200018669037));
#3604=CARTESIAN_POINT('',(2.628999989651,1.170863354756,2.211667005749));
#3605=CARTESIAN_POINT('',(2.628999989651,1.170863354756,4.700018655369));
#3606=CARTESIAN_POINT('',(2.628999989651,1.170863354756,1.200018669037));
#3607=CARTESIAN_POINT('',(2.628999989651,1.321145695623,1.200018669037));
#3608=CARTESIAN_POINT('',(2.628999989651,1.170863354756,2.211667005749));
#3609=CARTESIAN_POINT('',(2.628999989651,1.620581011546,1.200018669037));
#3610=CARTESIAN_POINT('',(2.628999989651,1.770863352413,1.200018669037));
#3611=CARTESIAN_POINT('',(2.628999989651,1.770863352413,2.211667005749));
#3612=CARTESIAN_POINT('',(2.628999989651,1.770863352413,2.211667005749));
#3613=CARTESIAN_POINT('',(2.628999989651,1.770863352413,4.700018655369));
#3614=CARTESIAN_POINT('',(2.628999989651,1.770863352413,1.200018669037));
#3615=CARTESIAN_POINT('',(2.628999989651,1.770863352413,4.700018655369));
#3616=CARTESIAN_POINT('Origin',(2.628999989651,1.170863354756,1.200018669037));
#3617=CARTESIAN_POINT('',(2.328999990823,1.170863354756,2.211667005749));
#3618=CARTESIAN_POINT('',(2.328999990823,1.170863354756,4.700018655369));
#3619=CARTESIAN_POINT('',(2.328999990823,1.170863354756,1.200018669037));
#3620=CARTESIAN_POINT('',(3.651749782683,1.170863354756,2.211667005749));
#3621=CARTESIAN_POINT('',(2.628999989651,1.170863354756,4.700018655369));
#3622=CARTESIAN_POINT('Origin',(2.328999990823,1.770863352413,1.200018669037));
#3623=CARTESIAN_POINT('',(2.328999990823,1.321145695623,1.200018669037));
#3624=CARTESIAN_POINT('',(2.328999990823,1.620581011546,1.200018669037));
#3625=CARTESIAN_POINT('',(2.328999990823,1.770863352413,1.200018669037));
#3626=CARTESIAN_POINT('',(2.328999990823,1.330855646683,1.134654662972));
#3627=CARTESIAN_POINT('',(2.328999990823,1.770863352413,4.700018655369));
#3628=CARTESIAN_POINT('',(2.328999990823,1.770863352413,4.700018655369));
#3629=CARTESIAN_POINT('',(2.328999990823,1.770863352413,2.211667005749));
#3630=CARTESIAN_POINT('',(2.328999990823,1.770863352413,1.200018669037));
#3631=CARTESIAN_POINT('',(2.328999990823,1.623825790027,1.221861386777));
#3632=CARTESIAN_POINT('Origin',(2.628999989651,1.770863352413,1.200018669037));
#3633=CARTESIAN_POINT('',(3.651749782683,1.770863352413,2.211667005749));
#3634=CARTESIAN_POINT('',(2.628999989651,1.770863352413,4.700018655369));
#3635=CARTESIAN_POINT('Origin',(-0.021,-0.529136638605,1.200018669037));
#3636=CARTESIAN_POINT('',(3.651749782683,1.321145695623,1.200018669037));
#3637=CARTESIAN_POINT('',(3.651749782683,1.620581011547,1.200018669037));
#3638=CARTESIAN_POINT('Origin',(-0.021,-0.529136638605,4.700018655369));
#3639=CARTESIAN_POINT('Origin',(3.651749782683,1.770863352413,2.211667005749));
#3640=CARTESIAN_POINT('Origin',(3.651749782683,1.170863354756,2.211667005749));
#3641=CARTESIAN_POINT('Origin',(-2.670999989651,1.770863352413,1.200018669037));
#3642=CARTESIAN_POINT('',(-2.370999990823,1.770863352413,2.211667005749));
#3643=CARTESIAN_POINT('',(-2.370999990823,1.770863352413,4.700018655369));
#3644=CARTESIAN_POINT('',(-2.370999990823,1.770863352413,1.200018669037));
#3645=CARTESIAN_POINT('',(-2.670999989651,1.770863352413,2.211667005749));
#3646=CARTESIAN_POINT('',(3.651749782683,1.770863352413,2.211667005749));
#3647=CARTESIAN_POINT('',(-2.670999989651,1.770863352413,4.700018655369));
#3648=CARTESIAN_POINT('',(-2.670999989651,1.770863352413,1.200018669037));
#3649=CARTESIAN_POINT('',(-2.670999989651,1.770863352413,4.700018655369));
#3650=CARTESIAN_POINT('Origin',(-2.370999990823,1.770863352413,1.200018669037));
#3651=CARTESIAN_POINT('',(-2.370999990823,1.170863354756,2.211667005749));
#3652=CARTESIAN_POINT('',(-2.370999990823,1.170863354756,4.700018655369));
#3653=CARTESIAN_POINT('',(-2.370999990823,1.170863354756,1.200018669037));
#3654=CARTESIAN_POINT('',(-2.370999990823,1.321145695623,1.200018669037));
#3655=CARTESIAN_POINT('',(-2.370999990823,1.330855646683,1.134654662972));
#3656=CARTESIAN_POINT('',(-2.370999990823,1.620581011546,1.200018669037));
#3657=CARTESIAN_POINT('',(-2.370999990823,1.770863352413,1.200018669037));
#3658=CARTESIAN_POINT('',(-2.370999990823,1.623825790027,1.221861386777));
#3659=CARTESIAN_POINT('',(-2.370999990823,1.770863352413,4.700018655369));
#3660=CARTESIAN_POINT('Origin',(-2.670999989651,1.170863354756,1.200018669037));
#3661=CARTESIAN_POINT('',(-2.670999989651,1.170863354756,2.211667005749));
#3662=CARTESIAN_POINT('',(-2.670999989651,1.170863354756,4.700018655369));
#3663=CARTESIAN_POINT('',(-2.670999989651,1.170863354756,1.200018669037));
#3664=CARTESIAN_POINT('',(3.651749782683,1.170863354756,2.211667005749));
#3665=CARTESIAN_POINT('',(-2.670999989651,1.170863354756,4.700018655369));
#3666=CARTESIAN_POINT('Origin',(-2.670999989651,1.770863352413,1.200018669037));
#3667=CARTESIAN_POINT('',(-2.670999989651,1.321145695623,1.200018669037));
#3668=CARTESIAN_POINT('',(-2.670999989651,1.620581011546,1.200018669037));
#3669=CARTESIAN_POINT('',(-2.670999989651,1.770863352413,1.200018669037));
#3670=CARTESIAN_POINT('',(-2.670999989651,1.170863354756,2.211667005749));
#3671=CARTESIAN_POINT('',(-2.670999989651,1.770863352413,4.700018655369));
#3672=CARTESIAN_POINT('',(-2.670999989651,1.770863352413,2.211667005749));
#3673=CARTESIAN_POINT('Origin',(-0.021,-0.529136638605,1.200018669037));
#3674=CARTESIAN_POINT('',(-0.021,1.321145695623,1.200018669037));
#3675=CARTESIAN_POINT('',(-0.021,1.620581011546,1.200018669037));
#3676=CARTESIAN_POINT('Origin',(-0.021,-0.529136638605,4.700018655369));
#3677=CARTESIAN_POINT('Origin',(3.651749782683,1.770863352413,2.211667005749));
#3678=CARTESIAN_POINT('Origin',(3.651749782683,1.170863354756,2.211667005749));
#3679=CARTESIAN_POINT('Origin',(2.628999989651,-0.229136639776,1.200018669037));
#3680=CARTESIAN_POINT('',(2.628999989651,-0.379418980643,1.200018669037));
#3681=CARTESIAN_POINT('',(2.628999989651,-0.678854296567,1.200018669037));
#3682=CARTESIAN_POINT('',(2.628999989651,-0.229136639776,1.200018669037));
#3683=CARTESIAN_POINT('',(2.628999989651,-0.229136639776,2.211667005749));
#3684=CARTESIAN_POINT('',(2.628999989651,-0.229136639776,2.211667005749));
#3685=CARTESIAN_POINT('',(2.628999989651,-0.229136639776,4.700018655369));
#3686=CARTESIAN_POINT('',(2.628999989651,-0.229136639776,1.200018669037));
#3687=CARTESIAN_POINT('',(2.628999989651,-0.829136637433,4.700018655369));
#3688=CARTESIAN_POINT('',(2.628999989651,-0.229136639776,4.700018655369));
#3689=CARTESIAN_POINT('',(2.628999989651,-0.829136637433,2.211667005749));
#3690=CARTESIAN_POINT('',(2.628999989651,-0.829136637433,1.200018669037));
#3691=CARTESIAN_POINT('',(2.628999989651,-0.829136637433,2.211667005749));
#3692=CARTESIAN_POINT('Origin',(2.628999989651,-0.829136637433,1.200018669037));
#3693=CARTESIAN_POINT('',(2.328999990823,-0.829136637433,2.211667005749));
#3694=CARTESIAN_POINT('',(2.328999990823,-0.829136637433,4.700018655369));
#3695=CARTESIAN_POINT('',(2.328999990823,-0.829136637433,1.200018669037));
#3696=CARTESIAN_POINT('',(3.651749782683,-0.829136637433,2.211667005749));
#3697=CARTESIAN_POINT('',(2.628999989651,-0.829136637433,4.700018655369));
#3698=CARTESIAN_POINT('Origin',(2.328999990823,-0.229136639776,1.200018669037));
#3699=CARTESIAN_POINT('',(2.328999990823,-0.229136639776,2.211667005749));
#3700=CARTESIAN_POINT('',(2.328999990823,-0.229136639776,4.700018655369));
#3701=CARTESIAN_POINT('',(2.328999990823,-0.229136639776,1.200018669037));
#3702=CARTESIAN_POINT('',(2.328999990823,-0.379418980643,1.200018669037));
#3703=CARTESIAN_POINT('',(2.328999990823,-0.376174202162,1.221861386777));
#3704=CARTESIAN_POINT('',(2.328999990823,-0.678854296567,1.200018669037));
#3705=CARTESIAN_POINT('',(2.328999990823,-0.229136639776,1.200018669037));
#3706=CARTESIAN_POINT('',(2.328999990823,-0.669144345506,1.134654662972));
#3707=CARTESIAN_POINT('',(2.328999990823,-0.229136639776,4.700018655369));
#3708=CARTESIAN_POINT('Origin',(2.628999989651,-0.229136639776,1.200018669037));
#3709=CARTESIAN_POINT('',(3.651749782683,-0.229136639776,2.211667005749));
#3710=CARTESIAN_POINT('',(2.628999989651,-0.229136639776,4.700018655369));
#3711=CARTESIAN_POINT('Origin',(-0.021,-0.529136638605,1.200018669037));
#3712=CARTESIAN_POINT('',(3.651749782683,-0.379418980643,1.200018669037));
#3713=CARTESIAN_POINT('',(3.651749782683,-0.678854296567,1.200018669037));
#3714=CARTESIAN_POINT('Origin',(-0.021,-0.529136638605,4.700018655369));
#3715=CARTESIAN_POINT('Origin',(3.651749782683,-0.829136637433,2.211667005749));
#3716=CARTESIAN_POINT('Origin',(3.651749782683,-0.229136639776,2.211667005749));
#3717=CARTESIAN_POINT('Origin',(2.628999989651,-2.229136631966,1.200018669037));
#3718=CARTESIAN_POINT('',(2.628999989651,-2.379418972832,1.200018669037));
#3719=CARTESIAN_POINT('',(2.628999989651,-2.678854288756,1.200018669037));
#3720=CARTESIAN_POINT('',(2.628999989651,-2.229136631966,1.200018669037));
#3721=CARTESIAN_POINT('',(2.628999989651,-2.229136631966,2.211667005749));
#3722=CARTESIAN_POINT('',(2.628999989651,-2.229136631966,2.211667005749));
#3723=CARTESIAN_POINT('',(2.628999989651,-2.229136631966,4.700018655369));
#3724=CARTESIAN_POINT('',(2.628999989651,-2.229136631966,1.200018669037));
#3725=CARTESIAN_POINT('',(2.628999989651,-2.829136629623,4.700018655369));
#3726=CARTESIAN_POINT('',(2.628999989651,-2.229136631966,4.700018655369));
#3727=CARTESIAN_POINT('',(2.628999989651,-2.829136629623,2.211667005749));
#3728=CARTESIAN_POINT('',(2.628999989651,-2.829136629623,1.200018669037));
#3729=CARTESIAN_POINT('',(2.628999989651,-2.829136629623,2.211667005749));
#3730=CARTESIAN_POINT('Origin',(2.628999989651,-2.829136629623,1.200018669037));
#3731=CARTESIAN_POINT('',(2.328999990823,-2.829136629623,2.211667005749));
#3732=CARTESIAN_POINT('',(2.328999990823,-2.829136629623,4.700018655369));
#3733=CARTESIAN_POINT('',(2.328999990823,-2.829136629623,1.200018669037));
#3734=CARTESIAN_POINT('',(3.651749782683,-2.829136629623,2.211667005749));
#3735=CARTESIAN_POINT('',(2.628999989651,-2.829136629623,4.700018655369));
#3736=CARTESIAN_POINT('Origin',(2.328999990823,-2.229136631966,1.200018669037));
#3737=CARTESIAN_POINT('',(2.328999990823,-2.229136631966,2.211667005749));
#3738=CARTESIAN_POINT('',(2.328999990823,-2.229136631966,4.700018655369));
#3739=CARTESIAN_POINT('',(2.328999990823,-2.229136631966,1.200018669037));
#3740=CARTESIAN_POINT('',(2.328999990823,-2.379418972832,1.200018669037));
#3741=CARTESIAN_POINT('',(2.328999990823,-2.376174194352,1.221861386777));
#3742=CARTESIAN_POINT('',(2.328999990823,-2.678854288756,1.200018669037));
#3743=CARTESIAN_POINT('',(2.328999990823,-2.229136631966,1.200018669037));
#3744=CARTESIAN_POINT('',(2.328999990823,-2.669144337696,1.134654662972));
#3745=CARTESIAN_POINT('',(2.328999990823,-2.229136631966,4.700018655369));
#3746=CARTESIAN_POINT('Origin',(2.628999989651,-2.229136631966,1.200018669037));
#3747=CARTESIAN_POINT('',(3.651749782683,-2.229136631966,2.211667005749));
#3748=CARTESIAN_POINT('',(2.628999989651,-2.229136631966,4.700018655369));
#3749=CARTESIAN_POINT('Origin',(-0.021,-0.529136638605,1.200018669037));
#3750=CARTESIAN_POINT('',(3.651749782683,-2.379418972832,1.200018669037));
#3751=CARTESIAN_POINT('',(3.651749782683,-2.678854288756,1.200018669037));
#3752=CARTESIAN_POINT('Origin',(-0.021,-0.529136638605,4.700018655369));
#3753=CARTESIAN_POINT('Origin',(3.651749782683,-2.829136629623,2.211667005749));
#3754=CARTESIAN_POINT('Origin',(3.651749782683,-2.229136631966,2.211667005749));
#3755=CARTESIAN_POINT('Origin',(-2.670999989651,-2.229136631966,1.200018669037));
#3756=CARTESIAN_POINT('',(-2.370999990823,-2.229136631966,2.211667005749));
#3757=CARTESIAN_POINT('',(-2.370999990823,-2.229136631966,4.700018655369));
#3758=CARTESIAN_POINT('',(-2.370999990823,-2.229136631966,1.200018669037));
#3759=CARTESIAN_POINT('',(-2.670999989651,-2.229136631966,2.211667005749));
#3760=CARTESIAN_POINT('',(3.651749782683,-2.229136631966,2.211667005749));
#3761=CARTESIAN_POINT('',(-2.670999989651,-2.229136631966,4.700018655369));
#3762=CARTESIAN_POINT('',(-2.670999989651,-2.229136631966,1.200018669037));
#3763=CARTESIAN_POINT('',(-2.670999989651,-2.229136631966,4.700018655369));
#3764=CARTESIAN_POINT('Origin',(-2.370999990823,-2.229136631966,1.200018669037));
#3765=CARTESIAN_POINT('',(-2.370999990823,-2.379418972832,1.200018669037));
#3766=CARTESIAN_POINT('',(-2.370999990823,-2.678854288756,1.200018669037));
#3767=CARTESIAN_POINT('',(-2.370999990823,-2.229136631966,1.200018669037));
#3768=CARTESIAN_POINT('',(-2.370999990823,-2.376174194352,1.221861386777));
#3769=CARTESIAN_POINT('',(-2.370999990823,-2.829136629623,4.700018655369));
#3770=CARTESIAN_POINT('',(-2.370999990823,-2.229136631966,4.700018655369));
#3771=CARTESIAN_POINT('',(-2.370999990823,-2.829136629623,2.211667005749));
#3772=CARTESIAN_POINT('',(-2.370999990823,-2.829136629623,1.200018669037));
#3773=CARTESIAN_POINT('',(-2.370999990823,-2.669144337696,1.134654662972));
#3774=CARTESIAN_POINT('Origin',(-2.670999989651,-2.829136629623,1.200018669037));
#3775=CARTESIAN_POINT('',(-2.670999989651,-2.829136629623,2.211667005749));
#3776=CARTESIAN_POINT('',(-2.670999989651,-2.829136629623,4.700018655369));
#3777=CARTESIAN_POINT('',(-2.670999989651,-2.829136629623,1.200018669037));
#3778=CARTESIAN_POINT('',(3.651749782683,-2.829136629623,2.211667005749));
#3779=CARTESIAN_POINT('',(-2.670999989651,-2.829136629623,4.700018655369));
#3780=CARTESIAN_POINT('Origin',(-2.670999989651,-2.229136631966,1.200018669037));
#3781=CARTESIAN_POINT('',(-2.670999989651,-2.379418972832,1.200018669037));
#3782=CARTESIAN_POINT('',(-2.670999989651,-2.229136631966,2.211667005749));
#3783=CARTESIAN_POINT('',(-2.670999989651,-2.678854288756,1.200018669037));
#3784=CARTESIAN_POINT('',(-2.670999989651,-2.229136631966,1.200018669037));
#3785=CARTESIAN_POINT('',(-2.670999989651,-2.829136629623,2.211667005749));
#3786=CARTESIAN_POINT('',(-2.670999989651,-2.229136631966,4.700018655369));
#3787=CARTESIAN_POINT('Origin',(-0.021,-0.529136638605,1.200018669037));
#3788=CARTESIAN_POINT('',(-0.02099999999999,-2.379418972832,1.200018669037));
#3789=CARTESIAN_POINT('',(-0.02099999999999,-2.678854288756,1.200018669037));
#3790=CARTESIAN_POINT('Origin',(-0.021,-0.529136638605,4.700018655369));
#3791=CARTESIAN_POINT('Origin',(3.651749782683,-2.829136629623,2.211667005749));
#3792=CARTESIAN_POINT('Origin',(3.651749782683,-2.229136631966,2.211667005749));
#3793=CARTESIAN_POINT('Origin',(-2.670999989651,-0.229136639776,1.200018669037));
#3794=CARTESIAN_POINT('',(-2.370999990823,-0.229136639776,2.211667005749));
#3795=CARTESIAN_POINT('',(-2.370999990823,-0.229136639776,4.700018655369));
#3796=CARTESIAN_POINT('',(-2.370999990823,-0.229136639776,1.200018669037));
#3797=CARTESIAN_POINT('',(-2.670999989651,-0.229136639776,2.211667005749));
#3798=CARTESIAN_POINT('',(3.651749782683,-0.229136639776,2.211667005749));
#3799=CARTESIAN_POINT('',(-2.670999989651,-0.229136639776,4.700018655369));
#3800=CARTESIAN_POINT('',(-2.670999989651,-0.229136639776,1.200018669037));
#3801=CARTESIAN_POINT('',(-2.670999989651,-0.229136639776,4.700018655369));
#3802=CARTESIAN_POINT('Origin',(-2.370999990823,-0.229136639776,1.200018669037));
#3803=CARTESIAN_POINT('',(-2.370999990823,-0.379418980643,1.200018669037));
#3804=CARTESIAN_POINT('',(-2.370999990823,-0.678854296567,1.200018669037));
#3805=CARTESIAN_POINT('',(-2.370999990823,-0.229136639776,1.200018669037));
#3806=CARTESIAN_POINT('',(-2.370999990823,-0.376174202162,1.221861386777));
#3807=CARTESIAN_POINT('',(-2.370999990823,-0.829136637433,4.700018655369));
#3808=CARTESIAN_POINT('',(-2.370999990823,-0.229136639776,4.700018655369));
#3809=CARTESIAN_POINT('',(-2.370999990823,-0.829136637433,2.211667005749));
#3810=CARTESIAN_POINT('',(-2.370999990823,-0.829136637433,1.200018669037));
#3811=CARTESIAN_POINT('',(-2.370999990823,-0.669144345506,1.134654662972));
#3812=CARTESIAN_POINT('Origin',(-2.670999989651,-0.829136637433,1.200018669037));
#3813=CARTESIAN_POINT('',(-2.670999989651,-0.829136637433,2.211667005749));
#3814=CARTESIAN_POINT('',(-2.670999989651,-0.829136637433,4.700018655369));
#3815=CARTESIAN_POINT('',(-2.670999989651,-0.829136637433,1.200018669037));
#3816=CARTESIAN_POINT('',(3.651749782683,-0.829136637433,2.211667005749));
#3817=CARTESIAN_POINT('',(-2.670999989651,-0.829136637433,4.700018655369));
#3818=CARTESIAN_POINT('Origin',(-2.670999989651,-0.229136639776,1.200018669037));
#3819=CARTESIAN_POINT('',(-2.670999989651,-0.379418980643,1.200018669037));
#3820=CARTESIAN_POINT('',(-2.670999989651,-0.229136639776,2.211667005749));
#3821=CARTESIAN_POINT('',(-2.670999989651,-0.678854296567,1.200018669037));
#3822=CARTESIAN_POINT('',(-2.670999989651,-0.229136639776,1.200018669037));
#3823=CARTESIAN_POINT('',(-2.670999989651,-0.829136637433,2.211667005749));
#3824=CARTESIAN_POINT('',(-2.670999989651,-0.229136639776,4.700018655369));
#3825=CARTESIAN_POINT('Origin',(-0.021,-0.529136638605,1.200018669037));
#3826=CARTESIAN_POINT('',(-0.021,-0.379418980643,1.200018669037));
#3827=CARTESIAN_POINT('',(-0.021,-0.678854296567,1.200018669037));
#3828=CARTESIAN_POINT('Origin',(-0.021,-0.529136638605,4.700018655369));
#3829=CARTESIAN_POINT('Origin',(3.651749782683,-0.829136637433,2.211667005749));
#3830=CARTESIAN_POINT('Origin',(3.651749782683,-0.229136639776,2.211667005749));
#3831=CARTESIAN_POINT('Origin',(3.278999987113,2.770863348508,11.900018627251));
#3832=CARTESIAN_POINT('',(3.478999986331,2.770863348508,8.2000186417));
#3833=CARTESIAN_POINT('',(3.278999987113,2.970863347727,8.2000186417));
#3834=CARTESIAN_POINT('Origin',(3.278999987113,2.770863348508,8.2000186417));
#3835=CARTESIAN_POINT('',(3.278999987113,2.970863347727,11.900018627251));
#3836=CARTESIAN_POINT('',(3.278999987113,2.970863347727,11.900018627251));
#3837=CARTESIAN_POINT('',(3.478999986331,2.770863348508,11.900018627251));
#3838=CARTESIAN_POINT('Origin',(3.278999987113,2.770863348508,11.900018627251));
#3839=CARTESIAN_POINT('',(3.478999986331,2.770863348508,11.900018627251));
#3840=CARTESIAN_POINT('Origin',(3.278999987113,2.970863347727,11.900018627251));
#3841=CARTESIAN_POINT('',(1.77899999297,2.970863347727,8.2000186417));
#3842=CARTESIAN_POINT('',(3.278999987113,2.970863347727,8.2000186417));
#3843=CARTESIAN_POINT('',(1.77899999297,2.970863347727,5.100018653807));
#3844=CARTESIAN_POINT('',(1.77899999297,2.970863347727,5.100018653807));
#3845=CARTESIAN_POINT('',(-1.82099999297,2.970863347727,5.100018653807));
#3846=CARTESIAN_POINT('',(-1.82099999297,2.970863347727,5.100018653807));
#3847=CARTESIAN_POINT('',(-1.82099999297,2.970863347727,8.2000186417));
#3848=CARTESIAN_POINT('',(-1.82099999297,2.970863347727,8.2000186417));
#3849=CARTESIAN_POINT('',(-3.320999987113,2.970863347727,8.2000186417));
#3850=CARTESIAN_POINT('',(3.278999987113,2.970863347727,8.2000186417));
#3851=CARTESIAN_POINT('',(-3.320999987113,2.970863347727,11.900018627251));
#3852=CARTESIAN_POINT('',(-3.320999987113,2.970863347727,11.900018627251));
#3853=CARTESIAN_POINT('',(3.278999987113,2.970863347727,11.900018627251));
#3854=CARTESIAN_POINT('',(-0.270999999024,2.970863347727,8.2000186417));
#3855=CARTESIAN_POINT('',(-0.770999997071,2.970863347727,8.2000186417));
#3856=CARTESIAN_POINT('',(3.278999987113,2.970863347727,8.2000186417));
#3857=CARTESIAN_POINT('',(-0.770999997071,2.970863347727,6.200018649511));
#3858=CARTESIAN_POINT('',(-0.770999997071,2.970863347727,6.200018649511));
#3859=CARTESIAN_POINT('',(-0.270999999024,2.970863347727,6.200018649511));
#3860=CARTESIAN_POINT('',(-0.270999999024,2.970863347727,6.200018649511));
#3861=CARTESIAN_POINT('',(-0.270999999024,2.970863347727,8.2000186417));
#3862=CARTESIAN_POINT('',(0.728999997071,2.970863347727,8.2000186417));
#3863=CARTESIAN_POINT('',(0.228999999024,2.970863347727,8.2000186417));
#3864=CARTESIAN_POINT('',(3.278999987113,2.970863347727,8.2000186417));
#3865=CARTESIAN_POINT('',(0.228999999024,2.970863347727,6.200018649511));
#3866=CARTESIAN_POINT('',(0.228999999024,2.970863347727,6.200018649511));
#3867=CARTESIAN_POINT('',(0.728999997071,2.970863347727,6.200018649511));
#3868=CARTESIAN_POINT('',(0.728999997071,2.970863347727,6.200018649511));
#3869=CARTESIAN_POINT('',(0.728999997071,2.970863347727,8.2000186417));
#3870=CARTESIAN_POINT('Origin',(-3.320999987113,2.770863348508,11.900018627251));
#3871=CARTESIAN_POINT('',(-3.520999986331,2.770863348508,8.2000186417));
#3872=CARTESIAN_POINT('Origin',(-3.320999987113,2.770863348508,8.2000186417));
#3873=CARTESIAN_POINT('',(-3.520999986331,2.770863348508,11.900018627251));
#3874=CARTESIAN_POINT('',(-3.520999986331,2.770863348508,11.900018627251));
#3875=CARTESIAN_POINT('Origin',(-3.320999987113,2.770863348508,11.900018627251));
#3876=CARTESIAN_POINT('Origin',(-3.520999986331,2.770863348508,11.900018627251));
#3877=CARTESIAN_POINT('',(-3.520999986331,-3.829136625717,8.2000186417));
#3878=CARTESIAN_POINT('',(-3.520999986331,2.770863348508,8.2000186417));
#3879=CARTESIAN_POINT('',(-3.520999986331,-3.829136625717,11.900018627251));
#3880=CARTESIAN_POINT('',(-3.520999986331,-3.829136625717,11.900018627251));
#3881=CARTESIAN_POINT('',(-3.520999986331,2.770863348508,11.900018627251));
#3882=CARTESIAN_POINT('Origin',(-3.320999987113,-3.829136625717,11.900018627251));
#3883=CARTESIAN_POINT('',(-3.320999987113,-4.029136624936,8.2000186417));
#3884=CARTESIAN_POINT('Origin',(-3.320999987113,-3.829136625717,8.2000186417));
#3885=CARTESIAN_POINT('',(-3.320999987113,-4.029136624936,11.900018627251));
#3886=CARTESIAN_POINT('',(-3.320999987113,-4.029136624936,11.900018627251));
#3887=CARTESIAN_POINT('Origin',(-3.320999987113,-3.829136625717,11.900018627251));
#3888=CARTESIAN_POINT('Origin',(-3.320999987113,-4.029136624936,11.900018627251));
#3889=CARTESIAN_POINT('',(-1.82099999297,-4.029136624936,8.2000186417));
#3890=CARTESIAN_POINT('',(-3.320999987113,-4.029136624936,8.2000186417));
#3891=CARTESIAN_POINT('',(-1.82099999297,-4.029136624936,5.100018653807));
#3892=CARTESIAN_POINT('',(-1.82099999297,-4.029136624936,5.100018653807));
#3893=CARTESIAN_POINT('',(1.77899999297,-4.029136624936,5.100018653807));
#3894=CARTESIAN_POINT('',(1.77899999297,-4.029136624936,5.100018653807));
#3895=CARTESIAN_POINT('',(1.77899999297,-4.029136624936,8.2000186417));
#3896=CARTESIAN_POINT('',(1.77899999297,-4.029136624936,5.100018653807));
#3897=CARTESIAN_POINT('',(3.278999987113,-4.029136624936,8.2000186417));
#3898=CARTESIAN_POINT('',(-3.320999987113,-4.029136624936,8.2000186417));
#3899=CARTESIAN_POINT('',(3.278999987113,-4.029136624936,11.900018627251));
#3900=CARTESIAN_POINT('',(3.278999987113,-4.029136624936,11.900018627251));
#3901=CARTESIAN_POINT('',(-3.320999987113,-4.029136624936,11.900018627251));
#3902=CARTESIAN_POINT('',(-0.770999997071,-4.029136624936,8.2000186417));
#3903=CARTESIAN_POINT('',(0.728999997071,-4.029136624936,8.2000186417));
#3904=CARTESIAN_POINT('',(-3.320999987113,-4.029136624936,8.2000186417));
#3905=CARTESIAN_POINT('',(0.728999997071,-4.029136624936,6.200018649511));
#3906=CARTESIAN_POINT('',(0.728999997071,-4.029136624936,6.200018649511));
#3907=CARTESIAN_POINT('',(-0.770999997071,-4.029136624936,6.200018649511));
#3908=CARTESIAN_POINT('',(-0.770999997071,-4.029136624936,6.200018649511));
#3909=CARTESIAN_POINT('',(-0.770999997071,-4.029136624936,8.2000186417));
#3910=CARTESIAN_POINT('Origin',(3.278999987113,-3.829136625717,11.900018627251));
#3911=CARTESIAN_POINT('',(3.478999986331,-3.829136625717,8.2000186417));
#3912=CARTESIAN_POINT('Origin',(3.278999987113,-3.829136625717,8.2000186417));
#3913=CARTESIAN_POINT('',(3.478999986331,-3.829136625717,11.900018627251));
#3914=CARTESIAN_POINT('',(3.478999986331,-3.829136625717,11.900018627251));
#3915=CARTESIAN_POINT('Origin',(3.278999987113,-3.829136625717,11.900018627251));
#3916=CARTESIAN_POINT('Origin',(3.478999986331,-3.829136625717,11.900018627251));
#3917=CARTESIAN_POINT('',(3.478999986331,-3.829136625717,8.2000186417));
#3918=CARTESIAN_POINT('',(3.478999986331,-3.829136625717,11.900018627251));
#3919=CARTESIAN_POINT('Origin',(3.278999987113,2.770863348508,11.900018627251));
#3920=CARTESIAN_POINT('Origin',(3.278999987113,2.770863348508,8.2000186417));
#3921=CARTESIAN_POINT('',(1.77899999297,-3.529136626889,8.2000186417));
#3922=CARTESIAN_POINT('',(1.77899999297,1.221652762646,8.2000186417));
#3923=CARTESIAN_POINT('',(0.728999997071,-3.529136626889,8.2000186417));
#3924=CARTESIAN_POINT('',(1.77899999297,-3.529136626889,8.2000186417));
#3925=CARTESIAN_POINT('',(0.728999997071,1.221652762646,8.2000186417));
#3926=CARTESIAN_POINT('',(-0.770999997071,-3.529136626889,8.2000186417));
#3927=CARTESIAN_POINT('',(-0.770999997071,1.221652762646,8.2000186417));
#3928=CARTESIAN_POINT('',(-1.82099999297,-3.529136626889,8.2000186417));
#3929=CARTESIAN_POINT('',(-0.770999997071,-3.529136626889,8.2000186417));
#3930=CARTESIAN_POINT('',(-1.82099999297,1.221652762646,8.2000186417));
#3931=CARTESIAN_POINT('',(-1.82099999297,2.470863349679,8.2000186417));
#3932=CARTESIAN_POINT('',(-1.82099999297,-2.279926039855,8.2000186417));
#3933=CARTESIAN_POINT('',(-0.770999997071,2.470863349679,8.2000186417));
#3934=CARTESIAN_POINT('',(-1.82099999297,2.470863349679,8.2000186417));
#3935=CARTESIAN_POINT('',(-0.770999997071,-2.279926039855,8.2000186417));
#3936=CARTESIAN_POINT('',(-0.270999999024,2.470863349679,8.2000186417));
#3937=CARTESIAN_POINT('',(-0.270999999024,-2.279926039855,8.2000186417));
#3938=CARTESIAN_POINT('',(0.228999999024,2.470863349679,8.2000186417));
#3939=CARTESIAN_POINT('',(-0.270999999024,2.470863349679,8.2000186417));
#3940=CARTESIAN_POINT('',(0.228999999024,-2.279926039855,8.2000186417));
#3941=CARTESIAN_POINT('',(0.728999997071,2.470863349679,8.2000186417));
#3942=CARTESIAN_POINT('',(0.728999997071,-2.279926039855,8.2000186417));
#3943=CARTESIAN_POINT('',(1.77899999297,2.470863349679,8.2000186417));
#3944=CARTESIAN_POINT('',(0.728999997071,2.470863349679,8.2000186417));
#3945=CARTESIAN_POINT('',(1.77899999297,-2.279926039855,8.2000186417));
#3946=CARTESIAN_POINT('Origin',(1.77899999297,-2.279926039855,5.100018653807));
#3947=CARTESIAN_POINT('',(1.77899999297,2.470863349679,5.100018653807));
#3948=CARTESIAN_POINT('',(1.77899999297,2.470863349679,5.100018653807));
#3949=CARTESIAN_POINT('',(1.77899999297,-2.279926039855,5.100018653807));
#3950=CARTESIAN_POINT('Origin',(-1.82099999297,-2.279926039855,5.100018653807));
#3951=CARTESIAN_POINT('',(-1.82099999297,2.470863349679,5.100018653807));
#3952=CARTESIAN_POINT('',(-1.82099999297,2.470863349679,5.100018653807));
#3953=CARTESIAN_POINT('',(-1.82099999297,-2.279926039855,5.100018653807));
#3954=CARTESIAN_POINT('Origin',(-1.82099999297,-2.279926039855,8.2000186417));
#3955=CARTESIAN_POINT('',(-1.82099999297,2.470863349679,8.2000186417));
#3956=CARTESIAN_POINT('Origin',(-0.770999997071,-2.279926039855,6.200018649511));
#3957=CARTESIAN_POINT('',(-0.770999997071,2.470863349679,6.200018649511));
#3958=CARTESIAN_POINT('',(-0.770999997071,2.470863349679,6.200018649511));
#3959=CARTESIAN_POINT('',(-0.770999997071,-2.279926039855,6.200018649511));
#3960=CARTESIAN_POINT('Origin',(-0.270999999024,-2.279926039855,6.200018649511));
#3961=CARTESIAN_POINT('',(-0.270999999024,2.470863349679,6.200018649511));
#3962=CARTESIAN_POINT('',(-0.270999999024,2.470863349679,6.200018649511));
#3963=CARTESIAN_POINT('',(-0.270999999024,-2.279926039855,6.200018649511));
#3964=CARTESIAN_POINT('Origin',(-0.270999999024,-2.279926039855,8.2000186417));
#3965=CARTESIAN_POINT('',(-0.270999999024,2.470863349679,8.2000186417));
#3966=CARTESIAN_POINT('Origin',(0.228999999024,-2.279926039855,6.200018649511));
#3967=CARTESIAN_POINT('',(0.228999999024,2.470863349679,6.200018649511));
#3968=CARTESIAN_POINT('',(0.228999999024,2.470863349679,6.200018649511));
#3969=CARTESIAN_POINT('',(0.228999999024,-2.279926039855,6.200018649511));
#3970=CARTESIAN_POINT('Origin',(0.728999997071,-2.279926039855,6.200018649511));
#3971=CARTESIAN_POINT('',(0.728999997071,2.470863349679,6.200018649511));
#3972=CARTESIAN_POINT('',(0.728999997071,2.470863349679,6.200018649511));
#3973=CARTESIAN_POINT('',(0.728999997071,-2.279926039855,6.200018649511));
#3974=CARTESIAN_POINT('Origin',(0.728999997071,-2.279926039855,8.2000186417));
#3975=CARTESIAN_POINT('',(0.728999997071,2.470863349679,8.2000186417));
#3976=CARTESIAN_POINT('Origin',(-1.82099999297,2.470863349679,4.700018655369));
#3977=CARTESIAN_POINT('Origin',(1.77899999297,1.221652762646,5.100018653807));
#3978=CARTESIAN_POINT('',(1.77899999297,-3.529136626889,5.100018653807));
#3979=CARTESIAN_POINT('',(1.77899999297,1.221652762646,5.100018653807));
#3980=CARTESIAN_POINT('',(1.77899999297,-3.529136626889,5.100018653807));
#3981=CARTESIAN_POINT('Origin',(0.728999997071,1.221652762646,6.200018649511));
#3982=CARTESIAN_POINT('',(0.728999997071,-3.529136626889,6.200018649511));
#3983=CARTESIAN_POINT('',(0.728999997071,-3.529136626889,6.200018649511));
#3984=CARTESIAN_POINT('',(0.728999997071,1.221652762646,6.200018649511));
#3985=CARTESIAN_POINT('Origin',(-0.770999997071,1.221652762646,6.200018649511));
#3986=CARTESIAN_POINT('',(-0.770999997071,-3.529136626889,6.200018649511));
#3987=CARTESIAN_POINT('',(-0.770999997071,-3.529136626889,6.200018649511));
#3988=CARTESIAN_POINT('',(-0.770999997071,1.221652762646,6.200018649511));
#3989=CARTESIAN_POINT('Origin',(-0.770999997071,1.221652762646,8.2000186417));
#3990=CARTESIAN_POINT('',(-0.770999997071,-3.529136626889,8.2000186417));
#3991=CARTESIAN_POINT('Origin',(-1.82099999297,1.221652762646,5.100018653807));
#3992=CARTESIAN_POINT('',(-1.82099999297,-3.529136626889,5.100018653807));
#3993=CARTESIAN_POINT('',(-1.82099999297,-3.529136626889,5.100018653807));
#3994=CARTESIAN_POINT('',(-1.82099999297,1.221652762646,5.100018653807));
#3995=CARTESIAN_POINT('Origin',(1.77899999297,1.221652762646,5.100018653807));
#3996=CARTESIAN_POINT('',(1.77899999297,-3.529136626889,5.100018653807));
#3997=CARTESIAN_POINT('Origin',(-1.82099999297,-3.529136626889,4.700018655369));
#3998=CARTESIAN_POINT('Origin',(-1.520999994142,0.47086335749,17.400018605772));
#3999=CARTESIAN_POINT('',(-1.520999994142,0.47086335749,15.566685279598));
#4000=CARTESIAN_POINT('',(-1.520999994142,0.47086335749,14.650018616511));
#4001=CARTESIAN_POINT('',(-1.520999994142,0.47086335749,17.400018605772));
#4002=CARTESIAN_POINT('',(1.478999994142,0.47086335749,15.566685279598));
#4003=CARTESIAN_POINT('',(-2.485509076791,0.47086335749,15.566685279598));
#4004=CARTESIAN_POINT('',(1.478999994142,0.47086335749,14.650018616511));
#4005=CARTESIAN_POINT('',(1.478999994142,0.47086335749,17.400018605772));
#4006=CARTESIAN_POINT('',(-1.520999994142,0.47086335749,14.650018616511));
#4007=CARTESIAN_POINT('Origin',(-1.520999994142,-1.5291366347,17.400018605772));
#4008=CARTESIAN_POINT('',(-1.520999994142,-1.5291366347,17.400018605772));
#4009=CARTESIAN_POINT('',(-1.520999994142,-1.5291366347,16.483351942685));
#4010=CARTESIAN_POINT('',(-1.520999994142,-1.5291366347,17.400018605772));
#4011=CARTESIAN_POINT('',(1.478999994142,-1.5291366347,16.483351942685));
#4012=CARTESIAN_POINT('',(-2.485509076791,-1.5291366347,16.483351942685));
#4013=CARTESIAN_POINT('',(1.478999994142,-1.5291366347,17.400018605772));
#4014=CARTESIAN_POINT('',(1.478999994142,-1.5291366347,17.400018605772));
#4015=CARTESIAN_POINT('',(0.978999996095,-1.5291366347,17.400018605772));
#4016=CARTESIAN_POINT('',(-1.520999994142,-1.5291366347,17.400018605772));
#4017=CARTESIAN_POINT('',(0.978999996095,-1.5291366347,17.100018606943));
#4018=CARTESIAN_POINT('',(0.978999996095,-1.5291366347,17.400018605772));
#4019=CARTESIAN_POINT('',(-1.020999996095,-1.5291366347,17.100018606943));
#4020=CARTESIAN_POINT('',(-1.020999996095,-1.5291366347,17.100018606943));
#4021=CARTESIAN_POINT('',(-1.020999996095,-1.5291366347,17.400018605772));
#4022=CARTESIAN_POINT('',(-1.020999996095,-1.5291366347,17.400018605772));
#4023=CARTESIAN_POINT('',(-1.520999994142,-1.5291366347,17.400018605772));
#4024=CARTESIAN_POINT('Origin',(-0.021,-0.529136638605,17.400018605772));
#4025=CARTESIAN_POINT('',(-1.020999996095,0.47086335749,17.400018605772));
#4026=CARTESIAN_POINT('',(-1.020999996095,2.493238191208,17.400018605772));
#4027=CARTESIAN_POINT('',(-1.520999994142,0.47086335749,17.400018605772));
#4028=CARTESIAN_POINT('',(-1.520999994142,0.47086335749,17.400018605772));
#4029=CARTESIAN_POINT('',(-1.520999994142,0.47086335749,17.400018605772));
#4030=CARTESIAN_POINT('Origin',(1.87899999258,1.370863353975,14.650018616511));
#4031=CARTESIAN_POINT('',(1.87899999258,-2.429136631185,11.900018627251));
#4032=CARTESIAN_POINT('',(1.87899999258,1.370863353975,11.900018627251));
#4033=CARTESIAN_POINT('',(1.87899999258,1.370863353975,11.900018627251));
#4034=CARTESIAN_POINT('',(1.87899999258,1.370863353975,14.650018616511));
#4035=CARTESIAN_POINT('',(1.87899999258,1.370863353975,14.650018616511));
#4036=CARTESIAN_POINT('',(1.87899999258,-2.429136631185,14.650018616511));
#4037=CARTESIAN_POINT('',(1.87899999258,1.370863353975,14.650018616511));
#4038=CARTESIAN_POINT('',(1.87899999258,-2.429136631185,14.650018616511));
#4039=CARTESIAN_POINT('Origin',(-1.92099999258,1.370863353975,14.650018616511));
#4040=CARTESIAN_POINT('',(-1.92099999258,1.370863353975,11.900018627251));
#4041=CARTESIAN_POINT('',(-1.92099999258,1.370863353975,11.900018627251));
#4042=CARTESIAN_POINT('',(-1.92099999258,1.370863353975,14.650018616511));
#4043=CARTESIAN_POINT('',(-1.92099999258,1.370863353975,14.650018616511));
#4044=CARTESIAN_POINT('',(-1.92099999258,1.370863353975,14.650018616511));
#4045=CARTESIAN_POINT('Origin',(-1.92099999258,1.370863353975,14.650018616511));
#4046=CARTESIAN_POINT('',(-1.92099999258,-2.429136631185,11.900018627251));
#4047=CARTESIAN_POINT('',(-1.92099999258,1.370863353975,11.900018627251));
#4048=CARTESIAN_POINT('',(-1.92099999258,-2.429136631185,14.650018616511));
#4049=CARTESIAN_POINT('',(-1.92099999258,-2.429136631185,14.650018616511));
#4050=CARTESIAN_POINT('',(-1.92099999258,1.370863353975,14.650018616511));
#4051=CARTESIAN_POINT('Origin',(-1.92099999258,-2.429136631185,14.650018616511));
#4052=CARTESIAN_POINT('',(-1.92099999258,-2.429136631185,11.900018627251));
#4053=CARTESIAN_POINT('',(-1.92099999258,-2.429136631185,14.650018616511));
#4054=CARTESIAN_POINT('Origin',(-0.021,-0.529136638605,14.650018616511));
#4055=CARTESIAN_POINT('',(1.478999994142,-1.5291366347,14.650018616511));
#4056=CARTESIAN_POINT('',(1.478999994142,0.47086335749,14.650018616511));
#4057=CARTESIAN_POINT('',(-1.520999994142,-1.5291366347,14.650018616511));
#4058=CARTESIAN_POINT('',(-1.520999994142,-1.5291366347,14.650018616511));
#4059=CARTESIAN_POINT('',(-1.520999994142,0.47086335749,14.650018616511));
#4060=CARTESIAN_POINT('Origin',(-0.021,-0.529136638605,11.900018627251));
#4061=CARTESIAN_POINT('Origin',(1.478999994142,0.47086335749,17.400018605772));
#4062=CARTESIAN_POINT('',(1.478999994142,-1.229136635871,16.483351942685));
#4063=CARTESIAN_POINT('',(1.478999994142,-1.5291366347,16.483351942685));
#4064=CARTESIAN_POINT('',(1.478999994142,-1.229136635871,15.566685279598));
#4065=CARTESIAN_POINT('',(1.478999994142,-1.229136635871,16.483351942685));
#4066=CARTESIAN_POINT('',(1.478999994142,-1.5291366347,15.566685279598));
#4067=CARTESIAN_POINT('',(1.478999994142,-1.5291366347,15.566685279598));
#4068=CARTESIAN_POINT('',(1.478999994142,-1.5291366347,17.400018605772));
#4069=CARTESIAN_POINT('',(1.478999994142,0.170863358662,15.566685279598));
#4070=CARTESIAN_POINT('',(1.478999994142,0.47086335749,15.566685279598));
#4071=CARTESIAN_POINT('',(1.478999994142,0.170863358662,16.483351942685));
#4072=CARTESIAN_POINT('',(1.478999994142,0.170863358662,16.483351942685));
#4073=CARTESIAN_POINT('',(1.478999994142,0.47086335749,16.483351942685));
#4074=CARTESIAN_POINT('',(1.478999994142,0.47086335749,16.483351942685));
#4075=CARTESIAN_POINT('',(1.478999994142,0.47086335749,17.400018605772));
#4076=CARTESIAN_POINT('',(1.478999994142,0.47086335749,17.400018605772));
#4077=CARTESIAN_POINT('',(1.478999994142,0.47086335749,17.400018605772));
#4078=CARTESIAN_POINT('Origin',(-1.520999994142,0.47086335749,17.400018605772));
#4079=CARTESIAN_POINT('',(-1.520999994142,0.47086335749,16.483351942685));
#4080=CARTESIAN_POINT('',(-2.485509076791,0.47086335749,16.483351942685));
#4081=CARTESIAN_POINT('',(-1.520999994142,0.47086335749,17.400018605772));
#4082=CARTESIAN_POINT('',(-1.020999996095,0.47086335749,17.100018606943));
#4083=CARTESIAN_POINT('',(-1.020999996095,0.47086335749,17.400018605772));
#4084=CARTESIAN_POINT('',(0.978999996095,0.47086335749,17.100018606943));
#4085=CARTESIAN_POINT('',(-1.020999996095,0.47086335749,17.100018606943));
#4086=CARTESIAN_POINT('',(0.978999996095,0.47086335749,17.400018605772));
#4087=CARTESIAN_POINT('',(0.978999996095,0.47086335749,17.400018605772));
#4088=CARTESIAN_POINT('',(-1.520999994142,0.47086335749,17.400018605772));
#4089=CARTESIAN_POINT('Origin',(-1.520999994142,0.47086335749,17.400018605772));
#4090=CARTESIAN_POINT('',(-1.520999994142,-1.229136635871,16.483351942685));
#4091=CARTESIAN_POINT('',(-1.520999994142,-1.229136635871,15.566685279598));
#4092=CARTESIAN_POINT('',(-1.520999994142,-1.229136635871,16.483351942685));
#4093=CARTESIAN_POINT('',(-1.520999994142,-1.5291366347,16.483351942685));
#4094=CARTESIAN_POINT('',(-1.520999994142,0.170863358662,16.483351942685));
#4095=CARTESIAN_POINT('',(-1.520999994142,0.47086335749,16.483351942685));
#4096=CARTESIAN_POINT('',(-1.520999994142,0.170863358662,15.566685279598));
#4097=CARTESIAN_POINT('',(-1.520999994142,0.170863358662,16.483351942685));
#4098=CARTESIAN_POINT('',(-1.520999994142,0.47086335749,15.566685279598));
#4099=CARTESIAN_POINT('',(-1.520999994142,-1.5291366347,15.566685279598));
#4100=CARTESIAN_POINT('',(-1.520999994142,-1.5291366347,17.400018605772));
#4101=CARTESIAN_POINT('',(-1.520999994142,-1.5291366347,15.566685279598));
#4102=CARTESIAN_POINT('Origin',(-1.520999994142,-1.5291366347,17.400018605772));
#4103=CARTESIAN_POINT('',(-2.485509076791,-1.5291366347,15.566685279598));
#4104=CARTESIAN_POINT('Origin',(-0.021,-0.529136638605,17.400018605772));
#4105=CARTESIAN_POINT('',(0.978999996095,2.493238191208,17.400018605772));
#4106=CARTESIAN_POINT('Origin',(-1.020999996095,2.493238191208,17.400018605772));
#4107=CARTESIAN_POINT('',(-1.020999996095,2.493238191208,17.100018606943));
#4108=CARTESIAN_POINT('Origin',(0.978999996095,2.493238191208,17.400018605772));
#4109=CARTESIAN_POINT('',(0.978999996095,2.493238191208,17.100018606943));
#4110=CARTESIAN_POINT('Origin',(-1.020999996095,2.493238191208,17.100018606943));
#4111=CARTESIAN_POINT('Origin',(-2.485509076791,-1.5291366347,16.483351942685));
#4112=CARTESIAN_POINT('',(-2.485509076791,-1.229136635871,16.483351942685));
#4113=CARTESIAN_POINT('Origin',(-2.485509076791,-1.229136635871,16.483351942685));
#4114=CARTESIAN_POINT('',(-2.485509076791,-1.229136635871,15.566685279598));
#4115=CARTESIAN_POINT('Origin',(-2.485509076791,-1.5291366347,15.566685279598));
#4116=CARTESIAN_POINT('Origin',(-2.485509076791,0.47086335749,15.566685279598));
#4117=CARTESIAN_POINT('',(-2.485509076791,0.170863358662,15.566685279598));
#4118=CARTESIAN_POINT('Origin',(-2.485509076791,0.170863358662,16.483351942685));
#4119=CARTESIAN_POINT('',(-2.485509076791,0.170863358662,16.483351942685));
#4120=CARTESIAN_POINT('Origin',(-2.485509076791,0.47086335749,16.483351942685));
#4121=CARTESIAN_POINT('',(-1.95036555552556,-3.93120639105023,-1.98084083552465));
#4122=CARTESIAN_POINT('',(-54.35610871221,21.209042418085,1.600028244856));
#4123=UNCERTAINTY_MEASURE_WITH_UNIT(LENGTH_MEASURE(0.01),#4131,
'DISTANCE_ACCURACY_VALUE',
'Maximum model space distance between geometric entities at asserted c
onnectivities');
#4124=UNCERTAINTY_MEASURE_WITH_UNIT(LENGTH_MEASURE(0.01),#4131,
'DISTANCE_ACCURACY_VALUE',
'Maximum model space distance between geometric entities at asserted c
onnectivities');
#4125=UNCERTAINTY_MEASURE_WITH_UNIT(LENGTH_MEASURE(0.01),#4131,
'DISTANCE_ACCURACY_VALUE',
'Maximum model space distance between geometric entities at asserted c
onnectivities');
#4126=UNCERTAINTY_MEASURE_WITH_UNIT(LENGTH_MEASURE(0.01),#4131,
'DISTANCE_ACCURACY_VALUE',
'Maximum model space distance between geometric entities at asserted c
onnectivities');
#4127=(
GEOMETRIC_REPRESENTATION_CONTEXT(3)
GLOBAL_UNCERTAINTY_ASSIGNED_CONTEXT((#4123))
GLOBAL_UNIT_ASSIGNED_CONTEXT((#4131,#4133,#4134))
REPRESENTATION_CONTEXT('','3D')
);
#4128=(
GEOMETRIC_REPRESENTATION_CONTEXT(3)
GLOBAL_UNCERTAINTY_ASSIGNED_CONTEXT((#4124))
GLOBAL_UNIT_ASSIGNED_CONTEXT((#4131,#4133,#4134))
REPRESENTATION_CONTEXT('','3D')
);
#4129=(
GEOMETRIC_REPRESENTATION_CONTEXT(3)
GLOBAL_UNCERTAINTY_ASSIGNED_CONTEXT((#4125))
GLOBAL_UNIT_ASSIGNED_CONTEXT((#4131,#4133,#4134))
REPRESENTATION_CONTEXT('','3D')
);
#4130=(
GEOMETRIC_REPRESENTATION_CONTEXT(3)
GLOBAL_UNCERTAINTY_ASSIGNED_CONTEXT((#4126))
GLOBAL_UNIT_ASSIGNED_CONTEXT((#4131,#4133,#4134))
REPRESENTATION_CONTEXT('','3D')
);
#4131=(
LENGTH_UNIT()
NAMED_UNIT(*)
SI_UNIT(.MILLI.,.METRE.)
);
#4132=(
LENGTH_UNIT()
NAMED_UNIT(*)
SI_UNIT($,.METRE.)
);
#4133=(
NAMED_UNIT(*)
PLANE_ANGLE_UNIT()
SI_UNIT($,.RADIAN.)
);
#4134=(
NAMED_UNIT(*)
SI_UNIT($,.STERADIAN.)
SOLID_ANGLE_UNIT()
);
#4135=SHAPE_DEFINITION_REPRESENTATION(#4138,#4143);
#4136=SHAPE_DEFINITION_REPRESENTATION(#4139,#4144);
#4137=SHAPE_DEFINITION_REPRESENTATION(#4140,#4145);
#4138=PRODUCT_DEFINITION_SHAPE('',$,#4147);
#4139=PRODUCT_DEFINITION_SHAPE('',$,#4148);
#4140=PRODUCT_DEFINITION_SHAPE('',$,#4149);
#4141=PRODUCT_DEFINITION_SHAPE($,$,#17);
#4142=PRODUCT_DEFINITION_SHAPE($,$,#18);
#4143=SHAPE_REPRESENTATION('',(#2611,#2764),#4127);
#4144=SHAPE_REPRESENTATION('',(#2612,#2763),#4128);
#4145=SHAPE_REPRESENTATION('',(#2613),#4129);
#4146=PRODUCT_DEFINITION_CONTEXT('part definition',#4157,'design');
#4147=PRODUCT_DEFINITION('ixVk-PCBModel','Push Lock Switch v1',#4150,#4146);
#4148=PRODUCT_DEFINITION('ixVk-U1-push switch self lock',
'ixVk-U1-push switch self lock',#4151,#4146);
#4149=PRODUCT_DEFINITION('COMPOUND','COMPOUND',#4152,#4146);
#4150=PRODUCT_DEFINITION_FORMATION('',$,#4159);
#4151=PRODUCT_DEFINITION_FORMATION('',$,#4160);
#4152=PRODUCT_DEFINITION_FORMATION('',$,#4161);
#4153=PRODUCT_RELATED_PRODUCT_CATEGORY('Push Lock Switch v1',
'Push Lock Switch v1',(#4159));
#4154=PRODUCT_RELATED_PRODUCT_CATEGORY('ixVk-U1-push switch self lock',
'ixVk-U1-push switch self lock',(#4160));
#4155=PRODUCT_RELATED_PRODUCT_CATEGORY('COMPOUND','COMPOUND',(#4161));
#4156=APPLICATION_PROTOCOL_DEFINITION('international standard',
'ap242_managed_model_based_3d_engineering',2011,#4157);
#4157=APPLICATION_CONTEXT('Managed model based 3d engineering');
#4158=PRODUCT_CONTEXT('part definition',#4157,'mechanical');
#4159=PRODUCT('ixVk-PCBModel','Push Lock Switch v1',
'Designed by EasyEDA Pro',(#4158));
#4160=PRODUCT('ixVk-U1-push switch self lock',
'ixVk-U1-push switch self lock',$,(#4158));
#4161=PRODUCT('COMPOUND','COMPOUND',$,(#4158));
#4162=PRESENTATION_STYLE_ASSIGNMENT((#4166));
#4163=PRESENTATION_STYLE_ASSIGNMENT((#4167));
#4164=PRESENTATION_STYLE_ASSIGNMENT((#4168));
#4165=PRESENTATION_STYLE_ASSIGNMENT((#4169));
#4166=SURFACE_STYLE_USAGE(.BOTH.,#4170);
#4167=SURFACE_STYLE_USAGE(.BOTH.,#4171);
#4168=SURFACE_STYLE_USAGE(.BOTH.,#4172);
#4169=SURFACE_STYLE_USAGE(.BOTH.,#4173);
#4170=SURFACE_SIDE_STYLE('',(#4174));
#4171=SURFACE_SIDE_STYLE('',(#4175));
#4172=SURFACE_SIDE_STYLE('',(#4176));
#4173=SURFACE_SIDE_STYLE('',(#4177));
#4174=SURFACE_STYLE_FILL_AREA(#4178);
#4175=SURFACE_STYLE_FILL_AREA(#4179);
#4176=SURFACE_STYLE_FILL_AREA(#4180);
#4177=SURFACE_STYLE_FILL_AREA(#4181);
#4178=FILL_AREA_STYLE('Steel - Satin',(#4182));
#4179=FILL_AREA_STYLE('Opaque(255,255,255)',(#4183));
#4180=FILL_AREA_STYLE('Opaque(63,63,63)',(#4184));
#4181=FILL_AREA_STYLE('Opaque(46,171,255)',(#4185));
#4182=FILL_AREA_STYLE_COLOUR('Steel - Satin',#4186);
#4183=FILL_AREA_STYLE_COLOUR('Opaque(255,255,255)',#4187);
#4184=FILL_AREA_STYLE_COLOUR('Opaque(63,63,63)',#4188);
#4185=FILL_AREA_STYLE_COLOUR('Opaque(46,171,255)',#4189);
#4186=COLOUR_RGB('Steel - Satin',0.627450980392157,0.627450980392157,0.627450980392157);
#4187=COLOUR_RGB('Opaque(255,255,255)',1.,1.,1.);
#4188=COLOUR_RGB('Opaque(63,63,63)',0.250980392156863,0.250980392156863,
0.250980392156863);
#4189=COLOUR_RGB('Opaque(46,171,255)',0.180392156862745,0.670588235294118,
1.);
ENDSEC;
END-ISO-10303-21;
